{
"type": "FeatureCollection",
"name": "Comune",
"features": [
{ "type": "Feature", "properties": { "fid": 1, "COD_RIP": 3, "COD_REG": 12, "COD_PROV": 58, "COD_CM": 258, "COD_UTS": 258, "PRO_COM": 58091, "PRO_COM_T": "058091", "COMUNE": "Roma", "COMUNE_A": null, "CC_UTS": 1, "Shape_Area": 1287241274.24, "Shape_Leng": 332693.30431099999 }, "geometry": { "type": "MultiPolygon", "coordinates": [ [ [ [ 12.2518589, 41.7368966 ], [ 12.251625, 41.7364213 ], [ 12.2516591, 41.7364147 ], [ 12.2518589, 41.7368966 ] ] ], [ [ [ 12.2490303, 41.7374606 ], [ 12.2486237, 41.7366079 ], [ 12.2486537, 41.7365951 ], [ 12.2490303, 41.7374606 ] ] ], [ [ [ 12.2436242, 41.7378678 ], [ 12.2434203, 41.7379028 ], [ 12.2437911, 41.7378023 ], [ 12.2436242, 41.7378678 ] ] ], [ [ [ 12.2518589, 41.7368966 ], [ 12.2522105, 41.7368042 ], [ 12.2521839, 41.7367225 ], [ 12.2521289, 41.7366324 ], [ 12.2519588, 41.7363132 ], [ 12.2513178, 41.7361797 ], [ 12.2507485, 41.7361195 ], [ 12.2502574, 41.7360953 ], [ 12.2494135, 41.7361948 ], [ 12.2471301, 41.7366556 ], [ 12.2470701, 41.7367288 ], [ 12.2469331, 41.7369137 ], [ 12.2467194, 41.7370913 ], [ 12.2465539, 41.7372151 ], [ 12.246405, 41.7372908 ], [ 12.2463454, 41.7372449 ], [ 12.2463625, 41.7372063 ], [ 12.2465239, 41.7371254 ], [ 12.2467078, 41.7369868 ], [ 12.2468232, 41.7368787 ], [ 12.2468925, 41.7367386 ], [ 12.2469039, 41.7365857 ], [ 12.2468033, 41.7364838 ], [ 12.2465989, 41.7363418 ], [ 12.2463925, 41.7362857 ], [ 12.2459957, 41.7362397 ], [ 12.245987, 41.7361923 ], [ 12.2461011, 41.7361843 ], [ 12.2463442, 41.7362108 ], [ 12.2465819, 41.7362565 ], [ 12.2468244, 41.7363974 ], [ 12.2469816, 41.7364882 ], [ 12.2471549, 41.7365167 ], [ 12.2472942, 41.7365042 ], [ 12.2495968, 41.7360781 ], [ 12.2498653, 41.7360262 ], [ 12.2502554, 41.7359999 ], [ 12.2506838, 41.7360045 ], [ 12.251188, 41.7360574 ], [ 12.2519088, 41.7362401 ], [ 12.2521272, 41.7362859 ], [ 12.2523526, 41.7363879 ], [ 12.2524017, 41.7363941 ], [ 12.2525246, 41.7363933 ], [ 12.2526628, 41.7364206 ], [ 12.2526634, 41.7364611 ], [ 12.2526773, 41.7364862 ], [ 12.2526852, 41.7365134 ], [ 12.2526868, 41.736545 ], [ 12.252694, 41.7365879 ], [ 12.2527054, 41.7366377 ], [ 12.2527321, 41.7366811 ], [ 12.2527668, 41.7367135 ], [ 12.2528017, 41.7367413 ], [ 12.2528312, 41.7367556 ], [ 12.2528604, 41.7367743 ], [ 12.2528931, 41.7367841 ], [ 12.2529492, 41.7368079 ], [ 12.2530115, 41.7368274 ], [ 12.2530709, 41.7368423 ], [ 12.2531334, 41.7368574 ], [ 12.2531991, 41.7368679 ], [ 12.2532648, 41.7368785 ], [ 12.2533068, 41.7368795 ], [ 12.2533491, 41.736876 ], [ 12.2533913, 41.7368725 ], [ 12.2534303, 41.7368735 ], [ 12.2534694, 41.7368744 ], [ 12.2535116, 41.7368709 ], [ 12.25356, 41.7368631 ], [ 12.2536086, 41.7368507 ], [ 12.2536543, 41.7368383 ], [ 12.2536999, 41.7368259 ], [ 12.2537487, 41.736809 ], [ 12.2537915, 41.736792 ], [ 12.2538315, 41.7367705 ], [ 12.2538713, 41.7367534 ], [ 12.2539085, 41.7367273 ], [ 12.2539457, 41.7367012 ], [ 12.25398, 41.7366705 ], [ 12.2540114, 41.7366397 ], [ 12.2540524, 41.7365957 ], [ 12.2540875, 41.736547 ], [ 12.2541166, 41.7364981 ], [ 12.2541364, 41.7364581 ], [ 12.2541563, 41.7364135 ], [ 12.2541675, 41.736362 ], [ 12.2541778, 41.7363315 ], [ 12.2542183, 41.7363339 ], [ 12.2542444, 41.7363571 ], [ 12.2542691, 41.7363757 ], [ 12.2543002, 41.7363877 ], [ 12.2543523, 41.7364002 ], [ 12.2543939, 41.7364102 ], [ 12.2544388, 41.7364158 ], [ 12.2544866, 41.7364214 ], [ 12.2545343, 41.7364316 ], [ 12.2545851, 41.7364373 ], [ 12.2546242, 41.7364382 ], [ 12.2546602, 41.7364391 ], [ 12.2546964, 41.7364354 ], [ 12.2547417, 41.736432 ], [ 12.2547841, 41.736424 ], [ 12.2548401, 41.7364141 ], [ 12.2548965, 41.7363974 ], [ 12.2549276, 41.7363712 ], [ 12.2549588, 41.7363449 ], [ 12.2550005, 41.7363189 ], [ 12.2550633, 41.7362911 ], [ 12.2551239, 41.7362791 ], [ 12.2551816, 41.7362669 ], [ 12.2552486, 41.736246 ], [ 12.2553158, 41.7362206 ], [ 12.2553828, 41.7361997 ], [ 12.2554433, 41.7361921 ], [ 12.2555039, 41.7361801 ], [ 12.2555576, 41.7361543 ], [ 12.2555775, 41.7361278 ], [ 12.2555889, 41.736089 ], [ 12.2555856, 41.7360604 ], [ 12.2555872, 41.7360245 ], [ 12.2556106, 41.7360025 ], [ 12.2556543, 41.7360013 ], [ 12.2556851, 41.7360178 ], [ 12.255698, 41.7360451 ], [ 12.2557222, 41.736066 ], [ 12.2557695, 41.7360828 ], [ 12.2558206, 41.7360841 ], [ 12.2558716, 41.7360853 ], [ 12.2559137, 41.7360863 ], [ 12.2559557, 41.7360873 ], [ 12.2559949, 41.7360837 ], [ 12.2560404, 41.7360758 ], [ 12.2560828, 41.7360678 ], [ 12.2561254, 41.7360553 ], [ 12.2561832, 41.7360387 ], [ 12.2562412, 41.7360176 ], [ 12.256296, 41.7360009 ], [ 12.2563571, 41.7359798 ], [ 12.2564119, 41.7359631 ], [ 12.2564699, 41.735942 ], [ 12.2565099, 41.7359204 ], [ 12.2565529, 41.7358989 ], [ 12.2566067, 41.735871 ], [ 12.2566619, 41.7358453 ], [ 12.2567247, 41.7358175 ], [ 12.2567739, 41.7357916 ], [ 12.2568231, 41.7357658 ], [ 12.2568479, 41.7357484 ], [ 12.256882, 41.7357222 ], [ 12.2569091, 41.7356868 ], [ 12.2569238, 41.7356601 ], [ 12.2569341, 41.7356289 ], [ 12.2569443, 41.7356021 ], [ 12.2569544, 41.7355753 ], [ 12.256959, 41.7355394 ], [ 12.2569573, 41.7355078 ], [ 12.2569546, 41.735465 ], [ 12.2569544, 41.7354335 ], [ 12.2569943, 41.7354157 ], [ 12.2570405, 41.7354254 ], [ 12.257072, 41.735461 ], [ 12.2571216, 41.735496 ], [ 12.2571761, 41.7355221 ], [ 12.2572206, 41.7355366 ], [ 12.2572561, 41.7355488 ], [ 12.2572919, 41.7355564 ], [ 12.2573277, 41.7355617 ], [ 12.2573636, 41.7355671 ], [ 12.2573996, 41.7355679 ], [ 12.2574386, 41.7355689 ], [ 12.2574777, 41.7355698 ], [ 12.2575335, 41.7355644 ], [ 12.2575985, 41.7355569 ], [ 12.2576618, 41.7355517 ], [ 12.2577044, 41.7355392 ], [ 12.257747, 41.7355267 ], [ 12.2577776, 41.7355139 ], [ 12.2578082, 41.7355011 ], [ 12.257833, 41.7354837 ], [ 12.2578578, 41.7354663 ], [ 12.2578826, 41.7354489 ], [ 12.2579074, 41.7354315 ], [ 12.2579564, 41.7354101 ], [ 12.258008, 41.7353978 ], [ 12.2580648, 41.7353699 ], [ 12.2581017, 41.7353325 ], [ 12.2581216, 41.735306 ], [ 12.2581672, 41.7352958 ], [ 12.2582224, 41.7353039 ], [ 12.2582703, 41.7353096 ], [ 12.2583081, 41.7353037 ], [ 12.258351, 41.7352845 ], [ 12.2583959, 41.735254 ], [ 12.2584265, 41.7352412 ], [ 12.2584631, 41.7352286 ], [ 12.2585057, 41.7352161 ], [ 12.2585483, 41.7352036 ], [ 12.2586703, 41.7351615 ], [ 12.2587924, 41.7351194 ], [ 12.2589174, 41.7350773 ], [ 12.25903, 41.735044 ], [ 12.2591455, 41.7350152 ], [ 12.2592581, 41.7349819 ], [ 12.2593223, 41.7349564 ], [ 12.2593863, 41.7349354 ], [ 12.2594503, 41.7349144 ], [ 12.2595113, 41.7348934 ], [ 12.2595722, 41.7348768 ], [ 12.259633, 41.7348603 ], [ 12.259706, 41.7348395 ], [ 12.2597762, 41.7348142 ], [ 12.2598462, 41.7347933 ], [ 12.2599347, 41.7347639 ], [ 12.2600203, 41.7347299 ], [ 12.2601057, 41.7347004 ], [ 12.2601941, 41.734671 ], [ 12.2602853, 41.7346462 ], [ 12.2603738, 41.7346168 ], [ 12.260438, 41.7345913 ], [ 12.260499, 41.7345702 ], [ 12.2605602, 41.7345447 ], [ 12.2606062, 41.7345233 ], [ 12.2606522, 41.7345018 ], [ 12.260701, 41.734485 ], [ 12.260747, 41.7344636 ], [ 12.2607928, 41.7344467 ], [ 12.2608414, 41.7344343 ], [ 12.2609022, 41.7344178 ], [ 12.2609691, 41.7344013 ], [ 12.2610329, 41.7343848 ], [ 12.2610969, 41.7343639 ], [ 12.2611581, 41.7343383 ], [ 12.2612193, 41.7343127 ], [ 12.2612557, 41.7343046 ], [ 12.2612923, 41.734292 ], [ 12.2613289, 41.7342793 ], [ 12.2613733, 41.7342601 ], [ 12.2614285, 41.7342344 ], [ 12.2614667, 41.7342196 ], [ 12.2615212, 41.7342096 ], [ 12.2615788, 41.7341997 ], [ 12.2616182, 41.7341917 ], [ 12.261658, 41.7341746 ], [ 12.2616918, 41.7341574 ], [ 12.2617213, 41.7341356 ], [ 12.2617493, 41.7341137 ], [ 12.2617817, 41.734092 ], [ 12.2618234, 41.734066 ], [ 12.2618504, 41.7340329 ], [ 12.2618748, 41.7339997 ], [ 12.2619021, 41.7339823 ], [ 12.26194, 41.7339742 ], [ 12.2619748, 41.7339705 ], [ 12.2620219, 41.7339581 ], [ 12.2620555, 41.7339454 ], [ 12.2620891, 41.7339327 ], [ 12.2621215, 41.7339132 ], [ 12.2621596, 41.7338826 ], [ 12.2622206, 41.7338788 ], [ 12.2622412, 41.7338553 ], [ 12.2623728, 41.7337639 ], [ 12.2625671, 41.733719 ], [ 12.2627642, 41.7336786 ], [ 12.26281, 41.7336617 ], [ 12.2628528, 41.7336447 ], [ 12.2629155, 41.7336181 ], [ 12.2629392, 41.7335736 ], [ 12.2629237, 41.7335316 ], [ 12.2629157, 41.7335066 ], [ 12.2628908, 41.7334565 ], [ 12.2628657, 41.7334109 ], [ 12.2628378, 41.7333607 ], [ 12.2628061, 41.7333284 ], [ 12.2627776, 41.7332917 ], [ 12.2627553, 41.7332507 ], [ 12.2627544, 41.7332236 ], [ 12.2627908, 41.733211 ], [ 12.2628392, 41.7332211 ], [ 12.262867, 41.7332567 ], [ 12.2628858, 41.733292 ], [ 12.2629174, 41.7333266 ], [ 12.2629433, 41.7333542 ], [ 12.2629601, 41.7333816 ], [ 12.262974, 41.733409 ], [ 12.2630149, 41.733437 ], [ 12.2630539, 41.7334379 ], [ 12.263098, 41.7334254 ], [ 12.2631844, 41.7334095 ], [ 12.263254, 41.7333976 ], [ 12.2633208, 41.7333812 ], [ 12.2633818, 41.7333602 ], [ 12.2634427, 41.7333436 ], [ 12.2635007, 41.7333225 ], [ 12.2635647, 41.7333015 ], [ 12.2636287, 41.7332805 ], [ 12.2637052, 41.7332485 ], [ 12.2637543, 41.7332249 ], [ 12.2638127, 41.7331948 ], [ 12.2638587, 41.7331734 ], [ 12.2639047, 41.733152 ], [ 12.2639721, 41.7331221 ], [ 12.2640395, 41.7330921 ], [ 12.2641071, 41.7330577 ], [ 12.2641591, 41.7330365 ], [ 12.2642082, 41.7330106 ], [ 12.2642576, 41.7329803 ], [ 12.2643132, 41.7329456 ], [ 12.264363, 41.7329062 ], [ 12.2644125, 41.7328714 ], [ 12.2644591, 41.7328365 ], [ 12.2645055, 41.7328061 ], [ 12.2645549, 41.7327757 ], [ 12.2646437, 41.7327373 ], [ 12.2647381, 41.732708 ], [ 12.2648295, 41.7326787 ], [ 12.2649117, 41.7326536 ], [ 12.2649939, 41.7326286 ], [ 12.2650791, 41.7326036 ], [ 12.265134, 41.7325869 ], [ 12.2651946, 41.7325748 ], [ 12.2652524, 41.7325582 ], [ 12.2653464, 41.7325379 ], [ 12.2654435, 41.7325177 ], [ 12.2655347, 41.7324929 ], [ 12.2656379, 41.7324683 ], [ 12.2657414, 41.7324392 ], [ 12.2658448, 41.7324102 ], [ 12.2659332, 41.7323808 ], [ 12.2660214, 41.7323558 ], [ 12.2661098, 41.7323264 ], [ 12.2661921, 41.7323014 ], [ 12.2662743, 41.7322763 ], [ 12.2663537, 41.7322467 ], [ 12.2664027, 41.7322253 ], [ 12.2664487, 41.7322039 ], [ 12.2664977, 41.7321826 ], [ 12.2665313, 41.7321699 ], [ 12.2668578, 41.731984 ], [ 12.26712, 41.7318957 ], [ 12.267266, 41.7318541 ], [ 12.2673475, 41.7318471 ], [ 12.2674254, 41.7318534 ], [ 12.2676281, 41.7318222 ], [ 12.2678901, 41.7317384 ], [ 12.2680211, 41.7316965 ], [ 12.2681762, 41.7316551 ], [ 12.2683706, 41.7316057 ], [ 12.2685097, 41.7315865 ], [ 12.2687706, 41.7315297 ], [ 12.2690599, 41.731442 ], [ 12.2691999, 41.7314003 ], [ 12.2695241, 41.7312684 ], [ 12.2696499, 41.7312084 ], [ 12.2697013, 41.7312006 ], [ 12.2697467, 41.7311927 ], [ 12.2698721, 41.7311416 ], [ 12.2699361, 41.7311206 ], [ 12.270414, 41.7309068 ], [ 12.2706254, 41.7308128 ], [ 12.2708152, 41.7307318 ], [ 12.2710029, 41.7306282 ], [ 12.2710619, 41.7305845 ], [ 12.2711312, 41.7305096 ], [ 12.271151, 41.7304673 ], [ 12.2713104, 41.7302527 ], [ 12.2714106, 41.7303001 ], [ 12.2714993, 41.7303338 ], [ 12.2716421, 41.7303687 ], [ 12.2720086, 41.7303729 ], [ 12.2720448, 41.7303692 ], [ 12.2721805, 41.7303589 ], [ 12.2722653, 41.7303429 ], [ 12.2723359, 41.7303086 ], [ 12.2723733, 41.730278 ], [ 12.272412, 41.7302158 ], [ 12.2724443, 41.7301626 ], [ 12.2724642, 41.730118 ], [ 12.2725768, 41.7301567 ], [ 12.2726307, 41.7301603 ], [ 12.2727119, 41.7301599 ], [ 12.2727751, 41.7301569 ], [ 12.2728628, 41.7301455 ], [ 12.2730021, 41.7301218 ], [ 12.2731511, 41.7300803 ], [ 12.2733097, 41.7300255 ], [ 12.2734619, 41.7299796 ], [ 12.2735909, 41.7299151 ], [ 12.2737349, 41.729851 ], [ 12.2739106, 41.7297471 ], [ 12.2740409, 41.7296511 ], [ 12.2741834, 41.729551 ], [ 12.274266, 41.7294448 ], [ 12.2742763, 41.7294136 ], [ 12.2742876, 41.7293598 ], [ 12.2744182, 41.7293989 ], [ 12.2744571, 41.7294043 ], [ 12.2745261, 41.729406 ], [ 12.2746432, 41.7294088 ], [ 12.2747821, 41.7293941 ], [ 12.2749497, 41.7293395 ], [ 12.2749931, 41.729309 ], [ 12.2751102, 41.7292397 ], [ 12.2751994, 41.7291923 ], [ 12.2752636, 41.7291668 ], [ 12.275392, 41.7291158 ], [ 12.2755078, 41.7290781 ], [ 12.2755697, 41.7290345 ], [ 12.2756223, 41.7289997 ], [ 12.275654, 41.7289599 ], [ 12.2756732, 41.7289334 ], [ 12.2757019, 41.7288935 ], [ 12.2758583, 41.7288207 ], [ 12.2759717, 41.7287694 ], [ 12.2761876, 41.728779 ], [ 12.2763198, 41.7287821 ], [ 12.2764673, 41.7287766 ], [ 12.2766878, 41.7287503 ], [ 12.2768088, 41.7287307 ], [ 12.2769601, 41.7287072 ], [ 12.2771239, 41.7286706 ], [ 12.2772486, 41.7286375 ], [ 12.2773828, 41.7285912 ], [ 12.2773462, 41.7285318 ], [ 12.2775078, 41.7284771 ], [ 12.277542, 41.7285207 ], [ 12.2775784, 41.7285133 ], [ 12.2775319, 41.7284056 ], [ 12.2775121, 41.7283526 ], [ 12.2775686, 41.7283194 ], [ 12.277698, 41.7285289 ], [ 12.2777908, 41.7285378 ], [ 12.2778269, 41.7285364 ], [ 12.2778632, 41.7285305 ], [ 12.2780092, 41.728489 ], [ 12.278098, 41.7284505 ], [ 12.2782174, 41.7283993 ], [ 12.2784017, 41.7283046 ], [ 12.2784629, 41.7282791 ], [ 12.2785324, 41.7282695 ], [ 12.2786022, 41.7282554 ], [ 12.2786446, 41.7282474 ], [ 12.278727, 41.7282178 ], [ 12.2788342, 41.7281708 ], [ 12.2789639, 41.7280883 ], [ 12.2790436, 41.7280497 ], [ 12.2791056, 41.7280061 ], [ 12.2789995, 41.7278145 ], [ 12.2790667, 41.7277891 ], [ 12.2791456, 41.7279125 ], [ 12.2791766, 41.7278907 ], [ 12.2792119, 41.7278735 ], [ 12.2792736, 41.7278705 ], [ 12.2793222, 41.7278582 ], [ 12.2794138, 41.7278243 ], [ 12.2794504, 41.7278117 ], [ 12.2795206, 41.7277863 ], [ 12.2796178, 41.7277616 ], [ 12.2797124, 41.7277278 ], [ 12.2798175, 41.7276943 ], [ 12.2799016, 41.7276602 ], [ 12.2799506, 41.7276389 ], [ 12.2800056, 41.7276177 ], [ 12.2800428, 41.7275915 ], [ 12.280098, 41.7275658 ], [ 12.2801498, 41.727549 ], [ 12.2802014, 41.7275368 ], [ 12.2802618, 41.7275292 ], [ 12.2803318, 41.7275083 ], [ 12.2804084, 41.7274741 ], [ 12.2804519, 41.7274391 ], [ 12.2804747, 41.7273991 ], [ 12.2805456, 41.7273558 ], [ 12.2805862, 41.7273207 ], [ 12.2806228, 41.7273081 ], [ 12.2806682, 41.7273002 ], [ 12.2807412, 41.7272794 ], [ 12.2808264, 41.7272544 ], [ 12.2809032, 41.7272157 ], [ 12.2809678, 41.7271812 ], [ 12.2810742, 41.7271522 ], [ 12.2811984, 41.7271281 ], [ 12.2813339, 41.7271223 ], [ 12.2814579, 41.7271027 ], [ 12.2816184, 41.727075 ], [ 12.2817333, 41.7270597 ], [ 12.2818391, 41.7270442 ], [ 12.2819245, 41.7270147 ], [ 12.2819799, 41.7269845 ], [ 12.2820865, 41.726951 ], [ 12.2821933, 41.726913 ], [ 12.2822423, 41.7268916 ], [ 12.2822907, 41.7268838 ], [ 12.2823723, 41.7268722 ], [ 12.2824875, 41.7268479 ], [ 12.2825336, 41.7268242 ], [ 12.2825758, 41.726823 ], [ 12.282612, 41.7268193 ], [ 12.2826942, 41.7267943 ], [ 12.2828436, 41.7267438 ], [ 12.2829232, 41.7267096 ], [ 12.2829785, 41.7266794 ], [ 12.2830425, 41.7266584 ], [ 12.2831375, 41.7266156 ], [ 12.2831927, 41.7265899 ], [ 12.2832537, 41.7265688 ], [ 12.2833757, 41.7265267 ], [ 12.2835341, 41.7264764 ], [ 12.2837082, 41.7264085 ], [ 12.283824, 41.7263707 ], [ 12.283885, 41.7263496 ], [ 12.2840129, 41.7263121 ], [ 12.2841288, 41.7262698 ], [ 12.2842512, 41.7262187 ], [ 12.2843653, 41.7261493 ], [ 12.2844727, 41.7260978 ], [ 12.2845438, 41.72605 ], [ 12.2846024, 41.7260154 ], [ 12.2846493, 41.7259714 ], [ 12.2846745, 41.725945 ], [ 12.2847239, 41.7259147 ], [ 12.2847976, 41.7258759 ], [ 12.2848958, 41.7258287 ], [ 12.2849874, 41.7257948 ], [ 12.2851234, 41.7257755 ], [ 12.2853053, 41.7257393 ], [ 12.2854425, 41.725693 ], [ 12.2855915, 41.7256515 ], [ 12.2857255, 41.7256096 ], [ 12.2858204, 41.7255668 ], [ 12.2859398, 41.7255156 ], [ 12.2860106, 41.7254768 ], [ 12.2860727, 41.7254287 ], [ 12.2861343, 41.7253941 ], [ 12.2861985, 41.7253686 ], [ 12.2863572, 41.7253094 ], [ 12.286586, 41.7252292 ], [ 12.2866962, 41.7251823 ], [ 12.2867883, 41.7251349 ], [ 12.2868621, 41.7250961 ], [ 12.2869665, 41.7250446 ], [ 12.2871076, 41.7249759 ], [ 12.2872602, 41.7249209 ], [ 12.2874582, 41.7248581 ], [ 12.2876868, 41.7247824 ], [ 12.2879073, 41.724684 ], [ 12.2881105, 41.7245673 ], [ 12.2882367, 41.7244982 ], [ 12.2883716, 41.7244338 ], [ 12.288466, 41.7244046 ], [ 12.2885816, 41.7243713 ], [ 12.2886614, 41.7243326 ], [ 12.2887597, 41.7242809 ], [ 12.2888427, 41.7242378 ], [ 12.2889254, 41.7241993 ], [ 12.2890636, 41.7241305 ], [ 12.2891617, 41.7240833 ], [ 12.2891978, 41.7240841 ], [ 12.28927, 41.7240813 ], [ 12.2893644, 41.724052 ], [ 12.289423, 41.7240174 ], [ 12.2894963, 41.7239876 ], [ 12.2895536, 41.7239844 ], [ 12.289614, 41.7239769 ], [ 12.2896742, 41.7239738 ], [ 12.2897425, 41.7239574 ], [ 12.2898169, 41.7239411 ], [ 12.2898775, 41.723929 ], [ 12.2899593, 41.723913 ], [ 12.2900113, 41.7238917 ], [ 12.29007, 41.7238525 ], [ 12.2901323, 41.7238 ], [ 12.29028, 41.7237179 ], [ 12.2904433, 41.7236227 ], [ 12.2907376, 41.7234855 ], [ 12.2909482, 41.7234095 ], [ 12.2911255, 41.7233371 ], [ 12.2912531, 41.7233041 ], [ 12.2914361, 41.7232409 ], [ 12.2915707, 41.7231855 ], [ 12.291678, 41.723134 ], [ 12.2917857, 41.7230735 ], [ 12.2918441, 41.7230433 ], [ 12.2919387, 41.7230095 ], [ 12.2921772, 41.7229116 ], [ 12.2922759, 41.7228509 ], [ 12.2923437, 41.722812 ], [ 12.2924578, 41.7227426 ], [ 12.2925561, 41.7226909 ], [ 12.2926935, 41.7226401 ], [ 12.2928069, 41.7225887 ], [ 12.2928878, 41.7225569 ], [ 12.2929868, 41.7225254 ], [ 12.293094, 41.7224784 ], [ 12.2931895, 41.7224221 ], [ 12.2933098, 41.7223484 ], [ 12.2934053, 41.7222921 ], [ 12.2935523, 41.7222281 ], [ 12.2936623, 41.7221856 ], [ 12.2937998, 41.7221303 ], [ 12.2938769, 41.7220826 ], [ 12.2939971, 41.7220134 ], [ 12.2941168, 41.7219532 ], [ 12.2943564, 41.7218282 ], [ 12.2945165, 41.7217374 ], [ 12.2946336, 41.7216682 ], [ 12.2947817, 41.7215771 ], [ 12.2949042, 41.7215214 ], [ 12.2949776, 41.7214916 ], [ 12.2950514, 41.7214528 ], [ 12.2951009, 41.721418 ], [ 12.295151, 41.7213696 ], [ 12.2952801, 41.7213006 ], [ 12.2953785, 41.7212489 ], [ 12.2954883, 41.721211 ], [ 12.2956099, 41.7211778 ], [ 12.2956954, 41.7211438 ], [ 12.295751, 41.7211091 ], [ 12.2958405, 41.7210527 ], [ 12.2958838, 41.7210222 ], [ 12.2959206, 41.721005 ], [ 12.2959874, 41.7209886 ], [ 12.2962224, 41.7209041 ], [ 12.2963145, 41.7208567 ], [ 12.2964498, 41.7207833 ], [ 12.2965748, 41.7207412 ], [ 12.2967047, 41.7206542 ], [ 12.2970905, 41.7204832 ], [ 12.2982983, 41.7198452 ], [ 12.2984356, 41.7197944 ], [ 12.2987957, 41.7196633 ], [ 12.2993279, 41.7194416 ], [ 12.2996854, 41.7192294 ], [ 12.3005206, 41.7188753 ], [ 12.3011507, 41.7185389 ], [ 12.3014566, 41.718411 ], [ 12.3023728, 41.7181308 ], [ 12.3026128, 41.7180689 ], [ 12.3027605, 41.7179868 ], [ 12.3031174, 41.7182203 ], [ 12.3033924, 41.7182538 ], [ 12.3036174, 41.7182636 ], [ 12.3038426, 41.7181968 ], [ 12.3039992, 41.718187 ], [ 12.3043006, 41.718095 ], [ 12.3044826, 41.7180543 ], [ 12.3047577, 41.7180157 ], [ 12.305213, 41.7179048 ], [ 12.3056675, 41.7176723 ], [ 12.3058835, 41.7176098 ], [ 12.3060471, 41.7175776 ], [ 12.3062616, 41.7175512 ], [ 12.3064364, 41.7175372 ], [ 12.3066454, 41.7174971 ], [ 12.3068648, 41.7174257 ], [ 12.3071213, 41.7173282 ], [ 12.3074485, 41.7171197 ], [ 12.3077589, 41.7168838 ], [ 12.3079889, 41.716628 ], [ 12.3085544, 41.7164702 ], [ 12.3092369, 41.7162475 ], [ 12.3100476, 41.7160459 ], [ 12.3105176, 41.7158723 ], [ 12.3109135, 41.7156744 ], [ 12.31177, 41.7153117 ], [ 12.3126154, 41.7149262 ], [ 12.3129942, 41.7147775 ], [ 12.3132091, 41.7146699 ], [ 12.3135348, 41.7144974 ], [ 12.314161, 41.7141789 ], [ 12.3144727, 41.7140556 ], [ 12.3148539, 41.7139204 ], [ 12.3153034, 41.7137328 ], [ 12.3164788, 41.7132154 ], [ 12.3176107, 41.712661 ], [ 12.3177804, 41.7125523 ], [ 12.3180322, 41.7124231 ], [ 12.3182268, 41.7123691 ], [ 12.3185637, 41.7122869 ], [ 12.3188371, 41.7122168 ], [ 12.3190327, 41.7121358 ], [ 12.3191871, 41.7120358 ], [ 12.319473, 41.7118804 ], [ 12.3199546, 41.711644 ], [ 12.3211106, 41.7110135 ], [ 12.322188, 41.7104668 ], [ 12.3239247, 41.7097418 ], [ 12.3261674, 41.7087718 ], [ 12.3270745, 41.7084147 ], [ 12.3277388, 41.7081194 ], [ 12.3281417, 41.7078947 ], [ 12.329541, 41.7072608 ], [ 12.3299137, 41.7071118 ], [ 12.3304425, 41.7068945 ], [ 12.3316587, 41.7063284 ], [ 12.3337862, 41.7053781 ], [ 12.3345869, 41.70505 ], [ 12.3364223, 41.7041109 ], [ 12.3389161, 41.7029439 ], [ 12.3394194, 41.7026854 ], [ 12.339839, 41.7024925 ], [ 12.340817, 41.7019433 ], [ 12.341806, 41.7015654 ], [ 12.3421336, 41.7014154 ], [ 12.3423463, 41.7012852 ], [ 12.3427722, 41.7010834 ], [ 12.3431596, 41.7008672 ], [ 12.3433695, 41.7007325 ], [ 12.3439711, 41.7004943 ], [ 12.3445632, 41.7002693 ], [ 12.3454286, 41.6999358 ], [ 12.3458263, 41.6997266 ], [ 12.3469054, 41.6992742 ], [ 12.3472508, 41.6991291 ], [ 12.3478164, 41.69889 ], [ 12.3478914, 41.6988917 ], [ 12.3479949, 41.6987861 ], [ 12.3481312, 41.6986856 ], [ 12.3482494, 41.6985893 ], [ 12.3484787, 41.698491 ], [ 12.348619, 41.6984402 ], [ 12.3487868, 41.6983766 ], [ 12.3489916, 41.6982912 ], [ 12.3492086, 41.6982017 ], [ 12.3493496, 41.6981329 ], [ 12.3495279, 41.6980334 ], [ 12.3498289, 41.6978738 ], [ 12.3499937, 41.69781 ], [ 12.3501638, 41.6976924 ], [ 12.3503791, 41.6975713 ], [ 12.350518, 41.6974799 ], [ 12.3506562, 41.6974065 ], [ 12.3508968, 41.6973265 ], [ 12.3510842, 41.6972993 ], [ 12.3512944, 41.6972276 ], [ 12.3513919, 41.6971939 ], [ 12.3515402, 41.6970937 ], [ 12.3517559, 41.6970356 ], [ 12.3519547, 41.6969502 ], [ 12.3521544, 41.6968422 ], [ 12.3522809, 41.6967596 ], [ 12.3525031, 41.6966161 ], [ 12.3527003, 41.6964945 ], [ 12.3528953, 41.6963549 ], [ 12.3530502, 41.6962414 ], [ 12.3531957, 41.6961367 ], [ 12.353316, 41.6960584 ], [ 12.3534364, 41.6959802 ], [ 12.3535821, 41.695943 ], [ 12.3536877, 41.6959319 ], [ 12.353813, 41.6958808 ], [ 12.3538869, 41.6958374 ], [ 12.3540127, 41.6957728 ], [ 12.354177, 41.6957225 ], [ 12.3543052, 41.6956715 ], [ 12.3544796, 41.6955944 ], [ 12.3546915, 41.6954822 ], [ 12.3548514, 41.6953913 ], [ 12.3550121, 41.6952825 ], [ 12.3551658, 41.695196 ], [ 12.3553738, 41.6951062 ], [ 12.3555339, 41.6950108 ], [ 12.3556993, 41.6949336 ], [ 12.3558058, 41.6949 ], [ 12.3559316, 41.6948353 ], [ 12.3560246, 41.6947654 ], [ 12.356142, 41.6946871 ], [ 12.3562657, 41.6945999 ], [ 12.356423, 41.6944999 ], [ 12.3565711, 41.6944043 ], [ 12.3566776, 41.6942986 ], [ 12.3568107, 41.6942026 ], [ 12.3570261, 41.694077 ], [ 12.3571547, 41.6940169 ], [ 12.3574114, 41.6939103 ], [ 12.3575686, 41.6938869 ], [ 12.3576938, 41.6938357 ], [ 12.35776, 41.6937607 ], [ 12.35785, 41.6936907 ], [ 12.3579959, 41.693649 ], [ 12.3581543, 41.6935941 ], [ 12.358263, 41.6935066 ], [ 12.3584454, 41.6933081 ], [ 12.3586359, 41.6932044 ], [ 12.3587797, 41.6931402 ], [ 12.3588972, 41.6930574 ], [ 12.3590035, 41.6929562 ], [ 12.3591833, 41.6928208 ], [ 12.35937, 41.692735 ], [ 12.3595849, 41.6926229 ], [ 12.3597821, 41.6925013 ], [ 12.3598905, 41.6924228 ], [ 12.3601454, 41.6922845 ], [ 12.3603331, 41.6921763 ], [ 12.3605547, 41.6920463 ], [ 12.36076, 41.6919474 ], [ 12.3609633, 41.691898 ], [ 12.3611167, 41.6918926 ], [ 12.3612603, 41.6918328 ], [ 12.3613989, 41.6917505 ], [ 12.3614888, 41.6916805 ], [ 12.361615, 41.6916068 ], [ 12.3618342, 41.6915353 ], [ 12.3619658, 41.6914753 ], [ 12.362245, 41.6913331 ], [ 12.3624178, 41.69122 ], [ 12.3625843, 41.6911157 ], [ 12.3627149, 41.6910062 ], [ 12.3628373, 41.6908784 ], [ 12.3629597, 41.6907506 ], [ 12.3630742, 41.6906677 ], [ 12.3632585, 41.6905684 ], [ 12.3634748, 41.6904923 ], [ 12.3636792, 41.6904159 ], [ 12.3639262, 41.690327 ], [ 12.3641046, 41.690223 ], [ 12.3641907, 41.6901755 ], [ 12.3643691, 41.6900715 ], [ 12.3644859, 41.6900066 ], [ 12.3646022, 41.6899553 ], [ 12.3647816, 41.6899008 ], [ 12.3649348, 41.6898278 ], [ 12.3650127, 41.6897576 ], [ 12.3651978, 41.6896402 ], [ 12.3655306, 41.6895083 ], [ 12.3657295, 41.6894183 ], [ 12.3658892, 41.6893319 ], [ 12.366003, 41.6892669 ], [ 12.3661884, 41.6891406 ], [ 12.3663542, 41.6889778 ], [ 12.3664961, 41.6888865 ], [ 12.3667052, 41.6886931 ], [ 12.3669748, 41.6885642 ], [ 12.3671059, 41.6885177 ], [ 12.367236, 41.6884216 ], [ 12.3674035, 41.6882904 ], [ 12.3675733, 41.6881772 ], [ 12.3677105, 41.6880542 ], [ 12.3678721, 41.6879229 ], [ 12.3680432, 41.6877782 ], [ 12.3681814, 41.6876282 ], [ 12.3683533, 41.6875376 ], [ 12.3684538, 41.6874319 ], [ 12.3685949, 41.6873585 ], [ 12.3687802, 41.6873087 ], [ 12.368975, 41.6872457 ], [ 12.3691069, 41.6871766 ], [ 12.3692306, 41.6870894 ], [ 12.3693763, 41.6869802 ], [ 12.3694775, 41.6869285 ], [ 12.3696612, 41.6868426 ], [ 12.3699171, 41.6867539 ], [ 12.3700654, 41.6867258 ], [ 12.3702614, 41.6866357 ], [ 12.3703629, 41.686575 ], [ 12.3706343, 41.6864011 ], [ 12.3708017, 41.6862743 ], [ 12.3710034, 41.6861168 ], [ 12.3711885, 41.685995 ], [ 12.3713919, 41.6858691 ], [ 12.3716179, 41.6857031 ], [ 12.3717124, 41.6856693 ], [ 12.3718979, 41.6855384 ], [ 12.3720354, 41.685483 ], [ 12.3722552, 41.6853214 ], [ 12.3724451, 41.6852312 ], [ 12.372697, 41.6850929 ], [ 12.3729171, 41.6849989 ], [ 12.3730882, 41.6849262 ], [ 12.3732678, 41.6848673 ], [ 12.3734647, 41.6847547 ], [ 12.3735786, 41.6846853 ], [ 12.3737862, 41.6845279 ], [ 12.3739656, 41.6844014 ], [ 12.3741234, 41.6842879 ], [ 12.3743119, 41.6841572 ], [ 12.3745057, 41.6840445 ], [ 12.3746582, 41.6839129 ], [ 12.3747508, 41.683852 ], [ 12.374844, 41.6837776 ], [ 12.3750411, 41.683656 ], [ 12.3751464, 41.6835773 ], [ 12.3753468, 41.6834513 ], [ 12.3755723, 41.6833709 ], [ 12.3757629, 41.6832627 ], [ 12.3758668, 41.6832201 ], [ 12.3759749, 41.683146 ], [ 12.3761181, 41.6830952 ], [ 12.3761963, 41.6830925 ], [ 12.3762518, 41.6830577 ], [ 12.3762362, 41.6829988 ], [ 12.3762329, 41.6829312 ], [ 12.3762858, 41.6828874 ], [ 12.3764527, 41.6827696 ], [ 12.3766471, 41.6826435 ], [ 12.376764, 41.6825741 ], [ 12.3768997, 41.6824872 ], [ 12.3770605, 41.6823737 ], [ 12.3771703, 41.6822592 ], [ 12.3772971, 41.6821675 ], [ 12.3774372, 41.6821212 ], [ 12.3776004, 41.6820213 ], [ 12.3777577, 41.6819214 ], [ 12.3779329, 41.6818218 ], [ 12.3780892, 41.6817443 ], [ 12.3783707, 41.6815436 ], [ 12.3785777, 41.6813997 ], [ 12.3787747, 41.6812826 ], [ 12.3790865, 41.6810736 ], [ 12.3793201, 41.6809438 ], [ 12.3795093, 41.6807951 ], [ 12.3796828, 41.6806639 ], [ 12.3797947, 41.6805719 ], [ 12.3799856, 41.6804547 ], [ 12.380072, 41.6803981 ], [ 12.3803299, 41.6802599 ], [ 12.38052, 41.6801652 ], [ 12.3806864, 41.6800609 ], [ 12.3808162, 41.6799693 ], [ 12.3809853, 41.6798741 ], [ 12.3811359, 41.6797875 ], [ 12.3812718, 41.679696 ], [ 12.3814569, 41.6795741 ], [ 12.3815926, 41.6794872 ], [ 12.381732, 41.6793823 ], [ 12.3818988, 41.679269 ], [ 12.3820931, 41.6791428 ], [ 12.3822143, 41.679042 ], [ 12.382291, 41.6790033 ], [ 12.3824736, 41.6788678 ], [ 12.3826012, 41.6787582 ], [ 12.38278, 41.6786452 ], [ 12.3830549, 41.6784578 ], [ 12.3831858, 41.6783392 ], [ 12.3834422, 41.6781649 ], [ 12.3836728, 41.6780306 ], [ 12.3838846, 41.6779183 ], [ 12.3840886, 41.6778509 ], [ 12.3843987, 41.6776824 ], [ 12.3846407, 41.6775663 ], [ 12.3847989, 41.6775159 ], [ 12.3851285, 41.6773117 ], [ 12.3853985, 41.6771693 ], [ 12.3855715, 41.6770516 ], [ 12.385808, 41.6769219 ], [ 12.3860323, 41.6767964 ], [ 12.3863057, 41.6766451 ], [ 12.3865785, 41.6765072 ], [ 12.3868469, 41.6764052 ], [ 12.3870384, 41.6762745 ], [ 12.3872949, 41.6760957 ], [ 12.3876817, 41.6758883 ], [ 12.3881238, 41.6756507 ], [ 12.3883649, 41.6754806 ], [ 12.3885611, 41.6753815 ], [ 12.3887925, 41.6752291 ], [ 12.3890189, 41.6751262 ], [ 12.3891916, 41.6750131 ], [ 12.389334, 41.6749082 ], [ 12.3895206, 41.6747504 ], [ 12.3896921, 41.6745922 ], [ 12.3898598, 41.6744564 ], [ 12.3900552, 41.6743032 ], [ 12.3902225, 41.6741764 ], [ 12.3904131, 41.6739916 ], [ 12.3905746, 41.6738602 ], [ 12.390902, 41.67371 ], [ 12.3911928, 41.6735725 ], [ 12.3913702, 41.673419 ], [ 12.3915146, 41.6732646 ], [ 12.3916758, 41.6731377 ], [ 12.3918248, 41.6730195 ], [ 12.3920627, 41.6728538 ], [ 12.3922485, 41.6727139 ], [ 12.3924152, 41.6726006 ], [ 12.392618, 41.6724882 ], [ 12.3928387, 41.6723761 ], [ 12.3930814, 41.672242 ], [ 12.3932755, 41.6721203 ], [ 12.3934205, 41.6720246 ], [ 12.3935697, 41.6718974 ], [ 12.3937691, 41.6717938 ], [ 12.3939588, 41.671708 ], [ 12.3941515, 41.6715458 ], [ 12.394273, 41.671436 ], [ 12.3945246, 41.6712301 ], [ 12.3947467, 41.6710099 ], [ 12.3949798, 41.6708126 ], [ 12.3953305, 41.6705324 ], [ 12.3956555, 41.6702921 ], [ 12.3959908, 41.6700925 ], [ 12.3962933, 41.6698877 ], [ 12.3965152, 41.6696721 ], [ 12.3969728, 41.6693448 ], [ 12.3972007, 41.6691293 ], [ 12.3974083, 41.6689719 ], [ 12.3975654, 41.6688719 ], [ 12.3977198, 41.6687673 ], [ 12.3978781, 41.6686403 ], [ 12.3980118, 41.6685262 ], [ 12.3981788, 41.6684039 ], [ 12.3985881, 41.6680845 ], [ 12.3989067, 41.6678531 ], [ 12.3991981, 41.6676255 ], [ 12.3993419, 41.6674847 ], [ 12.3995465, 41.6672506 ], [ 12.3997169, 41.6671194 ], [ 12.3999105, 41.6669347 ], [ 12.4001592, 41.6667241 ], [ 12.4004736, 41.6665241 ], [ 12.4008204, 41.6662618 ], [ 12.4010889, 41.6660067 ], [ 12.4013436, 41.6657963 ], [ 12.4017161, 41.665494 ], [ 12.4021055, 41.6652191 ], [ 12.402492, 41.6649397 ], [ 12.4025967, 41.6648745 ], [ 12.4028432, 41.664718 ], [ 12.4031985, 41.6644693 ], [ 12.4035358, 41.6642203 ], [ 12.4039729, 41.6638789 ], [ 12.4043514, 41.6635768 ], [ 12.4047204, 41.6632834 ], [ 12.4051844, 41.6628706 ], [ 12.4054412, 41.6626062 ], [ 12.4056676, 41.6624267 ], [ 12.4058756, 41.6622558 ], [ 12.4060123, 41.6621418 ], [ 12.4062346, 41.6619892 ], [ 12.4063124, 41.6619432 ], [ 12.4063884, 41.6618981 ], [ 12.4066627, 41.6617963 ], [ 12.4070002, 41.6616913 ], [ 12.4072037, 41.6616329 ], [ 12.4073266, 41.6615636 ], [ 12.4074294, 41.6614713 ], [ 12.4075211, 41.6613563 ], [ 12.4077203, 41.6611807 ], [ 12.4078813, 41.6610582 ], [ 12.4080473, 41.6609629 ], [ 12.4082653, 41.6608418 ], [ 12.4084293, 41.6607194 ], [ 12.40859, 41.6606059 ], [ 12.4088356, 41.6604719 ], [ 12.4090774, 41.6603557 ], [ 12.4092449, 41.6602965 ], [ 12.4095122, 41.6601449 ], [ 12.4097034, 41.6600186 ], [ 12.4100412, 41.6598326 ], [ 12.410312, 41.6596676 ], [ 12.4106572, 41.6593692 ], [ 12.4110155, 41.659044 ], [ 12.4115985, 41.6585799 ], [ 12.4121314, 41.6581686 ], [ 12.4124296, 41.6579952 ], [ 12.4128738, 41.6576224 ], [ 12.4135058, 41.6570603 ], [ 12.4141797, 41.6565756 ], [ 12.4150219, 41.6558606 ], [ 12.4156435, 41.6554062 ], [ 12.4158094, 41.655536 ], [ 12.4169419, 41.6564216 ], [ 12.4168116, 41.6565268 ], [ 12.4169809, 41.6566476 ], [ 12.4171383, 41.6567638 ], [ 12.417293, 41.6568753 ], [ 12.4173835, 41.6569404 ], [ 12.4174798, 41.6570101 ], [ 12.4176401, 41.6571308 ], [ 12.4177973, 41.6572514 ], [ 12.4178935, 41.6573256 ], [ 12.4179982, 41.657409 ], [ 12.4181527, 41.6575251 ], [ 12.4183015, 41.657632 ], [ 12.418383, 41.6576968 ], [ 12.4184793, 41.6577666 ], [ 12.4186514, 41.657892 ], [ 12.4187567, 41.6579619 ], [ 12.4188764, 41.6580457 ], [ 12.418956, 41.6580835 ], [ 12.4191462, 41.6581328 ], [ 12.4192684, 41.6581535 ], [ 12.4193997, 41.6581745 ], [ 12.4195451, 41.6582183 ], [ 12.4196422, 41.6582655 ], [ 12.4197114, 41.6583138 ], [ 12.4198087, 41.6583818 ], [ 12.4199546, 41.6584887 ], [ 12.4201239, 41.6586095 ], [ 12.4202816, 41.6587212 ], [ 12.4204387, 41.6588463 ], [ 12.4205293, 41.6589068 ], [ 12.4206256, 41.6589766 ], [ 12.4207948, 41.6591019 ], [ 12.4209492, 41.659218 ], [ 12.4211037, 41.659334 ], [ 12.4211942, 41.6593991 ], [ 12.4213069, 41.6594839 ], [ 12.4214653, 41.6596033 ], [ 12.4216256, 41.659724 ], [ 12.4217303, 41.6598074 ], [ 12.4218411, 41.6598909 ], [ 12.4220016, 41.6600071 ], [ 12.4221302, 41.6600956 ], [ 12.422279, 41.6602025 ], [ 12.4224393, 41.6603231 ], [ 12.4225854, 41.6604255 ], [ 12.4227339, 41.6605414 ], [ 12.4228651, 41.6606389 ], [ 12.4229847, 41.6607272 ], [ 12.4230868, 41.6608015 ], [ 12.4231861, 41.6608713 ], [ 12.4233584, 41.6609922 ], [ 12.4235275, 41.6611176 ], [ 12.4236734, 41.6612244 ], [ 12.4238339, 41.6613406 ], [ 12.4239651, 41.6614381 ], [ 12.4240665, 41.6615146 ], [ 12.4242394, 41.6616379 ], [ 12.4243415, 41.6617122 ], [ 12.424423, 41.6617771 ], [ 12.4244988, 41.6618328 ], [ 12.4245775, 41.6618931 ], [ 12.4246824, 41.661972 ], [ 12.4247817, 41.6620418 ], [ 12.4249362, 41.6621579 ], [ 12.4250979, 41.6622789 ], [ 12.4252484, 41.6623855 ], [ 12.4253416, 41.6624596 ], [ 12.4254352, 41.6625203 ], [ 12.4255985, 41.662641 ], [ 12.4257269, 41.6627347 ], [ 12.4258552, 41.6628314 ], [ 12.4260127, 41.6629475 ], [ 12.4261702, 41.6630636 ], [ 12.4262898, 41.6631518 ], [ 12.4264094, 41.6632401 ], [ 12.4265641, 41.6633516 ], [ 12.4267186, 41.6634677 ], [ 12.4268207, 41.663542 ], [ 12.426914, 41.6636116 ], [ 12.4270803, 41.6637324 ], [ 12.4272525, 41.6638579 ], [ 12.427343, 41.6639229 ], [ 12.4274275, 41.6639879 ], [ 12.4275762, 41.6640993 ], [ 12.4277395, 41.66422 ], [ 12.4278972, 41.6643316 ], [ 12.4279993, 41.6644059 ], [ 12.4281013, 41.6644848 ], [ 12.4282706, 41.6646057 ], [ 12.4284281, 41.6647218 ], [ 12.4285419, 41.6648054 ], [ 12.4286412, 41.6648751 ], [ 12.4288072, 41.6650049 ], [ 12.4289707, 41.6651212 ], [ 12.4291252, 41.6652372 ], [ 12.4292534, 41.6653346 ], [ 12.4293584, 41.6654135 ], [ 12.4295249, 41.6655298 ], [ 12.4296911, 41.6656551 ], [ 12.4298165, 41.665748 ], [ 12.4299451, 41.6658364 ], [ 12.4300996, 41.6659525 ], [ 12.4302339, 41.66605 ], [ 12.4303591, 41.6661474 ], [ 12.4305313, 41.6662728 ], [ 12.4306976, 41.6663936 ], [ 12.4308668, 41.666519 ], [ 12.43103, 41.6666442 ], [ 12.4311937, 41.666756 ], [ 12.4313512, 41.6668721 ], [ 12.4315057, 41.6669881 ], [ 12.4316719, 41.6671134 ], [ 12.4318061, 41.667211 ], [ 12.4319638, 41.6673226 ], [ 12.4321184, 41.6674386 ], [ 12.4322787, 41.6675593 ], [ 12.4324449, 41.6676845 ], [ 12.4326022, 41.6678051 ], [ 12.4327744, 41.6679306 ], [ 12.4329055, 41.6680326 ], [ 12.433063, 41.6681487 ], [ 12.4332237, 41.6682603 ], [ 12.4333839, 41.6683855 ], [ 12.4335564, 41.6685019 ], [ 12.4337196, 41.6686271 ], [ 12.4338918, 41.6687526 ], [ 12.434064, 41.668878 ], [ 12.4342363, 41.6689989 ], [ 12.4343678, 41.6690919 ], [ 12.4345165, 41.6692033 ], [ 12.4346128, 41.669273 ], [ 12.4346973, 41.669338 ], [ 12.4348727, 41.6694589 ], [ 12.43503, 41.6695795 ], [ 12.4351906, 41.6696957 ], [ 12.4353511, 41.6698119 ], [ 12.4355057, 41.6699279 ], [ 12.4356634, 41.6700395 ], [ 12.4358356, 41.6701649 ], [ 12.4360078, 41.6702903 ], [ 12.4361655, 41.6704019 ], [ 12.436323, 41.670518 ], [ 12.4364866, 41.6706342 ], [ 12.4366439, 41.6707548 ], [ 12.4368047, 41.6708665 ], [ 12.4369739, 41.6709919 ], [ 12.4371431, 41.6711172 ], [ 12.4373006, 41.6712333 ], [ 12.4374613, 41.671345 ], [ 12.4376247, 41.6714657 ], [ 12.4377939, 41.671591 ], [ 12.4379631, 41.6717164 ], [ 12.4381208, 41.671828 ], [ 12.4382814, 41.6719441 ], [ 12.4384506, 41.6720695 ], [ 12.4386168, 41.6721948 ], [ 12.4387805, 41.6723065 ], [ 12.4389527, 41.6724319 ], [ 12.4391133, 41.6725481 ], [ 12.4392706, 41.6726687 ], [ 12.4394398, 41.672794 ], [ 12.4396062, 41.6729148 ], [ 12.4397756, 41.6730357 ], [ 12.439939, 41.6731564 ], [ 12.4401144, 41.6732774 ], [ 12.4402807, 41.6733982 ], [ 12.4404351, 41.6735187 ], [ 12.4406045, 41.6736395 ], [ 12.4407622, 41.6737511 ], [ 12.4409254, 41.6738764 ], [ 12.4410978, 41.6739973 ], [ 12.4412554, 41.6741134 ], [ 12.441422, 41.6742296 ], [ 12.4415852, 41.6743549 ], [ 12.4417487, 41.6744711 ], [ 12.4419123, 41.6745873 ], [ 12.4420725, 41.6747124 ], [ 12.442207, 41.6748055 ], [ 12.4422333, 41.6748241 ], [ 12.4423966, 41.6749448 ], [ 12.442563, 41.6750656 ], [ 12.4427322, 41.6751909 ], [ 12.4429076, 41.6753119 ], [ 12.4430652, 41.675428 ], [ 12.4432344, 41.6755534 ], [ 12.4433978, 41.6756741 ], [ 12.4435526, 41.6757856 ], [ 12.4437188, 41.6759109 ], [ 12.4438854, 41.6760272 ], [ 12.4440546, 41.6761525 ], [ 12.444221, 41.6762733 ], [ 12.4443932, 41.6763987 ], [ 12.4444982, 41.6764776 ], [ 12.4445975, 41.6765473 ], [ 12.444729, 41.6766403 ], [ 12.4448545, 41.6767332 ], [ 12.4450152, 41.6768448 ], [ 12.4451814, 41.6769701 ], [ 12.445357, 41.6770866 ], [ 12.4455262, 41.6772119 ], [ 12.4456956, 41.6773328 ], [ 12.4458476, 41.6774397 ], [ 12.4460168, 41.6775651 ], [ 12.4461894, 41.6776815 ], [ 12.446353, 41.6777977 ], [ 12.4465252, 41.6779231 ], [ 12.4466976, 41.678044 ], [ 12.4468261, 41.6781369 ], [ 12.4469371, 41.678216 ], [ 12.4471065, 41.6783368 ], [ 12.4472699, 41.6784575 ], [ 12.4474423, 41.6785784 ], [ 12.4476055, 41.6787036 ], [ 12.4477637, 41.6788155 ], [ 12.4479179, 41.6789312 ], [ 12.4480815, 41.6790474 ], [ 12.4481926, 41.679122 ], [ 12.4482828, 41.679196 ], [ 12.448455, 41.6793214 ], [ 12.448616, 41.6794286 ], [ 12.4487736, 41.6795446 ], [ 12.4489282, 41.6796606 ], [ 12.4490976, 41.6797815 ], [ 12.4492114, 41.6798651 ], [ 12.4493078, 41.6799348 ], [ 12.449474, 41.68006 ], [ 12.4496344, 41.6801807 ], [ 12.4498038, 41.6803015 ], [ 12.4499415, 41.6804028 ], [ 12.4500433, 41.6804734 ], [ 12.4502129, 41.6805898 ], [ 12.4503645, 41.6807057 ], [ 12.4505399, 41.6808267 ], [ 12.4506479, 41.6809056 ], [ 12.4507413, 41.6809753 ], [ 12.4509047, 41.681096 ], [ 12.4510448, 41.6811981 ], [ 12.451161, 41.6812998 ], [ 12.4512684, 41.6813922 ], [ 12.4514162, 41.6815306 ], [ 12.4515335, 41.6816008 ], [ 12.4516188, 41.6816477 ], [ 12.4517079, 41.6816722 ], [ 12.4517927, 41.6817127 ], [ 12.4519054, 41.6817666 ], [ 12.4520086, 41.6818139 ], [ 12.4521354, 41.6818753 ], [ 12.4522414, 41.6819272 ], [ 12.452365, 41.6819929 ], [ 12.4524771, 41.682045 ], [ 12.4526128, 41.6821065 ], [ 12.4527928, 41.6821871 ], [ 12.4528901, 41.6822342 ], [ 12.4530021, 41.6822863 ], [ 12.4531792, 41.6823667 ], [ 12.4533678, 41.6824565 ], [ 12.4535541, 41.6825327 ], [ 12.4537523, 41.6826091 ], [ 12.4539501, 41.6826945 ], [ 12.4540834, 41.6827425 ], [ 12.4542163, 41.6827995 ], [ 12.4544202, 41.6828851 ], [ 12.4546244, 41.6829617 ], [ 12.4547456, 41.6830094 ], [ 12.4548637, 41.6830615 ], [ 12.4550678, 41.6831426 ], [ 12.4552776, 41.6832283 ], [ 12.4554255, 41.6832856 ], [ 12.4555881, 41.6833523 ], [ 12.4557863, 41.6834287 ], [ 12.4559842, 41.6835141 ], [ 12.4561912, 41.6835953 ], [ 12.4563865, 41.6836716 ], [ 12.4564929, 41.6837145 ], [ 12.456614, 41.6837667 ], [ 12.4568208, 41.6838524 ], [ 12.4569245, 41.6838907 ], [ 12.4570396, 41.6839428 ], [ 12.4571905, 41.6840002 ], [ 12.4573617, 41.684076 ], [ 12.4575511, 41.6841477 ], [ 12.4577405, 41.6842195 ], [ 12.4579503, 41.6843052 ], [ 12.4580894, 41.6843578 ], [ 12.4582432, 41.6844197 ], [ 12.4584441, 41.6845052 ], [ 12.4586036, 41.6845718 ], [ 12.4587899, 41.684648 ], [ 12.4589937, 41.6847335 ], [ 12.459103, 41.684781 ], [ 12.4592271, 41.6848333 ], [ 12.4593888, 41.6849224 ], [ 12.4595743, 41.6850166 ], [ 12.4597693, 41.6850974 ], [ 12.45997, 41.6851874 ], [ 12.4601621, 41.6852682 ], [ 12.4602832, 41.6853204 ], [ 12.4604073, 41.6853727 ], [ 12.4606023, 41.6854536 ], [ 12.4607975, 41.6855299 ], [ 12.4609335, 41.685587 ], [ 12.4610726, 41.6856396 ], [ 12.4612293, 41.6857016 ], [ 12.4613801, 41.6857635 ], [ 12.461522, 41.6858206 ], [ 12.4616877, 41.6858828 ], [ 12.4617938, 41.6859347 ], [ 12.4618638, 41.685971 ], [ 12.4619116, 41.6859959 ], [ 12.4622812, 41.6859905 ], [ 12.462772, 41.6860374 ], [ 12.4632567, 41.6860841 ], [ 12.4637321, 41.6861396 ], [ 12.4639718, 41.6861488 ], [ 12.464014, 41.6861504 ], [ 12.4642797, 41.6862688 ], [ 12.4649295, 41.6866254 ], [ 12.4659505, 41.6871658 ], [ 12.4665588, 41.6875079 ], [ 12.4666618, 41.6875642 ], [ 12.4670761, 41.6876454 ], [ 12.4675804, 41.6877184 ], [ 12.4675871, 41.6877873 ], [ 12.467719, 41.6877947 ], [ 12.4678408, 41.6878289 ], [ 12.4682216, 41.6879228 ], [ 12.4684223, 41.6879363 ], [ 12.4687505, 41.687993 ], [ 12.4691444, 41.6880603 ], [ 12.4693859, 41.6881061 ], [ 12.4696251, 41.6881339 ], [ 12.4698343, 41.688161 ], [ 12.4699988, 41.6881781 ], [ 12.4702221, 41.6882281 ], [ 12.4704011, 41.6882591 ], [ 12.4706071, 41.6882906 ], [ 12.4708013, 41.6883174 ], [ 12.4710677, 41.6883413 ], [ 12.4713129, 41.6883692 ], [ 12.4715034, 41.6884139 ], [ 12.4717334, 41.688446 ], [ 12.4720502, 41.688489 ], [ 12.4723213, 41.6885445 ], [ 12.472548, 41.6885855 ], [ 12.4727688, 41.6886219 ], [ 12.4730197, 41.6886589 ], [ 12.4732259, 41.688686 ], [ 12.4734919, 41.6887189 ], [ 12.4737373, 41.6887423 ], [ 12.473928, 41.6887612 ], [ 12.4739707, 41.6887654 ], [ 12.4742549, 41.6887942 ], [ 12.4745508, 41.6888322 ], [ 12.4748073, 41.6888784 ], [ 12.4751447, 41.6889308 ], [ 12.4754014, 41.6889725 ], [ 12.4756106, 41.6889996 ], [ 12.4758793, 41.6890415 ], [ 12.4761143, 41.6891007 ], [ 12.4764095, 41.6891567 ], [ 12.476646, 41.6891754 ], [ 12.4769299, 41.6892132 ], [ 12.47728, 41.6892479 ], [ 12.4775757, 41.6892904 ], [ 12.4778264, 41.689332 ], [ 12.4781343, 41.6893702 ], [ 12.4783963, 41.68943 ], [ 12.4787133, 41.689464 ], [ 12.4789194, 41.6894837 ], [ 12.4789587, 41.6894874 ], [ 12.4792329, 41.689543 ], [ 12.4794624, 41.6895885 ], [ 12.4797406, 41.6896172 ], [ 12.4800408, 41.6897003 ], [ 12.4802133, 41.6897446 ], [ 12.4803828, 41.6897888 ], [ 12.4806691, 41.6898402 ], [ 12.4812556, 41.6898981 ], [ 12.4814457, 41.6899517 ], [ 12.4817293, 41.6899985 ], [ 12.4820862, 41.6900108 ], [ 12.4822755, 41.6900105 ], [ 12.4824731, 41.6900283 ], [ 12.4826247, 41.6900677 ], [ 12.4828766, 41.6900777 ], [ 12.4830034, 41.6900625 ], [ 12.4831305, 41.6900382 ], [ 12.4833263, 41.6900245 ], [ 12.4835215, 41.6900243 ], [ 12.4838603, 41.6900407 ], [ 12.4841269, 41.69006 ], [ 12.4844386, 41.6900869 ], [ 12.4844772, 41.6900902 ], [ 12.4845428, 41.6901007 ], [ 12.4847771, 41.6901013 ], [ 12.4849431, 41.6900824 ], [ 12.4850809, 41.6900899 ], [ 12.4852338, 41.6900978 ], [ 12.485481, 41.6900762 ], [ 12.4857518, 41.6900641 ], [ 12.4860572, 41.6900888 ], [ 12.4862703, 41.6900935 ], [ 12.4865739, 41.6900866 ], [ 12.4868409, 41.690097 ], [ 12.487105, 41.6901027 ], [ 12.4874046, 41.6901228 ], [ 12.4877132, 41.6901431 ], [ 12.4880116, 41.6901946 ], [ 12.4882587, 41.6902495 ], [ 12.4885135, 41.6903407 ], [ 12.4887665, 41.6904002 ], [ 12.4889768, 41.6904769 ], [ 12.4891873, 41.690549 ], [ 12.4894581, 41.6906135 ], [ 12.4896656, 41.6906856 ], [ 12.4899375, 41.6907996 ], [ 12.4901361, 41.690867 ], [ 12.4903678, 41.6909351 ], [ 12.4906021, 41.6910123 ], [ 12.4908922, 41.6911222 ], [ 12.4911505, 41.6911999 ], [ 12.4913707, 41.6912542 ], [ 12.4916085, 41.6913179 ], [ 12.4918186, 41.6913991 ], [ 12.4920197, 41.69148 ], [ 12.4920604, 41.691487 ], [ 12.4922883, 41.6915264 ], [ 12.4924583, 41.6915571 ], [ 12.4927092, 41.6916707 ], [ 12.4929278, 41.6917655 ], [ 12.4930958, 41.6918502 ], [ 12.4933777, 41.6919374 ], [ 12.493603, 41.6920144 ], [ 12.4938248, 41.6921048 ], [ 12.4940314, 41.6921994 ], [ 12.4942394, 41.6923345 ], [ 12.4943029, 41.6923903 ], [ 12.4944021, 41.6924777 ], [ 12.4945464, 41.6926294 ], [ 12.4946573, 41.6927894 ], [ 12.4947601, 41.6929268 ], [ 12.4948336, 41.6930454 ], [ 12.4949128, 41.6931733 ], [ 12.4949607, 41.6933319 ], [ 12.4949879, 41.6934811 ], [ 12.4950161, 41.6936078 ], [ 12.4949637, 41.6937192 ], [ 12.4948813, 41.69383 ], [ 12.4948596, 41.6939241 ], [ 12.4949313, 41.6940112 ], [ 12.4950613, 41.6940681 ], [ 12.4951706, 41.6941155 ], [ 12.4953251, 41.6940829 ], [ 12.4954811, 41.6940097 ], [ 12.495622, 41.6939407 ], [ 12.495799, 41.693868 ], [ 12.4959395, 41.6938081 ], [ 12.4961192, 41.6937444 ], [ 12.4964105, 41.6936697 ], [ 12.4966187, 41.6936472 ], [ 12.4968231, 41.6935661 ], [ 12.4969143, 41.6934601 ], [ 12.4969692, 41.6933622 ], [ 12.4970035, 41.6932504 ], [ 12.4970831, 41.693135 ], [ 12.4972081, 41.6930116 ], [ 12.4973503, 41.6929067 ], [ 12.4975316, 41.6928026 ], [ 12.4977282, 41.6926898 ], [ 12.4978961, 41.6926214 ], [ 12.4981732, 41.6926004 ], [ 12.498315, 41.6925089 ], [ 12.4983757, 41.6924157 ], [ 12.4984614, 41.6922959 ], [ 12.498455, 41.6922283 ], [ 12.4985529, 41.6920278 ], [ 12.4985626, 41.6919334 ], [ 12.4985918, 41.691799 ], [ 12.4986866, 41.6916794 ], [ 12.4988106, 41.6915786 ], [ 12.498944, 41.6914689 ], [ 12.4990646, 41.6913815 ], [ 12.4993707, 41.691235 ], [ 12.4996361, 41.6911282 ], [ 12.49995, 41.6910135 ], [ 12.5001249, 41.6909182 ], [ 12.5003277, 41.690801 ], [ 12.5005562, 41.690716 ], [ 12.5007582, 41.6906978 ], [ 12.5010091, 41.6906583 ], [ 12.5012426, 41.6906003 ], [ 12.5014169, 41.6905697 ], [ 12.501539, 41.6905482 ], [ 12.5017236, 41.6905117 ], [ 12.5019801, 41.6904813 ], [ 12.5020978, 41.6904666 ], [ 12.502288, 41.6904429 ], [ 12.5025046, 41.6904341 ], [ 12.5027606, 41.6904172 ], [ 12.5029866, 41.6903996 ], [ 12.5032124, 41.6903865 ], [ 12.5034502, 41.6903736 ], [ 12.5036611, 41.6903557 ], [ 12.5038874, 41.6903291 ], [ 12.5040706, 41.690252 ], [ 12.5041897, 41.690124 ], [ 12.5042961, 41.6900138 ], [ 12.5044488, 41.689873 ], [ 12.5045535, 41.6897267 ], [ 12.5046404, 41.6894989 ], [ 12.504706, 41.6893562 ], [ 12.5048241, 41.6892552 ], [ 12.50497, 41.6891323 ], [ 12.5050771, 41.6890806 ], [ 12.5052439, 41.6889626 ], [ 12.5054592, 41.6888322 ], [ 12.5056925, 41.6887022 ], [ 12.5058316, 41.6886016 ], [ 12.506164, 41.6883162 ], [ 12.506335, 41.6881668 ], [ 12.5065241, 41.6880133 ], [ 12.5066549, 41.6878945 ], [ 12.506847, 41.6877411 ], [ 12.5069901, 41.6876136 ], [ 12.5071198, 41.6875219 ], [ 12.5073283, 41.6874138 ], [ 12.5074841, 41.6873451 ], [ 12.5075946, 41.6873002 ], [ 12.5077795, 41.687239 ], [ 12.5079477, 41.6871616 ], [ 12.5081433, 41.6870757 ], [ 12.5083392, 41.6869809 ], [ 12.508501, 41.6869124 ], [ 12.5086646, 41.6867989 ], [ 12.5087779, 41.6866662 ], [ 12.5088874, 41.6865515 ], [ 12.508992, 41.6864863 ], [ 12.5090729, 41.6864925 ], [ 12.5092193, 41.6865137 ], [ 12.509419, 41.686554 ], [ 12.5095574, 41.6866246 ], [ 12.509657, 41.6866898 ], [ 12.5097813, 41.6867375 ], [ 12.5100721, 41.6868294 ], [ 12.5105369, 41.6870061 ], [ 12.5109824, 41.6871373 ], [ 12.5114575, 41.6872782 ], [ 12.5120506, 41.6873991 ], [ 12.5127141, 41.6875621 ], [ 12.5130681, 41.6876508 ], [ 12.5134734, 41.6877361 ], [ 12.5138454, 41.6879018 ], [ 12.5141367, 41.6880612 ], [ 12.5142025, 41.6880671 ], [ 12.5144374, 41.6882073 ], [ 12.5146541, 41.6883516 ], [ 12.5146788, 41.6883746 ], [ 12.5148378, 41.6884952 ], [ 12.5149433, 41.688565 ], [ 12.515063, 41.6886531 ], [ 12.5152273, 41.6887603 ], [ 12.5153886, 41.6888869 ], [ 12.5154826, 41.6889612 ], [ 12.5155567, 41.6890151 ], [ 12.5157201, 41.6891402 ], [ 12.5158897, 41.6892609 ], [ 12.5159236, 41.6892863 ], [ 12.5160444, 41.6893768 ], [ 12.5162138, 41.6895021 ], [ 12.5163744, 41.6896226 ], [ 12.5165351, 41.6897387 ], [ 12.5166989, 41.6898548 ], [ 12.5168683, 41.6899801 ], [ 12.5170112, 41.6900912 ], [ 12.5171749, 41.6902073 ], [ 12.5173327, 41.6903233 ], [ 12.5174348, 41.6904021 ], [ 12.5175459, 41.690481 ], [ 12.5176978, 41.6905924 ], [ 12.5177884, 41.6906574 ], [ 12.5178819, 41.690727 ], [ 12.517984, 41.6908057 ], [ 12.5180541, 41.6908568 ], [ 12.5185574, 41.6912819 ], [ 12.5186873, 41.6914198 ], [ 12.5188059, 41.6915394 ], [ 12.5189212, 41.6916635 ], [ 12.5190691, 41.6918018 ], [ 12.5191504, 41.6918756 ], [ 12.5192377, 41.6919496 ], [ 12.5193783, 41.6920427 ], [ 12.5195219, 41.6921358 ], [ 12.5196858, 41.6922474 ], [ 12.5198646, 41.6923639 ], [ 12.5199584, 41.6924244 ], [ 12.5200696, 41.6924989 ], [ 12.5201684, 41.6925866 ], [ 12.5202728, 41.6926834 ], [ 12.5204306, 41.6927994 ], [ 12.5205912, 41.6929199 ], [ 12.5207078, 41.6930125 ], [ 12.5208392, 41.6931099 ], [ 12.5209963, 41.6932439 ], [ 12.5211473, 41.6933777 ], [ 12.5212523, 41.693461 ], [ 12.5213685, 41.6935626 ], [ 12.5215169, 41.6936874 ], [ 12.5216742, 41.6938169 ], [ 12.5217585, 41.6938907 ], [ 12.5218544, 41.6939739 ], [ 12.5219562, 41.6940616 ], [ 12.5220786, 41.6941588 ], [ 12.5222212, 41.694279 ], [ 12.5222996, 41.6943482 ], [ 12.5223869, 41.6944222 ], [ 12.5225293, 41.6945468 ], [ 12.5226837, 41.6946717 ], [ 12.5228413, 41.6947922 ], [ 12.5229141, 41.6948523 ], [ 12.5230046, 41.6949218 ], [ 12.5231682, 41.6950424 ], [ 12.5233379, 41.6951587 ], [ 12.5235104, 41.695284 ], [ 12.52368, 41.6954047 ], [ 12.5237646, 41.6954696 ], [ 12.5238699, 41.6955439 ], [ 12.5240342, 41.6956465 ], [ 12.5241603, 41.6957258 ], [ 12.5243129, 41.6958191 ], [ 12.5243968, 41.69586 ], [ 12.5245548, 41.6959369 ], [ 12.5257168, 41.6962636 ], [ 12.5258865, 41.6963033 ], [ 12.5260826, 41.6963616 ], [ 12.5263056, 41.6964204 ], [ 12.5264365, 41.6964548 ], [ 12.526594, 41.6964987 ], [ 12.5268082, 41.6965528 ], [ 12.5270223, 41.6966115 ], [ 12.5272037, 41.6966604 ], [ 12.5274117, 41.6967189 ], [ 12.5275426, 41.6967533 ], [ 12.5276794, 41.6967877 ], [ 12.5278221, 41.6968268 ], [ 12.5279915, 41.6968755 ], [ 12.5281967, 41.6969295 ], [ 12.5282979, 41.6969542 ], [ 12.5284226, 41.6969929 ], [ 12.5285831, 41.6970368 ], [ 12.5287037, 41.6970727 ], [ 12.5289341, 41.6971299 ], [ 12.5291601, 41.6971888 ], [ 12.52938, 41.6972521 ], [ 12.529487, 41.6972814 ], [ 12.5296121, 41.6973111 ], [ 12.5297223, 41.697336 ], [ 12.5298503, 41.6973658 ], [ 12.5300534, 41.6973972 ], [ 12.5301728, 41.6974178 ], [ 12.5303041, 41.6974386 ], [ 12.5305141, 41.6974476 ], [ 12.530721, 41.6974566 ], [ 12.5308893, 41.6974557 ], [ 12.5310365, 41.6974544 ], [ 12.531259, 41.6974501 ], [ 12.5314275, 41.6974447 ], [ 12.5315809, 41.697439 ], [ 12.5318067, 41.6974259 ], [ 12.5326954, 41.6974405 ], [ 12.533489, 41.6975836 ], [ 12.5337034, 41.6976332 ], [ 12.533918, 41.6976784 ], [ 12.5340877, 41.697718 ], [ 12.5342518, 41.6977486 ], [ 12.5344782, 41.6977985 ], [ 12.5346867, 41.6978435 ], [ 12.5348981, 41.697893 ], [ 12.5350979, 41.6979333 ], [ 12.5356761, 41.6980538 ], [ 12.5360667, 41.6981298 ], [ 12.5362741, 41.6982063 ], [ 12.5364343, 41.6982592 ], [ 12.5365336, 41.6983334 ], [ 12.5365934, 41.6984202 ], [ 12.5366133, 41.6985287 ], [ 12.5365971, 41.6986365 ], [ 12.5365292, 41.698756 ], [ 12.5360727, 41.6992331 ], [ 12.5356844, 41.6996436 ], [ 12.5356169, 41.6997592 ], [ 12.5355879, 41.6999702 ], [ 12.5356192, 41.7000159 ], [ 12.5356904, 41.7001165 ], [ 12.535936, 41.7002164 ], [ 12.5360036, 41.7002538 ], [ 12.53662, 41.7003977 ], [ 12.5367779, 41.7004326 ], [ 12.5372925, 41.7004886 ], [ 12.5377762, 41.7005665 ], [ 12.538271, 41.7005907 ], [ 12.5388105, 41.7006247 ], [ 12.5390404, 41.7006612 ], [ 12.5392561, 41.7007559 ], [ 12.5393247, 41.7008474 ], [ 12.5393561, 41.7009697 ], [ 12.5393413, 41.70128 ], [ 12.5393113, 41.7016734 ], [ 12.5392923, 41.7018554 ], [ 12.5392859, 41.7019453 ], [ 12.539274, 41.7020982 ], [ 12.5393051, 41.7021484 ], [ 12.5393653, 41.7022262 ], [ 12.5394896, 41.7022739 ], [ 12.5398837, 41.7023409 ], [ 12.5406084, 41.7024014 ], [ 12.5411258, 41.7025431 ], [ 12.5415477, 41.7027458 ], [ 12.5418209, 41.7029858 ], [ 12.541961, 41.7031734 ], [ 12.542182, 41.7033672 ], [ 12.5424611, 41.7035308 ], [ 12.5428256, 41.7036647 ], [ 12.5431927, 41.7038077 ], [ 12.5432785, 41.7038644 ], [ 12.5433334, 41.7039007 ], [ 12.5434848, 41.7040256 ], [ 12.5435941, 41.704154 ], [ 12.5437025, 41.7045436 ], [ 12.5439768, 41.7050718 ], [ 12.5442372, 41.705334 ], [ 12.5446317, 41.7056261 ], [ 12.5450337, 41.7059132 ], [ 12.5454657, 41.7062114 ], [ 12.5457438, 41.7065106 ], [ 12.5457774, 41.7065467 ], [ 12.5458151, 41.7070564 ], [ 12.5460386, 41.7074214 ], [ 12.5464414, 41.7078128 ], [ 12.5471209, 41.7082731 ], [ 12.5480781, 41.7088609 ], [ 12.5484735, 41.7091305 ], [ 12.5487893, 41.709439 ], [ 12.5489756, 41.7095961 ], [ 12.5493064, 41.7097472 ], [ 12.5497549, 41.7098063 ], [ 12.5500995, 41.7099082 ], [ 12.5505119, 41.7103628 ], [ 12.5509568, 41.7109127 ], [ 12.5511251, 41.7110694 ], [ 12.5511626, 41.7111107 ], [ 12.5512837, 41.7111673 ], [ 12.5514135, 41.7112286 ], [ 12.5515625, 41.7112633 ], [ 12.5517174, 41.7112981 ], [ 12.5519354, 41.7113343 ], [ 12.5520995, 41.7113648 ], [ 12.5522846, 41.7113958 ], [ 12.5525651, 41.7114468 ], [ 12.5530557, 41.7115833 ], [ 12.5534955, 41.7116332 ], [ 12.5539005, 41.7116509 ], [ 12.5544286, 41.7116711 ], [ 12.5571164, 41.711314 ], [ 12.5574188, 41.7112619 ], [ 12.5580922, 41.7113348 ], [ 12.5589758, 41.7114887 ], [ 12.5599575, 41.7117482 ], [ 12.5603894, 41.7117709 ], [ 12.5604768, 41.7117637 ], [ 12.5606156, 41.7117487 ], [ 12.5607544, 41.7117336 ], [ 12.5609218, 41.7117169 ], [ 12.5610473, 41.7116948 ], [ 12.561123, 41.7116784 ], [ 12.5613107, 41.7116419 ], [ 12.5614906, 41.711608 ], [ 12.5615377, 41.7115994 ], [ 12.5626058, 41.7114037 ], [ 12.5627627, 41.7113845 ], [ 12.5628805, 41.711369 ], [ 12.5630165, 41.7113493 ], [ 12.5632397, 41.7113271 ], [ 12.5633975, 41.7112854 ], [ 12.5635732, 41.7112486 ], [ 12.5636641, 41.711228 ], [ 12.5638117, 41.7112176 ], [ 12.5639528, 41.7112206 ], [ 12.5641346, 41.7112605 ], [ 12.5643524, 41.7113011 ], [ 12.5645758, 41.7113428 ], [ 12.5647433, 41.7113747 ], [ 12.5648388, 41.7113925 ], [ 12.5649163, 41.7114076 ], [ 12.5650306, 41.7114056 ], [ 12.5651657, 41.7114084 ], [ 12.565331, 41.7114074 ], [ 12.5655145, 41.7114023 ], [ 12.5656347, 41.7114004 ], [ 12.565764, 41.7113986 ], [ 12.5659915, 41.7114214 ], [ 12.5661802, 41.7114389 ], [ 12.566396, 41.7114525 ], [ 12.5665366, 41.711469 ], [ 12.567043, 41.7115068 ], [ 12.5675448, 41.7115849 ], [ 12.568005, 41.7116532 ], [ 12.5692311, 41.7122871 ], [ 12.5699242, 41.7125251 ], [ 12.5700558, 41.7125702 ], [ 12.5703497, 41.7128554 ], [ 12.5705776, 41.7130766 ], [ 12.5710146, 41.7133605 ], [ 12.5711175, 41.7134212 ], [ 12.5713004, 41.7135107 ], [ 12.57144, 41.7135541 ], [ 12.5715676, 41.7135974 ], [ 12.5717694, 41.7136647 ], [ 12.5721937, 41.7138087 ], [ 12.5722647, 41.7138373 ], [ 12.5724724, 41.7139092 ], [ 12.5726828, 41.7139857 ], [ 12.5728575, 41.7140569 ], [ 12.5730289, 41.7141326 ], [ 12.5732273, 41.7142088 ], [ 12.5734285, 41.7142942 ], [ 12.5735089, 41.7143139 ], [ 12.5736571, 41.7143665 ], [ 12.5738566, 41.7144158 ], [ 12.5740865, 41.7144566 ], [ 12.5745155, 41.7144747 ], [ 12.5746112, 41.7144857 ], [ 12.5747432, 41.714493 ], [ 12.5749658, 41.7140069 ], [ 12.574992, 41.7139489 ], [ 12.5750413, 41.7138374 ], [ 12.5751194, 41.7136769 ], [ 12.5751978, 41.713512 ], [ 12.5752696, 41.7133604 ], [ 12.5753225, 41.7132309 ], [ 12.5753947, 41.7130703 ], [ 12.5754668, 41.7129097 ], [ 12.5755417, 41.7127481 ], [ 12.5755877, 41.7126511 ], [ 12.575636, 41.7125666 ], [ 12.5757078, 41.712415 ], [ 12.5757921, 41.7122501 ], [ 12.5758467, 41.7121567 ], [ 12.5758979, 41.7120723 ], [ 12.5759911, 41.7119121 ], [ 12.5760812, 41.7117519 ], [ 12.5761776, 41.7115873 ], [ 12.5762577, 41.7114539 ], [ 12.5763437, 41.7113252 ], [ 12.576443, 41.7111606 ], [ 12.5765422, 41.7110006 ], [ 12.5766413, 41.7108406 ], [ 12.5766779, 41.7107824 ], [ 12.5767308, 41.7106984 ], [ 12.5768268, 41.7105428 ], [ 12.5769226, 41.7103917 ], [ 12.5769629, 41.7103127 ], [ 12.5770163, 41.7102181 ], [ 12.5770744, 41.7101112 ], [ 12.577123, 41.7100177 ], [ 12.57721, 41.7098619 ], [ 12.5772904, 41.7097195 ], [ 12.5773706, 41.7095861 ], [ 12.5774579, 41.7094213 ], [ 12.5775542, 41.7092568 ], [ 12.577641, 41.7091055 ], [ 12.5777248, 41.7089542 ], [ 12.5777859, 41.7088474 ], [ 12.57785, 41.7087407 ], [ 12.5779069, 41.7086609 ], [ 12.5780131, 41.7085595 ], [ 12.5781441, 41.7084316 ], [ 12.5782282, 41.7083524 ], [ 12.5783156, 41.7082641 ], [ 12.5784559, 41.7081275 ], [ 12.5785622, 41.7080172 ], [ 12.5786891, 41.7078961 ], [ 12.5787835, 41.7078057 ], [ 12.5788895, 41.7077043 ], [ 12.5790021, 41.7075851 ], [ 12.5791086, 41.7074703 ], [ 12.5791305, 41.7074482 ], [ 12.5792766, 41.7073162 ], [ 12.5793486, 41.7072412 ], [ 12.5794416, 41.7071621 ], [ 12.579579, 41.7070254 ], [ 12.5796911, 41.7069197 ], [ 12.5798003, 41.7068139 ], [ 12.5799372, 41.7066862 ], [ 12.5800742, 41.7065585 ], [ 12.5802261, 41.7064356 ], [ 12.5803801, 41.7063134 ], [ 12.5804708, 41.7062382 ], [ 12.580576, 41.7061593 ], [ 12.5807188, 41.7060362 ], [ 12.5808151, 41.7059527 ], [ 12.5808616, 41.7059132 ], [ 12.5809701, 41.7058254 ], [ 12.5810787, 41.7057331 ], [ 12.5812469, 41.7055745 ], [ 12.5814623, 41.7053584 ], [ 12.5816385, 41.705146 ], [ 12.5817445, 41.7050301 ], [ 12.5817638, 41.705009 ], [ 12.5818668, 41.7049076 ], [ 12.5820176, 41.7047307 ], [ 12.5821494, 41.7045804 ], [ 12.5822869, 41.7044391 ], [ 12.5823937, 41.7043153 ], [ 12.5825284, 41.7041695 ], [ 12.5826722, 41.7040195 ], [ 12.5839064, 41.7027531 ], [ 12.5842616, 41.7023898 ], [ 12.5846312, 41.7020118 ], [ 12.5847061, 41.7019368 ], [ 12.5848092, 41.7018309 ], [ 12.5849467, 41.7016897 ], [ 12.5850158, 41.7016101 ], [ 12.5851032, 41.7015219 ], [ 12.585165, 41.7013971 ], [ 12.5852681, 41.7012101 ], [ 12.5853015, 41.7011208 ], [ 12.585332, 41.7010268 ], [ 12.5853696, 41.700906 ], [ 12.5854072, 41.7007853 ], [ 12.5854604, 41.7006468 ], [ 12.585508, 41.7004992 ], [ 12.5855831, 41.7003387 ], [ 12.5856742, 41.7001514 ], [ 12.5858106, 41.6999607 ], [ 12.5858861, 41.6998677 ], [ 12.5859651, 41.6997658 ], [ 12.5860884, 41.6996018 ], [ 12.5863476, 41.699337 ], [ 12.586543, 41.6991745 ], [ 12.5868199, 41.6990002 ], [ 12.5869767, 41.6989044 ], [ 12.5874012, 41.6987197 ], [ 12.5876692, 41.6986218 ], [ 12.5879577, 41.6985378 ], [ 12.5884079, 41.6984326 ], [ 12.5889166, 41.6983137 ], [ 12.5890185, 41.6982899 ], [ 12.5894349, 41.698159 ], [ 12.5896434, 41.6980463 ], [ 12.5897523, 41.697933 ], [ 12.5898158, 41.6978563 ], [ 12.5899446, 41.6975438 ], [ 12.5900065, 41.6973334 ], [ 12.5901643, 41.6968909 ], [ 12.5904563, 41.6963117 ], [ 12.590554, 41.6961876 ], [ 12.5906828, 41.6960372 ], [ 12.5907994, 41.6958911 ], [ 12.5909222, 41.6957405 ], [ 12.5909883, 41.6956609 ], [ 12.5911017, 41.6955192 ], [ 12.591216, 41.6953549 ], [ 12.5913107, 41.6952308 ], [ 12.59144, 41.6950669 ], [ 12.591773, 41.6945966 ], [ 12.5919729, 41.6943126 ], [ 12.5929699, 41.693595 ], [ 12.5944484, 41.6926938 ], [ 12.5945375, 41.6926417 ], [ 12.5947128, 41.6925327 ], [ 12.5948265, 41.6924631 ], [ 12.5949588, 41.6923803 ], [ 12.5950602, 41.6923194 ], [ 12.5951554, 41.6922628 ], [ 12.5951891, 41.6922455 ], [ 12.595299, 41.692177 ], [ 12.5953429, 41.6921497 ], [ 12.595521, 41.6920453 ], [ 12.5955672, 41.6920103 ], [ 12.5957079, 41.6919051 ], [ 12.5957927, 41.6918484 ], [ 12.5959528, 41.6917436 ], [ 12.5960478, 41.6916916 ], [ 12.5967404, 41.6912423 ], [ 12.5968423, 41.6911679 ], [ 12.5969132, 41.6911198 ], [ 12.5969596, 41.6910847 ], [ 12.5970303, 41.6910412 ], [ 12.5970765, 41.6910106 ], [ 12.5971253, 41.6909891 ], [ 12.5971835, 41.6909588 ], [ 12.5972904, 41.6909116 ], [ 12.5973576, 41.6908814 ], [ 12.597449, 41.6908473 ], [ 12.5975434, 41.6908133 ], [ 12.597635, 41.6907747 ], [ 12.5977052, 41.6907446 ], [ 12.5978027, 41.6907061 ], [ 12.5979576, 41.6906598 ], [ 12.5995612, 41.690189 ], [ 12.5996281, 41.6901679 ], [ 12.5996889, 41.6901466 ], [ 12.5997591, 41.6901166 ], [ 12.6007402, 41.6905563 ], [ 12.601126, 41.6906927 ], [ 12.6022845, 41.6911022 ], [ 12.6023784, 41.6911325 ], [ 12.6024244, 41.6911473 ], [ 12.6027985, 41.6912977 ], [ 12.6031938, 41.6914518 ], [ 12.6014181, 41.6926782 ], [ 12.6020877, 41.6934136 ], [ 12.60236, 41.694175 ], [ 12.6028039, 41.6954803 ], [ 12.6038926, 41.6962701 ], [ 12.6043138, 41.6969007 ], [ 12.6052534, 41.6977897 ], [ 12.605614, 41.6984493 ], [ 12.6050122, 41.69913 ], [ 12.6042862, 41.6995896 ], [ 12.6037905, 41.6999788 ], [ 12.6035432, 41.7000271 ], [ 12.6031771, 41.7001018 ], [ 12.6029552, 41.7001492 ], [ 12.603385, 41.7007956 ], [ 12.6043098, 41.7021868 ], [ 12.6052632, 41.70335 ], [ 12.6053612, 41.703437 ], [ 12.6061039, 41.704107 ], [ 12.6068101, 41.7047422 ], [ 12.6084953, 41.7056392 ], [ 12.6093131, 41.7061595 ], [ 12.6094462, 41.7062442 ], [ 12.609761, 41.7065134 ], [ 12.6108919, 41.7071397 ], [ 12.6120741, 41.707985 ], [ 12.6122622, 41.7081973 ], [ 12.6122928, 41.7082342 ], [ 12.6124837, 41.7084477 ], [ 12.6125359, 41.7085063 ], [ 12.6129287, 41.7089216 ], [ 12.6127441, 41.7090327 ], [ 12.6124862, 41.7091877 ], [ 12.6122037, 41.7093587 ], [ 12.6119486, 41.7092939 ], [ 12.6105008, 41.708926 ], [ 12.6091642, 41.7083557 ], [ 12.6079488, 41.7077366 ], [ 12.6066886, 41.7073755 ], [ 12.6058798, 41.7071352 ], [ 12.6047416, 41.7067252 ], [ 12.6042092, 41.7064988 ], [ 12.603245, 41.708195 ], [ 12.6040245, 41.7082336 ], [ 12.6043958, 41.710131 ], [ 12.6044797, 41.7105561 ], [ 12.6040802, 41.7112035 ], [ 12.6040362, 41.7112751 ], [ 12.6036858, 41.7118462 ], [ 12.602129, 41.7116114 ], [ 12.6001302, 41.7137318 ], [ 12.5994758, 41.7158523 ], [ 12.5994497, 41.7159368 ], [ 12.600267, 41.7162307 ], [ 12.6003251, 41.7162516 ], [ 12.601157, 41.7165001 ], [ 12.601405, 41.7166229 ], [ 12.6012624, 41.7167222 ], [ 12.6008497, 41.7170095 ], [ 12.6002867, 41.7172838 ], [ 12.6000328, 41.7176475 ], [ 12.600299, 41.7185667 ], [ 12.6003262, 41.7191331 ], [ 12.6002801, 41.7197064 ], [ 12.6000216, 41.719719 ], [ 12.599161, 41.719764 ], [ 12.5976232, 41.7210144 ], [ 12.5964276, 41.720885 ], [ 12.5957202, 41.7208084 ], [ 12.5953549, 41.7207253 ], [ 12.5948982, 41.720618 ], [ 12.5944233, 41.7205071 ], [ 12.5937662, 41.7203537 ], [ 12.5926845, 41.7201401 ], [ 12.592201, 41.7200721 ], [ 12.592149, 41.7202854 ], [ 12.5921272, 41.7203763 ], [ 12.5921033, 41.7204759 ], [ 12.5914615, 41.7231255 ], [ 12.5914345, 41.7232002 ], [ 12.5913069, 41.7235256 ], [ 12.5901208, 41.7268369 ], [ 12.5906298, 41.7270461 ], [ 12.5914258, 41.7269717 ], [ 12.5926435, 41.7265644 ], [ 12.5934741, 41.7262502 ], [ 12.5942248, 41.7260646 ], [ 12.5946868, 41.7259421 ], [ 12.5953629, 41.7265062 ], [ 12.5959633, 41.7261993 ], [ 12.5967417, 41.7259452 ], [ 12.5969445, 41.7260093 ], [ 12.597027, 41.7260353 ], [ 12.5970158, 41.7263599 ], [ 12.59687, 41.726826 ], [ 12.5967697, 41.7271465 ], [ 12.5966271, 41.7274956 ], [ 12.5957373, 41.7296733 ], [ 12.5963636, 41.7299643 ], [ 12.5967518, 41.730169 ], [ 12.5967381, 41.7302478 ], [ 12.5965659, 41.7301902 ], [ 12.5964094, 41.7301148 ], [ 12.596213, 41.7300612 ], [ 12.5960852, 41.7300225 ], [ 12.5959242, 41.7299876 ], [ 12.5957565, 41.7299706 ], [ 12.5954592, 41.7299643 ], [ 12.5952186, 41.7299683 ], [ 12.595002, 41.7299728 ], [ 12.5947878, 41.7299953 ], [ 12.5944923, 41.7300207 ], [ 12.5943616, 41.7300584 ], [ 12.5942076, 41.7300777 ], [ 12.5941223, 41.7301075 ], [ 12.5939012, 41.7302334 ], [ 12.5936948, 41.7304497 ], [ 12.5936207, 41.7306081 ], [ 12.5934451, 41.7307777 ], [ 12.5932029, 41.7309033 ], [ 12.593138, 41.7309514 ], [ 12.5931732, 41.7311368 ], [ 12.5932297, 41.7313946 ], [ 12.5930416, 41.7328029 ], [ 12.5931478, 41.7328609 ], [ 12.5933489, 41.7329507 ], [ 12.593745, 41.7331301 ], [ 12.5940496, 41.7332626 ], [ 12.5943037, 41.7333805 ], [ 12.5947422, 41.7335518 ], [ 12.5949134, 41.7336364 ], [ 12.5952249, 41.7337465 ], [ 12.5953388, 41.7338344 ], [ 12.5955412, 41.7339693 ], [ 12.5958193, 41.7341687 ], [ 12.5960334, 41.7343128 ], [ 12.5963378, 41.7345308 ], [ 12.597217, 41.734977 ], [ 12.5978767, 41.735261 ], [ 12.5987123, 41.7356657 ], [ 12.5990196, 41.7358073 ], [ 12.5990798, 41.7358797 ], [ 12.5991376, 41.7359493 ], [ 12.5991897, 41.7360707 ], [ 12.599204, 41.7361038 ], [ 12.5992632, 41.7362897 ], [ 12.5992873, 41.7363667 ], [ 12.5993234, 41.7364485 ], [ 12.5993826, 41.7366344 ], [ 12.5993192, 41.7374481 ], [ 12.5995131, 41.7376503 ], [ 12.5996247, 41.7378012 ], [ 12.5997288, 41.7379115 ], [ 12.5998259, 41.7380486 ], [ 12.5998995, 41.7381717 ], [ 12.5999583, 41.7383666 ], [ 12.6000002, 41.7385341 ], [ 12.5999941, 41.7387771 ], [ 12.599946, 41.7391814 ], [ 12.5997306, 41.7391544 ], [ 12.5995198, 41.7391635 ], [ 12.5992954, 41.7392173 ], [ 12.5990826, 41.7392804 ], [ 12.598922, 41.7393941 ], [ 12.5987227, 41.739498 ], [ 12.5985296, 41.7396786 ], [ 12.5984637, 41.7398349 ], [ 12.5984243, 41.7400052 ], [ 12.5984031, 41.7400903 ], [ 12.5983228, 41.7402282 ], [ 12.5982225, 41.7403387 ], [ 12.5980537, 41.7404297 ], [ 12.5979037, 41.7405031 ], [ 12.5977511, 41.740563 ], [ 12.597642, 41.7405877 ], [ 12.5975364, 41.740599 ], [ 12.5974104, 41.7405919 ], [ 12.5971809, 41.7405375 ], [ 12.5970591, 41.7404989 ], [ 12.5969077, 41.7405273 ], [ 12.5968271, 41.7405932 ], [ 12.5966796, 41.7405991 ], [ 12.596369, 41.7405431 ], [ 12.5959622, 41.7404895 ], [ 12.595654, 41.7405326 ], [ 12.5953142, 41.7406155 ], [ 12.5949636, 41.7405857 ], [ 12.5942821, 41.7404813 ], [ 12.5939581, 41.7405421 ], [ 12.593646, 41.7406887 ], [ 12.593417, 41.740945 ], [ 12.5932328, 41.7408061 ], [ 12.5931954, 41.7407603 ], [ 12.5930022, 41.7405401 ], [ 12.5924381, 41.7404337 ], [ 12.592289, 41.740399 ], [ 12.5920626, 41.7403448 ], [ 12.5915345, 41.7402391 ], [ 12.5913879, 41.740218 ], [ 12.59128, 41.7402113 ], [ 12.5912231, 41.7402056 ], [ 12.5911723, 41.7401955 ], [ 12.591054, 41.7401435 ], [ 12.5909828, 41.7401195 ], [ 12.5908727, 41.7400901 ], [ 12.5907712, 41.74007 ], [ 12.5906697, 41.7400499 ], [ 12.5906988, 41.7399709 ], [ 12.5906579, 41.7399641 ], [ 12.5900223, 41.7398381 ], [ 12.5896233, 41.7398163 ], [ 12.5894643, 41.7398084 ], [ 12.5886687, 41.7396206 ], [ 12.5882857, 41.7396531 ], [ 12.5879313, 41.7396456 ], [ 12.5875718, 41.73953 ], [ 12.5868691, 41.7395107 ], [ 12.5864931, 41.7396785 ], [ 12.5862928, 41.7398093 ], [ 12.5860451, 41.7398402 ], [ 12.5857918, 41.7397709 ], [ 12.5844153, 41.7395833 ], [ 12.5846323, 41.7399185 ], [ 12.5844086, 41.7413143 ], [ 12.5846104, 41.7421065 ], [ 12.5847408, 41.7423164 ], [ 12.5850692, 41.7426422 ], [ 12.5856413, 41.743317 ], [ 12.5857642, 41.7434862 ], [ 12.5858395, 41.743803 ], [ 12.5860009, 41.7441486 ], [ 12.586368, 41.7447012 ], [ 12.586829, 41.7454764 ], [ 12.5870469, 41.7457602 ], [ 12.5870948, 41.7457657 ], [ 12.5874097, 41.7457858 ], [ 12.5877285, 41.7457835 ], [ 12.5881679, 41.7457702 ], [ 12.5884923, 41.7457771 ], [ 12.5888381, 41.7458564 ], [ 12.589185, 41.7459852 ], [ 12.5892671, 41.746122 ], [ 12.5892668, 41.7463697 ], [ 12.5892621, 41.7465768 ], [ 12.5896024, 41.7472053 ], [ 12.589979, 41.7479067 ], [ 12.5899622, 41.7481945 ], [ 12.5899209, 41.7483333 ], [ 12.5899724, 41.7484829 ], [ 12.5899121, 41.7487293 ], [ 12.589622, 41.7492501 ], [ 12.5894929, 41.7492474 ], [ 12.5890656, 41.7495762 ], [ 12.5883838, 41.7501202 ], [ 12.5879554, 41.7504805 ], [ 12.5877879, 41.7506165 ], [ 12.5875856, 41.7508014 ], [ 12.5874397, 41.7509244 ], [ 12.5873231, 41.750985 ], [ 12.587227, 41.750983 ], [ 12.5871307, 41.7509855 ], [ 12.5870305, 41.7510104 ], [ 12.5869901, 41.7510456 ], [ 12.5869556, 41.7510854 ], [ 12.5868848, 41.7511289 ], [ 12.5867721, 41.7511671 ], [ 12.5867082, 41.7511883 ], [ 12.5862885, 41.7513956 ], [ 12.5861154, 41.7515225 ], [ 12.5859798, 41.7516097 ], [ 12.5858736, 41.7516345 ], [ 12.5857561, 41.7516411 ], [ 12.5856538, 41.7516434 ], [ 12.5855799, 41.7516914 ], [ 12.5854835, 41.7517749 ], [ 12.5853298, 41.7518663 ], [ 12.5850173, 41.7519407 ], [ 12.5848373, 41.752009 ], [ 12.5847211, 41.7520606 ], [ 12.584662, 41.7521134 ], [ 12.5845069, 41.7521597 ], [ 12.5844125, 41.7521937 ], [ 12.5842455, 41.7522352 ], [ 12.5840442, 41.752312 ], [ 12.5838628, 41.7523397 ], [ 12.5837588, 41.7523871 ], [ 12.5837058, 41.7524355 ], [ 12.5835327, 41.7525624 ], [ 12.5831785, 41.7529468 ], [ 12.5829149, 41.7533195 ], [ 12.5827591, 41.7535458 ], [ 12.5827295, 41.7536386 ], [ 12.5826285, 41.7537412 ], [ 12.582585, 41.7537627 ], [ 12.582506, 41.7538017 ], [ 12.5825031, 41.7538782 ], [ 12.5825854, 41.7539294 ], [ 12.5830589, 41.7539709 ], [ 12.5834489, 41.7539461 ], [ 12.5836925, 41.7539122 ], [ 12.5837928, 41.7538828 ], [ 12.5838955, 41.7538715 ], [ 12.58401, 41.7538649 ], [ 12.5841, 41.7538713 ], [ 12.584224, 41.7539324 ], [ 12.5843129, 41.7539658 ], [ 12.5844013, 41.7540127 ], [ 12.584502, 41.7540553 ], [ 12.5846368, 41.7540672 ], [ 12.5847126, 41.7540508 ], [ 12.5848043, 41.7540122 ], [ 12.5848751, 41.7539686 ], [ 12.5849542, 41.7539433 ], [ 12.5851224, 41.7539468 ], [ 12.58539, 41.7539479 ], [ 12.5857944, 41.753988 ], [ 12.5861766, 41.754059 ], [ 12.586569, 41.7541798 ], [ 12.5867971, 41.7542702 ], [ 12.5868851, 41.7543306 ], [ 12.5870137, 41.7544278 ], [ 12.5870918, 41.7545106 ], [ 12.5871752, 41.7546114 ], [ 12.587292, 41.7547039 ], [ 12.5874643, 41.7547615 ], [ 12.587654, 41.7548331 ], [ 12.5878351, 41.7548954 ], [ 12.5879831, 41.7549571 ], [ 12.5881559, 41.7550418 ], [ 12.5882275, 41.7550973 ], [ 12.5883867, 41.7551817 ], [ 12.5884826, 41.7551882 ], [ 12.5886178, 41.755191 ], [ 12.5887804, 41.7551854 ], [ 12.5889432, 41.7551754 ], [ 12.5891432, 41.7551345 ], [ 12.5892221, 41.7551137 ], [ 12.5899644, 41.7551247 ], [ 12.590281, 41.7551809 ], [ 12.5903797, 41.7551965 ], [ 12.590702, 41.7551808 ], [ 12.5909946, 41.7551554 ], [ 12.5911091, 41.7551488 ], [ 12.5912705, 41.7551747 ], [ 12.5912719, 41.7553773 ], [ 12.591338, 41.7554598 ], [ 12.5913812, 41.7555102 ], [ 12.5914622, 41.7555975 ], [ 12.5915626, 41.7556446 ], [ 12.5916413, 41.7556327 ], [ 12.5917167, 41.7556253 ], [ 12.5918427, 41.7556325 ], [ 12.5919287, 41.7556658 ], [ 12.5920477, 41.7556998 ], [ 12.592185, 41.7557252 ], [ 12.5924379, 41.755717 ], [ 12.5928289, 41.7557162 ], [ 12.5930877, 41.7557081 ], [ 12.5931901, 41.7557058 ], [ 12.5932787, 41.7557481 ], [ 12.5933435, 41.7557855 ], [ 12.5934229, 41.7558322 ], [ 12.5935124, 41.7558521 ], [ 12.5935966, 41.7558494 ], [ 12.5936599, 41.7558462 ], [ 12.593735, 41.7558478 ], [ 12.5937941, 41.755876 ], [ 12.5938784, 41.7559543 ], [ 12.593935, 41.755969 ], [ 12.5940082, 41.7560201 ], [ 12.5940745, 41.756017 ], [ 12.5941383, 41.7560003 ], [ 12.5942421, 41.7559575 ], [ 12.5943005, 41.7559227 ], [ 12.5943117, 41.7558643 ], [ 12.5943814, 41.7556902 ], [ 12.5944145, 41.7555288 ], [ 12.5944454, 41.7554258 ], [ 12.5944806, 41.755368 ], [ 12.5944795, 41.7553185 ], [ 12.5944932, 41.7552737 ], [ 12.5944768, 41.7552284 ], [ 12.5944364, 41.7551825 ], [ 12.5943734, 41.7551001 ], [ 12.5943453, 41.7550455 ], [ 12.5943977, 41.7550106 ], [ 12.5944994, 41.7550262 ], [ 12.5945919, 41.7550462 ], [ 12.594695, 41.7550213 ], [ 12.5947852, 41.7550232 ], [ 12.5949192, 41.7550575 ], [ 12.5950143, 41.7550865 ], [ 12.5950666, 41.7551372 ], [ 12.5951281, 41.75526 ], [ 12.5951927, 41.755383 ], [ 12.5952421, 41.7555101 ], [ 12.5953362, 41.7556471 ], [ 12.5955112, 41.7558715 ], [ 12.5955416, 41.7559441 ], [ 12.5955709, 41.7560438 ], [ 12.5955946, 41.7561344 ], [ 12.595642, 41.7562344 ], [ 12.5956571, 41.7563924 ], [ 12.5956818, 41.756537 ], [ 12.5956564, 41.7566535 ], [ 12.5956956, 41.756812 ], [ 12.5957341, 41.7569884 ], [ 12.5957684, 41.7571962 ], [ 12.5958217, 41.7573009 ], [ 12.5958979, 41.7574331 ], [ 12.5960216, 41.7575843 ], [ 12.5961536, 41.7578347 ], [ 12.5961988, 41.7579122 ], [ 12.5961397, 41.757965 ], [ 12.5961891, 41.7580111 ], [ 12.5962612, 41.7580936 ], [ 12.5963302, 41.7581761 ], [ 12.5964247, 41.7583042 ], [ 12.5965335, 41.7584506 ], [ 12.5966189, 41.7585785 ], [ 12.596688, 41.758661 ], [ 12.5965296, 41.7587162 ], [ 12.5962445, 41.7587823 ], [ 12.5959093, 41.7588203 ], [ 12.5958183, 41.7588409 ], [ 12.5957639, 41.7588488 ], [ 12.595619, 41.7588637 ], [ 12.5954919, 41.7588836 ], [ 12.5952562, 41.7589147 ], [ 12.5951263, 41.75893 ], [ 12.5947943, 41.7589635 ], [ 12.5945831, 41.7589816 ], [ 12.5943538, 41.7590038 ], [ 12.5943116, 41.7590075 ], [ 12.5941458, 41.7590175 ], [ 12.5939979, 41.7590324 ], [ 12.5937687, 41.7590501 ], [ 12.5935667, 41.7590639 ], [ 12.5933857, 41.7590781 ], [ 12.5931686, 41.7590961 ], [ 12.5929936, 41.7591104 ], [ 12.5928247, 41.7591249 ], [ 12.5925922, 41.7591515 ], [ 12.592363, 41.7591693 ], [ 12.5921549, 41.7591829 ], [ 12.591971, 41.7591971 ], [ 12.5917421, 41.7592058 ], [ 12.5916001, 41.7592253 ], [ 12.5914705, 41.7592316 ], [ 12.5912532, 41.7592541 ], [ 12.5910964, 41.7592643 ], [ 12.5909577, 41.7592749 ], [ 12.590816, 41.7592854 ], [ 12.5907319, 41.7592836 ], [ 12.5897844, 41.7592908 ], [ 12.5894979, 41.7593118 ], [ 12.5887229, 41.7593721 ], [ 12.5880137, 41.7594382 ], [ 12.5877393, 41.7594595 ], [ 12.5873356, 41.759478 ], [ 12.5872844, 41.7594814 ], [ 12.5870292, 41.7594716 ], [ 12.5861368, 41.7594528 ], [ 12.5849501, 41.7594234 ], [ 12.5847877, 41.7594245 ], [ 12.5846615, 41.7594218 ], [ 12.5844612, 41.7593906 ], [ 12.5842998, 41.7593647 ], [ 12.5841499, 41.7593525 ], [ 12.5839454, 41.7593527 ], [ 12.5837711, 41.759349 ], [ 12.5836099, 41.7593186 ], [ 12.5835259, 41.7593123 ], [ 12.5835254, 41.7594069 ], [ 12.583528, 41.759497 ], [ 12.5835488, 41.759583 ], [ 12.583612, 41.7597419 ], [ 12.5836505, 41.7598373 ], [ 12.5836857, 41.7599416 ], [ 12.5837459, 41.7601005 ], [ 12.5837903, 41.7602005 ], [ 12.5838426, 41.7603277 ], [ 12.5838972, 41.7604774 ], [ 12.5839572, 41.7606408 ], [ 12.5839885, 41.7607676 ], [ 12.5840197, 41.7608988 ], [ 12.5840583, 41.7610707 ], [ 12.5841005, 41.7612292 ], [ 12.5841276, 41.7613874 ], [ 12.5841546, 41.761469 ], [ 12.5841748, 41.761573 ], [ 12.5842169, 41.7617315 ], [ 12.5842428, 41.7618446 ], [ 12.5842713, 41.7619668 ], [ 12.5843068, 41.7621432 ], [ 12.5843267, 41.7622517 ], [ 12.5843511, 41.7623562 ], [ 12.5849385, 41.7623771 ], [ 12.5851222, 41.7630114 ], [ 12.5846204, 41.7630819 ], [ 12.5845753, 41.7630809 ], [ 12.5845763, 41.7638992 ], [ 12.5846372, 41.7641161 ], [ 12.5846892, 41.7643347 ], [ 12.5847545, 41.7645609 ], [ 12.5848292, 41.7647918 ], [ 12.5848533, 41.7648634 ], [ 12.5848872, 41.7649681 ], [ 12.5849188, 41.7650354 ], [ 12.5850954, 41.7652634 ], [ 12.5854783, 41.7657393 ], [ 12.5856723, 41.7659737 ], [ 12.5858713, 41.7662054 ], [ 12.5860703, 41.7664371 ], [ 12.5862693, 41.7666689 ], [ 12.5864659, 41.7669005 ], [ 12.5866625, 41.7671322 ], [ 12.5868504, 41.7673655 ], [ 12.5869377, 41.7674741 ], [ 12.5870084, 41.7675718 ], [ 12.587104, 41.7676642 ], [ 12.5872049, 41.7677789 ], [ 12.5872903, 41.7679067 ], [ 12.5873742, 41.7680368 ], [ 12.5874278, 41.7681708 ], [ 12.5875027, 41.768339 ], [ 12.5875659, 41.7684979 ], [ 12.5875988, 41.7685842 ], [ 12.587629, 41.7686614 ], [ 12.587665, 41.7687432 ], [ 12.5877035, 41.7688385 ], [ 12.5877868, 41.7689439 ], [ 12.5879003, 41.7690453 ], [ 12.588014, 41.76914 ], [ 12.5881241, 41.7692526 ], [ 12.5882052, 41.7693354 ], [ 12.588222, 41.7694483 ], [ 12.5882429, 41.7695321 ], [ 12.5882355, 41.7695702 ], [ 12.5882301, 41.7697142 ], [ 12.588222, 41.7698491 ], [ 12.5882136, 41.769993 ], [ 12.5882126, 41.7701011 ], [ 12.5882167, 41.7702317 ], [ 12.5882257, 41.770313 ], [ 12.5882305, 41.7703446 ], [ 12.5882408, 41.7704709 ], [ 12.5882647, 41.770638 ], [ 12.5882823, 41.7707285 ], [ 12.5882965, 41.7708323 ], [ 12.588325, 41.7709545 ], [ 12.5883445, 41.7710765 ], [ 12.5883561, 41.7711668 ], [ 12.5883685, 41.7712369 ], [ 12.5883552, 41.7712703 ], [ 12.5881843, 41.7715775 ], [ 12.5881643, 41.7716311 ], [ 12.5881542, 41.7716579 ], [ 12.5880816, 41.771832 ], [ 12.5880577, 41.7718832 ], [ 12.5880129, 41.7719791 ], [ 12.5879683, 41.7720458 ], [ 12.5879632, 41.7720997 ], [ 12.587955, 41.772158 ], [ 12.5880156, 41.7723079 ], [ 12.588437, 41.7727594 ], [ 12.5885043, 41.7728315 ], [ 12.5889527, 41.7733858 ], [ 12.5891126, 41.7736143 ], [ 12.5891741, 41.7737372 ], [ 12.589251, 41.7738514 ], [ 12.5892941, 41.7739874 ], [ 12.5893223, 41.7741186 ], [ 12.5893379, 41.774263 ], [ 12.5893277, 41.7743629 ], [ 12.5893237, 41.7744023 ], [ 12.5892688, 41.7745002 ], [ 12.5891721, 41.7746738 ], [ 12.5891487, 41.7748174 ], [ 12.5891042, 41.7749606 ], [ 12.5891332, 41.7750692 ], [ 12.5891709, 41.7751871 ], [ 12.589228, 41.7752694 ], [ 12.5893442, 41.7753799 ], [ 12.5894963, 41.7754146 ], [ 12.5896677, 41.7754947 ], [ 12.5897844, 41.7755917 ], [ 12.5898969, 41.7757202 ], [ 12.5899628, 41.7758071 ], [ 12.5900003, 41.7759295 ], [ 12.5900392, 41.7760159 ], [ 12.5900369, 41.7760777 ], [ 12.5900076, 41.7761368 ], [ 12.5898824, 41.7761882 ], [ 12.5896967, 41.7762473 ], [ 12.5894508, 41.7763199 ], [ 12.5893408, 41.7763524 ], [ 12.5890796, 41.776419 ], [ 12.5889877, 41.7764746 ], [ 12.5889258, 41.7765103 ], [ 12.5888849, 41.776559 ], [ 12.588853, 41.7766079 ], [ 12.5888394, 41.7766481 ], [ 12.5888312, 41.7767065 ], [ 12.5888481, 41.7768194 ], [ 12.5888955, 41.7769195 ], [ 12.5891113, 41.777445 ], [ 12.5893806, 41.7781005 ], [ 12.5897591, 41.7791576 ], [ 12.5898657, 41.7794348 ], [ 12.5898779, 41.7794665 ], [ 12.5899564, 41.7796706 ], [ 12.5900259, 41.7798251 ], [ 12.590037, 41.7799289 ], [ 12.5900765, 41.7802405 ], [ 12.5901031, 41.7804122 ], [ 12.5900891, 41.780547 ], [ 12.5901109, 41.780606 ], [ 12.5901386, 41.7806696 ], [ 12.5901843, 41.7807336 ], [ 12.5902359, 41.7808022 ], [ 12.5902294, 41.7808966 ], [ 12.5902237, 41.7809686 ], [ 12.5906481, 41.7816844 ], [ 12.5908181, 41.7819627 ], [ 12.5909563, 41.7821277 ], [ 12.5906512, 41.7822429 ], [ 12.5904936, 41.7822756 ], [ 12.5903474, 41.7823221 ], [ 12.5902342, 41.7823737 ], [ 12.5899575, 41.7824535 ], [ 12.5898451, 41.7824826 ], [ 12.5897811, 41.7825038 ], [ 12.5898287, 41.7825994 ], [ 12.5899714, 41.7827239 ], [ 12.5900907, 41.78283 ], [ 12.5901756, 41.7828948 ], [ 12.5902154, 41.7829542 ], [ 12.590331, 41.7830827 ], [ 12.5903698, 41.7831691 ], [ 12.5904261, 41.7832739 ], [ 12.5904316, 41.7833685 ], [ 12.5904257, 41.783445 ], [ 12.5903739, 41.7835429 ], [ 12.5903198, 41.7836229 ], [ 12.5902868, 41.7836987 ], [ 12.5902713, 41.7837929 ], [ 12.5902096, 41.7839132 ], [ 12.5901762, 41.7840026 ], [ 12.5901626, 41.7842049 ], [ 12.5901216, 41.7842536 ], [ 12.5901041, 41.7843208 ], [ 12.5900339, 41.7844274 ], [ 12.58994, 41.7845245 ], [ 12.5900307, 41.7845939 ], [ 12.5900853, 41.7846626 ], [ 12.5902935, 41.7848066 ], [ 12.5904347, 41.7848906 ], [ 12.5905374, 41.7849603 ], [ 12.5906047, 41.7850113 ], [ 12.5906332, 41.7850524 ], [ 12.5905731, 41.7851322 ], [ 12.590468, 41.7852065 ], [ 12.5904197, 41.7852911 ], [ 12.5903505, 41.7853707 ], [ 12.5902904, 41.7854505 ], [ 12.5902919, 41.785491 ], [ 12.5902907, 41.7855225 ], [ 12.5903308, 41.7855774 ], [ 12.5904049, 41.785606 ], [ 12.5905029, 41.7856395 ], [ 12.5906074, 41.7856598 ], [ 12.5907233, 41.7856982 ], [ 12.5908529, 41.785773 ], [ 12.5909916, 41.7858434 ], [ 12.5910966, 41.7859312 ], [ 12.5912012, 41.7860325 ], [ 12.591288, 41.7861243 ], [ 12.5913534, 41.7862248 ], [ 12.5914021, 41.7862888 ], [ 12.591437, 41.7863211 ], [ 12.5915551, 41.7863821 ], [ 12.5916596, 41.7864023 ], [ 12.5917493, 41.7864177 ], [ 12.5918361, 41.7864285 ], [ 12.5919445, 41.7864263 ], [ 12.592041, 41.7864193 ], [ 12.592105, 41.7863981 ], [ 12.5921519, 41.7863496 ], [ 12.5922107, 41.7863058 ], [ 12.5923019, 41.7861996 ], [ 12.5923654, 41.7861109 ], [ 12.5924348, 41.7860268 ], [ 12.5925313, 41.7859388 ], [ 12.5925841, 41.7858948 ], [ 12.5926452, 41.7858691 ], [ 12.5927546, 41.7858399 ], [ 12.592866, 41.7858377 ], [ 12.5929555, 41.7858576 ], [ 12.5930178, 41.7858783 ], [ 12.5932751, 41.7859183 ], [ 12.5936538, 41.7861694 ], [ 12.5941797, 41.7865724 ], [ 12.5948382, 41.7870768 ], [ 12.5955381, 41.7879921 ], [ 12.5959265, 41.7885494 ], [ 12.5960321, 41.7887009 ], [ 12.5960891, 41.7887827 ], [ 12.5960469, 41.7888275 ], [ 12.5951242, 41.7898072 ], [ 12.5960491, 41.7898536 ], [ 12.5965472, 41.7899675 ], [ 12.5968353, 41.7899603 ], [ 12.5970883, 41.7899789 ], [ 12.5977033, 41.7906717 ], [ 12.5977016, 41.7907167 ], [ 12.5975483, 41.7909447 ], [ 12.5974149, 41.791143 ], [ 12.5967621, 41.7914625 ], [ 12.5959585, 41.7917925 ], [ 12.5952751, 41.7919673 ], [ 12.594721, 41.7917395 ], [ 12.5940812, 41.7922755 ], [ 12.5945913, 41.7926329 ], [ 12.5993174, 41.7972336 ], [ 12.5942527, 41.799592 ], [ 12.5911439, 41.8037011 ], [ 12.589366, 41.8062253 ], [ 12.5879591, 41.8082228 ], [ 12.5894539, 41.8092088 ], [ 12.5900955, 41.8097388 ], [ 12.5902605, 41.8098821 ], [ 12.5902955, 41.8099039 ], [ 12.591395, 41.8108121 ], [ 12.5917614, 41.8110374 ], [ 12.5933713, 41.8120278 ], [ 12.5932346, 41.8121565 ], [ 12.5931133, 41.812262 ], [ 12.5929761, 41.8123898 ], [ 12.5928263, 41.8125307 ], [ 12.5926739, 41.8126626 ], [ 12.5925274, 41.8127991 ], [ 12.5923749, 41.812931 ], [ 12.5922314, 41.8130676 ], [ 12.5920882, 41.8131952 ], [ 12.5919637, 41.8133051 ], [ 12.5918328, 41.813424 ], [ 12.5917175, 41.8135296 ], [ 12.5915895, 41.813653 ], [ 12.591431, 41.8137848 ], [ 12.5913252, 41.8138771 ], [ 12.5912099, 41.8139828 ], [ 12.5910545, 41.8141146 ], [ 12.5909054, 41.8142376 ], [ 12.5907532, 41.814365 ], [ 12.5906008, 41.8144969 ], [ 12.5904425, 41.8146241 ], [ 12.5902966, 41.8147427 ], [ 12.5901474, 41.8148701 ], [ 12.5899829, 41.8150017 ], [ 12.5899154, 41.8150554 ], [ 12.589834, 41.8151202 ], [ 12.5897499, 41.815195 ], [ 12.5896383, 41.8152827 ], [ 12.5894769, 41.8154144 ], [ 12.5893126, 41.8155415 ], [ 12.5891605, 41.8156644 ], [ 12.588993, 41.815796 ], [ 12.5889091, 41.8158663 ], [ 12.5888099, 41.8159453 ], [ 12.5887385, 41.8160023 ], [ 12.5886828, 41.8160417 ], [ 12.5885366, 41.8161692 ], [ 12.5883723, 41.8162963 ], [ 12.5882822, 41.816371 ], [ 12.588189, 41.8164501 ], [ 12.5880307, 41.8165773 ], [ 12.5878754, 41.8167046 ], [ 12.587717, 41.8168364 ], [ 12.5875619, 41.8169592 ], [ 12.587413, 41.8170777 ], [ 12.5872607, 41.8172051 ], [ 12.5871054, 41.8173324 ], [ 12.5869502, 41.8174597 ], [ 12.5868664, 41.8175255 ], [ 12.5867702, 41.8176045 ], [ 12.5867167, 41.8176475 ], [ 12.5866119, 41.8177318 ], [ 12.5864593, 41.8178682 ], [ 12.586304, 41.8179955 ], [ 12.5861425, 41.8181272 ], [ 12.5859871, 41.818259 ], [ 12.5858317, 41.8183908 ], [ 12.5856702, 41.8185225 ], [ 12.5855644, 41.8186149 ], [ 12.5854557, 41.8187026 ], [ 12.5854168, 41.8187346 ], [ 12.5853005, 41.81883 ], [ 12.5851452, 41.8189573 ], [ 12.5849961, 41.8190802 ], [ 12.5848534, 41.8191943 ], [ 12.5847043, 41.8193173 ], [ 12.5846018, 41.8194007 ], [ 12.5845087, 41.8194752 ], [ 12.5843593, 41.8196072 ], [ 12.584198, 41.8197344 ], [ 12.584052, 41.8198529 ], [ 12.5839058, 41.8199804 ], [ 12.5837908, 41.820077 ], [ 12.5839532, 41.8201615 ], [ 12.5840946, 41.820241 ], [ 12.5843566, 41.8203997 ], [ 12.5846337, 41.8205541 ], [ 12.5849728, 41.8206603 ], [ 12.585265, 41.820815 ], [ 12.58556, 41.8209743 ], [ 12.5857729, 41.8211544 ], [ 12.586054, 41.821444 ], [ 12.5862899, 41.8215751 ], [ 12.5865497, 41.8216301 ], [ 12.5869477, 41.8216114 ], [ 12.5871153, 41.8215564 ], [ 12.5873555, 41.8214129 ], [ 12.5876207, 41.8214049 ], [ 12.587933, 41.821425 ], [ 12.5880688, 41.8214143 ], [ 12.5885063, 41.8213064 ], [ 12.5888072, 41.8213083 ], [ 12.5887685, 41.8211363 ], [ 12.5889303, 41.8209956 ], [ 12.58921, 41.8210015 ], [ 12.5892833, 41.8210787 ], [ 12.5893166, 41.8211298 ], [ 12.5896078, 41.8210684 ], [ 12.5897875, 41.8210136 ], [ 12.59044, 41.8207887 ], [ 12.5912692, 41.8205089 ], [ 12.5913152, 41.8204063 ], [ 12.5914262, 41.8202555 ], [ 12.5915638, 41.8201188 ], [ 12.5917253, 41.819906 ], [ 12.5921032, 41.8194592 ], [ 12.5925567, 41.8189238 ], [ 12.5929624, 41.8183785 ], [ 12.593182, 41.8181399 ], [ 12.5934142, 41.8178881 ], [ 12.5936569, 41.817596 ], [ 12.5940202, 41.8172974 ], [ 12.5944032, 41.8169542 ], [ 12.5945077, 41.8168978 ], [ 12.5945172, 41.8168035 ], [ 12.5945066, 41.8166862 ], [ 12.5944643, 41.8166087 ], [ 12.5945128, 41.8165197 ], [ 12.594572, 41.8163858 ], [ 12.5947767, 41.8162235 ], [ 12.5948867, 41.8161389 ], [ 12.5950215, 41.816035 ], [ 12.595124, 41.8159516 ], [ 12.595266, 41.8158555 ], [ 12.5954022, 41.8157548 ], [ 12.5955717, 41.8156503 ], [ 12.5956906, 41.8156077 ], [ 12.5957735, 41.8155644 ], [ 12.5959413, 41.8154239 ], [ 12.5960847, 41.8152918 ], [ 12.5961791, 41.8151812 ], [ 12.5962141, 41.815143 ], [ 12.5962764, 41.8150751 ], [ 12.5964184, 41.8149791 ], [ 12.5965656, 41.8149056 ], [ 12.5967082, 41.814796 ], [ 12.5973823, 41.8142337 ], [ 12.5975487, 41.8141291 ], [ 12.5976709, 41.8140822 ], [ 12.5977897, 41.8140441 ], [ 12.5978939, 41.8139923 ], [ 12.5979771, 41.81394 ], [ 12.5980555, 41.8138561 ], [ 12.5981077, 41.8137491 ], [ 12.5981685, 41.8136513 ], [ 12.5982995, 41.8135279 ], [ 12.5984257, 41.813454 ], [ 12.5985587, 41.8133577 ], [ 12.5987472, 41.8132266 ], [ 12.5988658, 41.813112 ], [ 12.5990607, 41.8128909 ], [ 12.5996995, 41.8122243 ], [ 12.5998563, 41.8120565 ], [ 12.5998995, 41.8120259 ], [ 12.5999731, 41.8119103 ], [ 12.6001019, 41.8117644 ], [ 12.6001897, 41.8116717 ], [ 12.6002971, 41.8116154 ], [ 12.600403, 41.8115186 ], [ 12.6006104, 41.8114463 ], [ 12.6006943, 41.811376 ], [ 12.6008126, 41.8112704 ], [ 12.6009469, 41.8111382 ], [ 12.6010038, 41.8111007 ], [ 12.6011259, 41.8110203 ], [ 12.6012764, 41.8108568 ], [ 12.6015859, 41.8105481 ], [ 12.6016309, 41.8104939 ], [ 12.6016962, 41.8104153 ], [ 12.6017693, 41.8103088 ], [ 12.6018654, 41.8102342 ], [ 12.6020273, 41.8101389 ], [ 12.602087, 41.8101038 ], [ 12.6022865, 41.8099999 ], [ 12.6024616, 41.8099045 ], [ 12.6026093, 41.8098175 ], [ 12.602644, 41.8097822 ], [ 12.6027093, 41.809716 ], [ 12.6028607, 41.80953 ], [ 12.603082, 41.8091654 ], [ 12.603231, 41.8090424 ], [ 12.603306, 41.8089674 ], [ 12.6034205, 41.8088843 ], [ 12.6035471, 41.8087969 ], [ 12.6036213, 41.8087444 ], [ 12.6036719, 41.8086779 ], [ 12.6037361, 41.8085712 ], [ 12.6038414, 41.8084112 ], [ 12.6040073, 41.8082391 ], [ 12.604164, 41.8080712 ], [ 12.6042907, 41.8079838 ], [ 12.6043533, 41.8079176 ], [ 12.6044125, 41.8078648 ], [ 12.6044706, 41.807839 ], [ 12.604573, 41.8078366 ], [ 12.6046114, 41.8078432 ], [ 12.6046926, 41.8078571 ], [ 12.6047962, 41.8079043 ], [ 12.604948, 41.807948 ], [ 12.6051094, 41.8079784 ], [ 12.6052295, 41.8079854 ], [ 12.6053598, 41.8079611 ], [ 12.6054597, 41.8079452 ], [ 12.6055835, 41.8079342 ], [ 12.6057188, 41.8079371 ], [ 12.6060001, 41.807979 ], [ 12.6062664, 41.8080205 ], [ 12.6064549, 41.8080515 ], [ 12.6065826, 41.8080947 ], [ 12.6066595, 41.8081323 ], [ 12.6066888, 41.8081524 ], [ 12.6067542, 41.8081748 ], [ 12.6068995, 41.8082319 ], [ 12.6072108, 41.8083599 ], [ 12.6073586, 41.8084306 ], [ 12.6074114, 41.8084677 ], [ 12.6074515, 41.8084887 ], [ 12.6079929, 41.8087725 ], [ 12.6081552, 41.8088569 ], [ 12.6082181, 41.8088672 ], [ 12.6083076, 41.8088871 ], [ 12.6083739, 41.808884 ], [ 12.6084529, 41.8088631 ], [ 12.6085201, 41.8088375 ], [ 12.6086746, 41.8088001 ], [ 12.6087084, 41.8087919 ], [ 12.6087976, 41.8087397 ], [ 12.6090684, 41.8086598 ], [ 12.6099658, 41.8084804 ], [ 12.6102544, 41.8084098 ], [ 12.6103229, 41.8084073 ], [ 12.610396, 41.8084038 ], [ 12.6104711, 41.8084053 ], [ 12.6105644, 41.8084073 ], [ 12.610831, 41.8084398 ], [ 12.6112472, 41.808498 ], [ 12.6115512, 41.8084953 ], [ 12.611798, 41.8084681 ], [ 12.6120527, 41.8084427 ], [ 12.6123437, 41.8083047 ], [ 12.6125299, 41.8082266 ], [ 12.6126403, 41.8081803 ], [ 12.6131817, 41.8078628 ], [ 12.6136722, 41.8076208 ], [ 12.6139025, 41.8075034 ], [ 12.6141814, 41.8073612 ], [ 12.6144607, 41.807295 ], [ 12.6146281, 41.8072444 ], [ 12.6147236, 41.8071834 ], [ 12.6148035, 41.80714 ], [ 12.6148361, 41.8070731 ], [ 12.6149278, 41.8069535 ], [ 12.6149961, 41.8067342 ], [ 12.6150701, 41.8066052 ], [ 12.6151737, 41.8064903 ], [ 12.6152973, 41.8063217 ], [ 12.6153549, 41.8062283 ], [ 12.6154616, 41.8060279 ], [ 12.6156663, 41.8057035 ], [ 12.6157358, 41.8055338 ], [ 12.6158016, 41.8053821 ], [ 12.6158739, 41.8052169 ], [ 12.6159349, 41.8051146 ], [ 12.6160104, 41.8050261 ], [ 12.6160824, 41.8049511 ], [ 12.6162651, 41.8048108 ], [ 12.6166181, 41.8045434 ], [ 12.6167019, 41.8045542 ], [ 12.6167406, 41.8045666 ], [ 12.6173145, 41.8047515 ], [ 12.6177758, 41.8050059 ], [ 12.6181256, 41.8051961 ], [ 12.6186787, 41.8054553 ], [ 12.6187348, 41.8054835 ], [ 12.6194929, 41.8056523 ], [ 12.6195883, 41.806082 ], [ 12.6194928, 41.8061431 ], [ 12.6197189, 41.8069448 ], [ 12.6197454, 41.8070399 ], [ 12.619617, 41.8075011 ], [ 12.6197487, 41.807765 ], [ 12.6200202, 41.8079172 ], [ 12.620115, 41.8078671 ], [ 12.6202346, 41.8078066 ], [ 12.6202868, 41.8077807 ], [ 12.6203663, 41.8077463 ], [ 12.6204005, 41.8077155 ], [ 12.6204597, 41.8076626 ], [ 12.6205034, 41.8076185 ], [ 12.6205829, 41.8075031 ], [ 12.6206564, 41.8073875 ], [ 12.6207525, 41.8072319 ], [ 12.6208452, 41.8070853 ], [ 12.6208983, 41.8069918 ], [ 12.6210214, 41.8067962 ], [ 12.6210595, 41.806743 ], [ 12.6211076, 41.8066629 ], [ 12.621146, 41.8066007 ], [ 12.6211715, 41.8065607 ], [ 12.6212144, 41.8065008 ], [ 12.6212449, 41.8064496 ], [ 12.6212928, 41.806374 ], [ 12.6213442, 41.806285 ], [ 12.6212914, 41.8062479 ], [ 12.6216858, 41.8056752 ], [ 12.6219661, 41.8053388 ], [ 12.6223639, 41.8049147 ], [ 12.6228052, 41.8048608 ], [ 12.6233271, 41.8049077 ], [ 12.6233896, 41.804927 ], [ 12.6234153, 41.8049635 ], [ 12.62341, 41.8050265 ], [ 12.6234359, 41.8050585 ], [ 12.6234285, 41.8050944 ], [ 12.6234334, 41.805126 ], [ 12.623493, 41.8051407 ], [ 12.6235348, 41.8051506 ], [ 12.6235978, 41.8051564 ], [ 12.6236845, 41.8051717 ], [ 12.6237501, 41.8051866 ], [ 12.6238099, 41.8051968 ], [ 12.62386, 41.8052249 ], [ 12.6238916, 41.8052661 ], [ 12.6239018, 41.8053158 ], [ 12.6238731, 41.8053603 ], [ 12.6238287, 41.8054224 ], [ 12.6238098, 41.8054445 ], [ 12.6237781, 41.8054889 ], [ 12.6237378, 41.8055196 ], [ 12.6237186, 41.8055507 ], [ 12.6236904, 41.8055816 ], [ 12.6236277, 41.8056479 ], [ 12.6236142, 41.8056881 ], [ 12.6235977, 41.8057283 ], [ 12.6235802, 41.8057955 ], [ 12.6236056, 41.805841 ], [ 12.6236005, 41.805895 ], [ 12.6235949, 41.8059669 ], [ 12.6236042, 41.8060392 ], [ 12.6236228, 41.8061071 ], [ 12.6236443, 41.8061751 ], [ 12.623634, 41.8062109 ], [ 12.6236133, 41.8062825 ], [ 12.6235697, 41.8063221 ], [ 12.623494, 41.8063746 ], [ 12.6234413, 41.8064591 ], [ 12.6234476, 41.8065312 ], [ 12.6234715, 41.8066173 ], [ 12.6234567, 41.8066935 ], [ 12.6234278, 41.8067425 ], [ 12.6234199, 41.8067918 ], [ 12.6234206, 41.8068549 ], [ 12.6233324, 41.8069206 ], [ 12.6232963, 41.8069604 ], [ 12.623282, 41.8070231 ], [ 12.6233072, 41.8070732 ], [ 12.6233944, 41.8071561 ], [ 12.6233548, 41.8071687 ], [ 12.6232529, 41.8071576 ], [ 12.6231494, 41.8071915 ], [ 12.6231061, 41.8072221 ], [ 12.6230084, 41.8072606 ], [ 12.6229274, 41.8073355 ], [ 12.6229427, 41.8074079 ], [ 12.622995, 41.8074585 ], [ 12.6230624, 41.8075094 ], [ 12.623105, 41.8075779 ], [ 12.6231302, 41.8076279 ], [ 12.6231008, 41.8076903 ], [ 12.6230597, 41.8078246 ], [ 12.6231695, 41.8077863 ], [ 12.6233277, 41.8077401 ], [ 12.6241197, 41.8075628 ], [ 12.6244317, 41.8075062 ], [ 12.624765, 41.8074456 ], [ 12.6249491, 41.8074314 ], [ 12.6252321, 41.8074282 ], [ 12.625422, 41.8074187 ], [ 12.6256302, 41.807405 ], [ 12.6258564, 41.8073916 ], [ 12.6259927, 41.8073674 ], [ 12.6260926, 41.8073515 ], [ 12.6262494, 41.8073412 ], [ 12.6263846, 41.8073485 ], [ 12.6265294, 41.807338 ], [ 12.6267165, 41.8073238 ], [ 12.6268765, 41.8073091 ], [ 12.6270217, 41.8072896 ], [ 12.6271883, 41.8072616 ], [ 12.6272713, 41.8072137 ], [ 12.6273894, 41.8071126 ], [ 12.6275343, 41.8070165 ], [ 12.6276925, 41.8068892 ], [ 12.6279337, 41.8067141 ], [ 12.6280094, 41.8067021 ], [ 12.6280932, 41.8067129 ], [ 12.6281469, 41.8067275 ], [ 12.6282119, 41.8067604 ], [ 12.6283218, 41.8067986 ], [ 12.6284239, 41.8068053 ], [ 12.6284907, 41.8067886 ], [ 12.6285674, 41.8067497 ], [ 12.6286173, 41.8067012 ], [ 12.6286717, 41.8066122 ], [ 12.6286924, 41.8065406 ], [ 12.6287064, 41.8065171 ], [ 12.6287374, 41.806465 ], [ 12.6287988, 41.8064302 ], [ 12.6289203, 41.8064012 ], [ 12.6290684, 41.8063818 ], [ 12.6292358, 41.8063312 ], [ 12.6293728, 41.806289 ], [ 12.6294762, 41.8062596 ], [ 12.6295594, 41.8062073 ], [ 12.6298536, 41.8059792 ], [ 12.6300913, 41.8058175 ], [ 12.6303378, 41.8056605 ], [ 12.6305007, 41.8055693 ], [ 12.6307095, 41.8054565 ], [ 12.630731, 41.8053624 ], [ 12.6307465, 41.8052682 ], [ 12.6307908, 41.8052105 ], [ 12.6308892, 41.805154 ], [ 12.6310203, 41.8051072 ], [ 12.6310984, 41.8050277 ], [ 12.6311953, 41.8049307 ], [ 12.6312512, 41.8048823 ], [ 12.631303, 41.8048547 ], [ 12.6313894, 41.8048086 ], [ 12.6314983, 41.8047118 ], [ 12.6315261, 41.8046898 ], [ 12.6312401, 41.8046119 ], [ 12.6304332, 41.804298 ], [ 12.6299731, 41.8034735 ], [ 12.6305282, 41.8029446 ], [ 12.6312146, 41.8022833 ], [ 12.6324241, 41.8025334 ], [ 12.6326965, 41.8025705 ], [ 12.6328741, 41.8025697 ], [ 12.6330398, 41.8025641 ], [ 12.6332115, 41.8025586 ], [ 12.633292, 41.8024973 ], [ 12.6335714, 41.8023454 ], [ 12.633916, 41.8021409 ], [ 12.6339933, 41.8020839 ], [ 12.6340678, 41.8021035 ], [ 12.6341674, 41.8020965 ], [ 12.6342723, 41.8020266 ], [ 12.6343571, 41.8019293 ], [ 12.6343013, 41.8018921 ], [ 12.6342455, 41.801855 ], [ 12.6340538, 41.8017474 ], [ 12.6338769, 41.8016492 ], [ 12.6337648, 41.8015884 ], [ 12.6335359, 41.8014306 ], [ 12.6332325, 41.8012532 ], [ 12.6330322, 41.8011365 ], [ 12.632965, 41.801 ], [ 12.632847, 41.8007724 ], [ 12.633342, 41.8005665 ], [ 12.6334104, 41.8005094 ], [ 12.63355, 41.8003952 ], [ 12.633813, 41.8001979 ], [ 12.6341698, 41.7999036 ], [ 12.6342971, 41.7999603 ], [ 12.6344265, 41.800044 ], [ 12.6346044, 41.8001152 ], [ 12.6347863, 41.8001595 ], [ 12.6350008, 41.8002179 ], [ 12.6352372, 41.8002543 ], [ 12.6354592, 41.8002724 ], [ 12.6358218, 41.8002303 ], [ 12.636086, 41.8001637 ], [ 12.6359731, 41.8000443 ], [ 12.6360732, 41.7999383 ], [ 12.6367512, 41.7993398 ], [ 12.6376719, 41.7984402 ], [ 12.6379907, 41.7981991 ], [ 12.6380438, 41.7981461 ], [ 12.6380878, 41.798093 ], [ 12.6381136, 41.7980485 ], [ 12.6380622, 41.7979709 ], [ 12.6379326, 41.7979772 ], [ 12.6377161, 41.7979728 ], [ 12.6375778, 41.7978889 ], [ 12.6374375, 41.7977779 ], [ 12.6373783, 41.7976686 ], [ 12.6374648, 41.7976074 ], [ 12.637636, 41.7975343 ], [ 12.6378933, 41.797409 ], [ 12.6380031, 41.7973708 ], [ 12.638127, 41.7972743 ], [ 12.6381251, 41.7971616 ], [ 12.6380183, 41.7966281 ], [ 12.6379523, 41.7964601 ], [ 12.6379551, 41.7963836 ], [ 12.6380499, 41.7963405 ], [ 12.6381346, 41.7963288 ], [ 12.6381701, 41.7963318 ], [ 12.6382756, 41.7963407 ], [ 12.6385598, 41.7963015 ], [ 12.6394569, 41.7962074 ], [ 12.6397901, 41.7961467 ], [ 12.6399307, 41.7960865 ], [ 12.6400236, 41.7960164 ], [ 12.6404085, 41.7959387 ], [ 12.6406983, 41.7959132 ], [ 12.6407812, 41.796113 ], [ 12.6408529, 41.796209 ], [ 12.6408635, 41.7963308 ], [ 12.6409727, 41.7966348 ], [ 12.6411361, 41.7967732 ], [ 12.6414038, 41.7969408 ], [ 12.6417449, 41.797155 ], [ 12.6418607, 41.7971979 ], [ 12.6420464, 41.7973863 ], [ 12.6422801, 41.7979045 ], [ 12.6423583, 41.7980682 ], [ 12.6424384, 41.7981014 ], [ 12.6424866, 41.7980978 ], [ 12.642524, 41.7980626 ], [ 12.64262, 41.797988 ], [ 12.6426838, 41.7978903 ], [ 12.6431582, 41.7975082 ], [ 12.6432607, 41.7974203 ], [ 12.6432997, 41.79734 ], [ 12.6432679, 41.7972223 ], [ 12.6431399, 41.7971026 ], [ 12.6420492, 41.7961616 ], [ 12.6419994, 41.7961245 ], [ 12.6419, 41.7960459 ], [ 12.6418809, 41.7959915 ], [ 12.6419498, 41.7959997 ], [ 12.6422669, 41.796049 ], [ 12.6427928, 41.7961498 ], [ 12.6428764, 41.796165 ], [ 12.6430089, 41.7961633 ], [ 12.6430959, 41.7961696 ], [ 12.6431469, 41.7961751 ], [ 12.6434314, 41.7962935 ], [ 12.6436292, 41.7963966 ], [ 12.6438302, 41.7964953 ], [ 12.6442288, 41.7967016 ], [ 12.6443912, 41.796786 ], [ 12.6445419, 41.7968612 ], [ 12.6446348, 41.7967055 ], [ 12.6446932, 41.7965896 ], [ 12.6447593, 41.7964288 ], [ 12.6447963, 41.7962405 ], [ 12.6448176, 41.7960698 ], [ 12.6449073, 41.7958375 ], [ 12.6449464, 41.7954285 ], [ 12.6449828, 41.7953392 ], [ 12.6449912, 41.7952718 ], [ 12.6449961, 41.7952224 ], [ 12.6449974, 41.7951864 ], [ 12.6450062, 41.79511 ], [ 12.6450105, 41.7950741 ], [ 12.645015, 41.7950336 ], [ 12.645062, 41.794161 ], [ 12.645072, 41.7941342 ], [ 12.6450885, 41.794094 ], [ 12.6451019, 41.7940583 ], [ 12.6451244, 41.7940182 ], [ 12.6451439, 41.7939781 ], [ 12.6451757, 41.7939337 ], [ 12.6452132, 41.7938939 ], [ 12.6452384, 41.7938629 ], [ 12.645276, 41.7938232 ], [ 12.6453197, 41.793779 ], [ 12.6453509, 41.7937482 ], [ 12.6453948, 41.7936995 ], [ 12.6454351, 41.7936688 ], [ 12.6454753, 41.7936381 ], [ 12.6455095, 41.7936073 ], [ 12.6455374, 41.7935854 ], [ 12.6455868, 41.7935504 ], [ 12.6456301, 41.7935197 ], [ 12.6456701, 41.7934935 ], [ 12.6457132, 41.7934674 ], [ 12.6457777, 41.7934327 ], [ 12.6458236, 41.7934111 ], [ 12.6463914, 41.7931886 ], [ 12.646553, 41.7931289 ], [ 12.6467542, 41.7930564 ], [ 12.6469189, 41.7929968 ], [ 12.6471172, 41.7929198 ], [ 12.6476357, 41.7927278 ], [ 12.6478279, 41.7926552 ], [ 12.647883, 41.7926293 ], [ 12.6479259, 41.7926099 ], [ 12.6480368, 41.7925379 ], [ 12.6480707, 41.792516 ], [ 12.6481398, 41.7924364 ], [ 12.6482027, 41.7923611 ], [ 12.6482254, 41.7923166 ], [ 12.6483499, 41.7923686 ], [ 12.6484459, 41.7923751 ], [ 12.6485398, 41.792359 ], [ 12.6486401, 41.7923296 ], [ 12.648753, 41.7922868 ], [ 12.6488599, 41.792244 ], [ 12.6490616, 41.7921581 ], [ 12.6491628, 41.7921061 ], [ 12.6493091, 41.7920551 ], [ 12.6493944, 41.7920253 ], [ 12.6494887, 41.7919957 ], [ 12.649565, 41.7919657 ], [ 12.6497168, 41.7919283 ], [ 12.6498506, 41.7918905 ], [ 12.6500116, 41.7918488 ], [ 12.6501759, 41.7917981 ], [ 12.6503554, 41.7917433 ], [ 12.6504621, 41.7917049 ], [ 12.650596, 41.7916649 ], [ 12.6508093, 41.7915904 ], [ 12.6510073, 41.7915224 ], [ 12.6511292, 41.7914799 ], [ 12.6512571, 41.7914375 ], [ 12.6514213, 41.7913913 ], [ 12.6516186, 41.7913413 ], [ 12.6518242, 41.791314 ], [ 12.6519296, 41.7913116 ], [ 12.6520557, 41.7913187 ], [ 12.6521967, 41.7913306 ], [ 12.6522744, 41.7913457 ], [ 12.652349, 41.7913608 ], [ 12.6523965, 41.7913797 ], [ 12.6524289, 41.7913984 ], [ 12.6524999, 41.7914314 ], [ 12.652553, 41.7914595 ], [ 12.6526238, 41.791497 ], [ 12.6527236, 41.7915665 ], [ 12.6527523, 41.7916032 ], [ 12.6528182, 41.7916946 ], [ 12.6528809, 41.7917904 ], [ 12.65297, 41.7919048 ], [ 12.6530338, 41.7919692 ], [ 12.6531064, 41.7920427 ], [ 12.6531949, 41.7920895 ], [ 12.6532965, 41.7921096 ], [ 12.6534991, 41.7921633 ], [ 12.6534646, 41.7922842 ], [ 12.6534233, 41.7924274 ], [ 12.6534215, 41.7924769 ], [ 12.6534499, 41.7925225 ], [ 12.6535563, 41.7925742 ], [ 12.6535841, 41.7926378 ], [ 12.6535711, 41.7927457 ], [ 12.65356, 41.792804 ], [ 12.6535115, 41.7929786 ], [ 12.653487, 41.7930727 ], [ 12.653453, 41.79318 ], [ 12.6534115, 41.7933278 ], [ 12.6533668, 41.79348 ], [ 12.6533193, 41.7936276 ], [ 12.6532678, 41.7938022 ], [ 12.6532369, 41.7939051 ], [ 12.6532078, 41.7939631 ], [ 12.653131, 41.7940876 ], [ 12.6530679, 41.7941673 ], [ 12.6529926, 41.7942513 ], [ 12.6528863, 41.7943618 ], [ 12.6527705, 41.7944855 ], [ 12.6527049, 41.7945517 ], [ 12.6526239, 41.7946266 ], [ 12.6525648, 41.7946794 ], [ 12.6524907, 41.7947319 ], [ 12.6524565, 41.7947627 ], [ 12.6524154, 41.7948159 ], [ 12.6524014, 41.7948697 ], [ 12.6523971, 41.7949056 ], [ 12.6524267, 41.7950008 ], [ 12.6524241, 41.7950726 ], [ 12.6524229, 41.7951043 ], [ 12.6524126, 41.7951401 ], [ 12.6523958, 41.7951893 ], [ 12.6523796, 41.7952205 ], [ 12.6523223, 41.7953049 ], [ 12.6522215, 41.7954289 ], [ 12.6521441, 41.7955714 ], [ 12.6520576, 41.795716 ], [ 12.6519973, 41.7958026 ], [ 12.651934, 41.7958868 ], [ 12.6518676, 41.7959755 ], [ 12.6518357, 41.7960244 ], [ 12.6517825, 41.7960819 ], [ 12.6518142, 41.7961185 ], [ 12.6522043, 41.796149 ], [ 12.6525294, 41.7962277 ], [ 12.652948, 41.7963804 ], [ 12.6531201, 41.7964628 ], [ 12.6528188, 41.7965398 ], [ 12.6524639, 41.7966181 ], [ 12.6524215, 41.7966263 ], [ 12.6522636, 41.7966681 ], [ 12.652215, 41.7966806 ], [ 12.6518023, 41.7967757 ], [ 12.6517627, 41.7967884 ], [ 12.6515169, 41.7968464 ], [ 12.6506127, 41.7971342 ], [ 12.6502008, 41.7972923 ], [ 12.6500745, 41.7972898 ], [ 12.6496152, 41.7974244 ], [ 12.6494806, 41.7974847 ], [ 12.6488852, 41.7976391 ], [ 12.6485602, 41.7977226 ], [ 12.648109, 41.7978844 ], [ 12.6478093, 41.7980179 ], [ 12.6475372, 41.7981339 ], [ 12.6473414, 41.7983055 ], [ 12.6472123, 41.7983794 ], [ 12.6470276, 41.7984927 ], [ 12.6468862, 41.7985754 ], [ 12.6467324, 41.7986668 ], [ 12.6465724, 41.7987626 ], [ 12.6464034, 41.7988582 ], [ 12.6462161, 41.7989624 ], [ 12.6460377, 41.7990668 ], [ 12.6458656, 41.7991669 ], [ 12.6456966, 41.7992624 ], [ 12.6456014, 41.7993145 ], [ 12.6454967, 41.7993799 ], [ 12.6452894, 41.7994522 ], [ 12.6450852, 41.7995246 ], [ 12.6449025, 41.7995839 ], [ 12.6446845, 41.7996627 ], [ 12.6445722, 41.7997302 ], [ 12.644483, 41.7997824 ], [ 12.6443138, 41.7998825 ], [ 12.6441261, 41.7999958 ], [ 12.6439476, 41.8001047 ], [ 12.6437886, 41.8001735 ], [ 12.6436388, 41.8002379 ], [ 12.6434401, 41.8003239 ], [ 12.6432442, 41.8004144 ], [ 12.6430546, 41.8004961 ], [ 12.6428621, 41.8005777 ], [ 12.6426632, 41.8006682 ], [ 12.6424701, 41.8007633 ], [ 12.6422894, 41.8008497 ], [ 12.6420934, 41.8009447 ], [ 12.6419063, 41.8010399 ], [ 12.6417071, 41.8011394 ], [ 12.6415079, 41.8012389 ], [ 12.641321, 41.8013296 ], [ 12.6411403, 41.8014159 ], [ 12.6409562, 41.8015112 ], [ 12.64076, 41.8016108 ], [ 12.6405763, 41.8016971 ], [ 12.6404258, 41.8017795 ], [ 12.6402999, 41.801849 ], [ 12.6401189, 41.8019443 ], [ 12.6399285, 41.8020485 ], [ 12.639775, 41.8021309 ], [ 12.6396275, 41.8022134 ], [ 12.6394739, 41.8023003 ], [ 12.6393294, 41.8023829 ], [ 12.6391451, 41.8024872 ], [ 12.6389545, 41.8025958 ], [ 12.6387763, 41.8026957 ], [ 12.638604, 41.8028003 ], [ 12.6384193, 41.8029135 ], [ 12.6382379, 41.8030179 ], [ 12.6380869, 41.8031138 ], [ 12.6379241, 41.8032051 ], [ 12.6377372, 41.8032958 ], [ 12.6375354, 41.8033817 ], [ 12.6373946, 41.8034463 ], [ 12.6372293, 41.803524 ], [ 12.6370319, 41.803574 ], [ 12.6369832, 41.8035865 ], [ 12.6369163, 41.8036076 ], [ 12.636799, 41.8036457 ], [ 12.6368993, 41.8037423 ], [ 12.636992, 41.8038388 ], [ 12.6370729, 41.8039305 ], [ 12.6371565, 41.8040313 ], [ 12.6372551, 41.8041324 ], [ 12.6373682, 41.8042473 ], [ 12.6373971, 41.8042794 ], [ 12.6374695, 41.8043575 ], [ 12.6375014, 41.8043897 ], [ 12.6375679, 41.8044631 ], [ 12.6376461, 41.8045457 ], [ 12.6376911, 41.8046322 ], [ 12.637718, 41.8047183 ], [ 12.637744, 41.8049936 ], [ 12.6378438, 41.805554 ], [ 12.637869, 41.8056851 ], [ 12.6378678, 41.8058021 ], [ 12.637832, 41.8058735 ], [ 12.637789, 41.8063904 ], [ 12.6378436, 41.8067878 ], [ 12.637903, 41.8070547 ], [ 12.6379343, 41.807267 ], [ 12.6379585, 41.807344 ], [ 12.6379336, 41.8077758 ], [ 12.6379, 41.807838 ], [ 12.6380179, 41.8079589 ], [ 12.637996, 41.8081395 ], [ 12.6379411, 41.8083012 ], [ 12.6378604, 41.8083877 ], [ 12.6378294, 41.8084901 ], [ 12.6377984, 41.8086136 ], [ 12.6377891, 41.8087527 ], [ 12.6377444, 41.8088872 ], [ 12.6377276, 41.8089677 ], [ 12.6376581, 41.8090619 ], [ 12.6376991, 41.8093125 ], [ 12.6377607, 41.8094611 ], [ 12.6379328, 41.8095185 ], [ 12.6383976, 41.8097294 ], [ 12.6385138, 41.8099222 ], [ 12.6384754, 41.8099849 ], [ 12.6383313, 41.8102201 ], [ 12.6381614, 41.8103731 ], [ 12.6379873, 41.8104922 ], [ 12.6379236, 41.8105044 ], [ 12.6378535, 41.81053 ], [ 12.63777, 41.8105913 ], [ 12.6377295, 41.8106265 ], [ 12.6377013, 41.8106575 ], [ 12.6376602, 41.8107107 ], [ 12.6376412, 41.8107373 ], [ 12.6376013, 41.810759 ], [ 12.6375686, 41.8107898 ], [ 12.637486, 41.8108647 ], [ 12.6374089, 41.8109171 ], [ 12.6373503, 41.8109565 ], [ 12.637171, 41.8110023 ], [ 12.6368595, 41.8111265 ], [ 12.636583, 41.8112784 ], [ 12.6364162, 41.8113965 ], [ 12.636351, 41.8114492 ], [ 12.6363078, 41.8114799 ], [ 12.6362705, 41.8115106 ], [ 12.6362485, 41.8115372 ], [ 12.6362204, 41.8115636 ], [ 12.6361936, 41.8115991 ], [ 12.6361431, 41.8116206 ], [ 12.6361154, 41.811638 ], [ 12.6360875, 41.81166 ], [ 12.6360417, 41.811677 ], [ 12.6360105, 41.8117079 ], [ 12.6359826, 41.8117298 ], [ 12.6359452, 41.8117651 ], [ 12.6358769, 41.81182 ], [ 12.6357511, 41.8118872 ], [ 12.6356928, 41.8119175 ], [ 12.6356308, 41.8119658 ], [ 12.635578, 41.8120097 ], [ 12.635541, 41.812036 ], [ 12.6355066, 41.8120713 ], [ 12.6354727, 41.8120931 ], [ 12.6354356, 41.8121193 ], [ 12.635408, 41.8121526 ], [ 12.635323, 41.8122341 ], [ 12.6352916, 41.8122695 ], [ 12.6352288, 41.8123402 ], [ 12.635212, 41.8123894 ], [ 12.6351856, 41.8124519 ], [ 12.6351233, 41.8125092 ], [ 12.6350695, 41.8125801 ], [ 12.6350187, 41.8126511 ], [ 12.6349899, 41.8127001 ], [ 12.6349587, 41.8127287 ], [ 12.6349306, 41.8127574 ], [ 12.6348521, 41.8128458 ], [ 12.6347544, 41.8129654 ], [ 12.6346565, 41.8130895 ], [ 12.6345682, 41.8132002 ], [ 12.6344977, 41.8133158 ], [ 12.6344179, 41.8134403 ], [ 12.6343891, 41.8134847 ], [ 12.6343816, 41.8135251 ], [ 12.6343695, 41.8138536 ], [ 12.6343382, 41.814051 ], [ 12.6342462, 41.8141797 ], [ 12.6340254, 41.8143733 ], [ 12.633658, 41.8145414 ], [ 12.633365, 41.8147335 ], [ 12.6330969, 41.8149036 ], [ 12.6329304, 41.8150127 ], [ 12.6327841, 41.8152258 ], [ 12.6327031, 41.8153818 ], [ 12.6326076, 41.8155239 ], [ 12.6325932, 41.8155866 ], [ 12.6325575, 41.8156579 ], [ 12.6324999, 41.8157513 ], [ 12.6324645, 41.8158136 ], [ 12.6323917, 41.8159112 ], [ 12.6323255, 41.8159909 ], [ 12.6322908, 41.8160352 ], [ 12.6322346, 41.8160881 ], [ 12.6321782, 41.8161499 ], [ 12.6321097, 41.8162116 ], [ 12.6319848, 41.8163351 ], [ 12.6319103, 41.8163966 ], [ 12.6318513, 41.8164449 ], [ 12.6317674, 41.8165152 ], [ 12.6316903, 41.8165677 ], [ 12.6316046, 41.8166064 ], [ 12.631525, 41.8166408 ], [ 12.631415, 41.8166881 ], [ 12.6313005, 41.8167713 ], [ 12.6311891, 41.8168545 ], [ 12.6311136, 41.816943 ], [ 12.6310415, 41.8171037 ], [ 12.6310077, 41.817202 ], [ 12.6309812, 41.817269 ], [ 12.630962, 41.8173001 ], [ 12.6309042, 41.817398 ], [ 12.6308147, 41.8174592 ], [ 12.6307894, 41.8174902 ], [ 12.6307606, 41.8175392 ], [ 12.6307166, 41.8175878 ], [ 12.6306718, 41.8176206 ], [ 12.6306067, 41.8176305 ], [ 12.6305492, 41.8176384 ], [ 12.6304702, 41.8176592 ], [ 12.6303636, 41.8176931 ], [ 12.630324, 41.8177058 ], [ 12.6302577, 41.8177089 ], [ 12.6301942, 41.8177166 ], [ 12.6300465, 41.8177225 ], [ 12.6299592, 41.817723 ], [ 12.6299314, 41.8177427 ], [ 12.629906, 41.8177782 ], [ 12.6298687, 41.8178089 ], [ 12.629832, 41.8178262 ], [ 12.6297707, 41.8178564 ], [ 12.6297254, 41.81786 ], [ 12.6296858, 41.8178727 ], [ 12.6296308, 41.8178941 ], [ 12.6296001, 41.8179115 ], [ 12.6295703, 41.8179446 ], [ 12.6295374, 41.8179777 ], [ 12.6295007, 41.817995 ], [ 12.6294432, 41.8180028 ], [ 12.6293875, 41.8180039 ], [ 12.6293433, 41.8180187 ], [ 12.6292883, 41.8180401 ], [ 12.6292514, 41.8180619 ], [ 12.6292025, 41.8180834 ], [ 12.6291553, 41.8180982 ], [ 12.629084, 41.8181124 ], [ 12.6290322, 41.8181294 ], [ 12.6289742, 41.8181507 ], [ 12.6288949, 41.8181806 ], [ 12.6288214, 41.8182151 ], [ 12.6287541, 41.8182452 ], [ 12.6287145, 41.8182579 ], [ 12.6286724, 41.8182571 ], [ 12.6286025, 41.8182736 ], [ 12.6285689, 41.8182864 ], [ 12.6285175, 41.8182944 ], [ 12.6284717, 41.8183114 ], [ 12.6283878, 41.8183418 ], [ 12.6281739, 41.8181591 ], [ 12.6276809, 41.8184643 ], [ 12.6274052, 41.81842 ], [ 12.6271519, 41.8184328 ], [ 12.6269188, 41.8185845 ], [ 12.6267695, 41.8186815 ], [ 12.6266247, 41.8190163 ], [ 12.6268274, 41.8191511 ], [ 12.6268647, 41.8193635 ], [ 12.6269283, 41.81968 ], [ 12.6268665, 41.8197215 ], [ 12.6268837, 41.8197669 ], [ 12.6268828, 41.8198096 ], [ 12.6268651, 41.8198408 ], [ 12.6268399, 41.8198718 ], [ 12.6268148, 41.8199005 ], [ 12.6267852, 41.8199266 ], [ 12.6267398, 41.8199328 ], [ 12.6266855, 41.8199384 ], [ 12.6266414, 41.8199487 ], [ 12.6266008, 41.8199884 ], [ 12.6265815, 41.8200241 ], [ 12.6265788, 41.8200555 ], [ 12.6265986, 41.8200897 ], [ 12.6266444, 41.8201132 ], [ 12.6266738, 41.8201318 ], [ 12.6266833, 41.820159 ], [ 12.6266761, 41.8201926 ], [ 12.6266605, 41.8202463 ], [ 12.6266533, 41.8202777 ], [ 12.6266403, 41.8203045 ], [ 12.6266239, 41.8203424 ], [ 12.6265881, 41.8203934 ], [ 12.626552, 41.8204152 ], [ 12.6265154, 41.820428 ], [ 12.6264704, 41.8204225 ], [ 12.6264253, 41.8204216 ], [ 12.6263832, 41.8204207 ], [ 12.6263471, 41.82042 ], [ 12.6263207, 41.8204419 ], [ 12.6263057, 41.8204822 ], [ 12.6262955, 41.8205135 ], [ 12.626279, 41.8205537 ], [ 12.6262626, 41.8205893 ], [ 12.6262462, 41.820625 ], [ 12.6262362, 41.8206518 ], [ 12.6262075, 41.8206963 ], [ 12.6262305, 41.8207238 ], [ 12.6262794, 41.820745 ], [ 12.6263458, 41.8207824 ], [ 12.626405, 41.8208084 ], [ 12.6264434, 41.8208272 ], [ 12.6264911, 41.820862 ], [ 12.6265243, 41.8208796 ], [ 12.6265242, 41.8209223 ], [ 12.6264984, 41.820968 ], [ 12.6264761, 41.8210013 ], [ 12.6264478, 41.8210345 ], [ 12.6264027, 41.821051 ], [ 12.6263452, 41.8210413 ], [ 12.6263068, 41.8210225 ], [ 12.6262716, 41.8209971 ], [ 12.6262749, 41.8209648 ], [ 12.6262708, 41.8209362 ], [ 12.6262417, 41.8209109 ], [ 12.6261963, 41.8209167 ], [ 12.6261601, 41.8209263 ], [ 12.6261141, 41.8209217 ], [ 12.6260956, 41.8209551 ], [ 12.6260912, 41.8209911 ], [ 12.6260749, 41.8210268 ], [ 12.6260537, 41.8210691 ], [ 12.6260264, 41.8211158 ], [ 12.6260073, 41.8211447 ], [ 12.6259943, 41.8211692 ], [ 12.6260041, 41.8213135 ], [ 12.6259733, 41.8214119 ], [ 12.6266646, 41.8216829 ], [ 12.6271352, 41.8218997 ], [ 12.6280196, 41.8223233 ], [ 12.6283677, 41.8225342 ], [ 12.6284583, 41.822589 ], [ 12.6290466, 41.8228759 ], [ 12.6294457, 41.8230732 ], [ 12.6299011, 41.8232943 ], [ 12.6303034, 41.8234872 ], [ 12.6306435, 41.8236518 ], [ 12.6307959, 41.823763 ], [ 12.6309993, 41.8238798 ], [ 12.6311881, 41.8239828 ], [ 12.6313915, 41.8241098 ], [ 12.631234, 41.8242089 ], [ 12.6309534, 41.8243877 ], [ 12.6307683, 41.82451 ], [ 12.6307212, 41.824563 ], [ 12.6306049, 41.8246957 ], [ 12.6305732, 41.8247231 ], [ 12.630437, 41.8248409 ], [ 12.6302414, 41.8250034 ], [ 12.6300215, 41.82517 ], [ 12.6297681, 41.8253494 ], [ 12.6294899, 41.8255463 ], [ 12.6291867, 41.8257697 ], [ 12.6292141, 41.8258423 ], [ 12.6292496, 41.8261853 ], [ 12.6292428, 41.8262887 ], [ 12.6292166, 41.8265088 ], [ 12.6292624, 41.8268159 ], [ 12.6293169, 41.8269702 ], [ 12.6293552, 41.827022 ], [ 12.629605, 41.8269941 ], [ 12.6300087, 41.8271291 ], [ 12.6300775, 41.8270804 ], [ 12.6303443, 41.8270274 ], [ 12.6305596, 41.8271489 ], [ 12.6306649, 41.8272322 ], [ 12.6307892, 41.8272888 ], [ 12.6309202, 41.8273275 ], [ 12.6310411, 41.8273975 ], [ 12.6311253, 41.8274803 ], [ 12.6311446, 41.8275302 ], [ 12.6310562, 41.827641 ], [ 12.6306436, 41.8278081 ], [ 12.6304867, 41.8278994 ], [ 12.6303112, 41.8280894 ], [ 12.6302109, 41.8281954 ], [ 12.6302945, 41.8282962 ], [ 12.6303346, 41.8283511 ], [ 12.6304279, 41.8284341 ], [ 12.6305591, 41.8285493 ], [ 12.6306438, 41.8286186 ], [ 12.6306997, 41.8286558 ], [ 12.6307348, 41.8286836 ], [ 12.6307909, 41.8287117 ], [ 12.6308441, 41.8287399 ], [ 12.6309216, 41.8287595 ], [ 12.6310269, 41.8287616 ], [ 12.6311136, 41.8286959 ], [ 12.6313337, 41.8286059 ], [ 12.631537, 41.8284795 ], [ 12.634253, 41.8267433 ], [ 12.6355031, 41.8259855 ], [ 12.6371482, 41.8249612 ], [ 12.6385338, 41.824035 ], [ 12.6387065, 41.8239215 ], [ 12.6387389, 41.8238591 ], [ 12.6388169, 41.8237031 ], [ 12.6388647, 41.8236321 ], [ 12.6390299, 41.8234779 ], [ 12.6391595, 41.8233905 ], [ 12.639247, 41.8233022 ], [ 12.6393499, 41.8232053 ], [ 12.6394261, 41.8230988 ], [ 12.6395412, 41.8229976 ], [ 12.6397082, 41.8228749 ], [ 12.6398511, 41.8227563 ], [ 12.6399631, 41.822655 ], [ 12.640123, 41.8225637 ], [ 12.6402668, 41.8224181 ], [ 12.6403296, 41.8223473 ], [ 12.6404185, 41.8222231 ], [ 12.6404803, 41.8220982 ], [ 12.6405133, 41.8220179 ], [ 12.6405343, 41.8219372 ], [ 12.6405298, 41.8218156 ], [ 12.6405057, 41.821734 ], [ 12.6404898, 41.8216752 ], [ 12.6405821, 41.8216185 ], [ 12.64072, 41.8215538 ], [ 12.640871, 41.8215389 ], [ 12.641001, 41.8215236 ], [ 12.6411534, 41.8215267 ], [ 12.6413018, 41.8215297 ], [ 12.6414393, 41.8215551 ], [ 12.6415411, 41.821599 ], [ 12.6416514, 41.821668 ], [ 12.641786, 41.8217873 ], [ 12.641906, 41.8218799 ], [ 12.6419836, 41.8219805 ], [ 12.6420213, 41.8220173 ], [ 12.6421258, 41.8221231 ], [ 12.6422627, 41.8222474 ], [ 12.6423145, 41.8223115 ], [ 12.642367, 41.8223577 ], [ 12.6425218, 41.8224869 ], [ 12.642724, 41.8225541 ], [ 12.6428398, 41.822597 ], [ 12.6429796, 41.8226449 ], [ 12.6431966, 41.8226359 ], [ 12.6433411, 41.8226343 ], [ 12.6434947, 41.822633 ], [ 12.6436598, 41.8225643 ], [ 12.6438491, 41.8224916 ], [ 12.6439399, 41.8223944 ], [ 12.6440463, 41.8222841 ], [ 12.6441016, 41.8221726 ], [ 12.644157, 41.8220567 ], [ 12.6442384, 41.8218872 ], [ 12.6443107, 41.8217221 ], [ 12.644389, 41.8215571 ], [ 12.6444671, 41.8213966 ], [ 12.6445227, 41.8212762 ], [ 12.644585, 41.8211378 ], [ 12.6446554, 41.8210222 ], [ 12.6447909, 41.8209394 ], [ 12.6449202, 41.820861 ], [ 12.6450958, 41.820752 ], [ 12.6452712, 41.8206476 ], [ 12.6454499, 41.8205342 ], [ 12.6456285, 41.8204253 ], [ 12.6458131, 41.8203165 ], [ 12.6459948, 41.8202031 ], [ 12.6460992, 41.8201467 ], [ 12.6461884, 41.8200945 ], [ 12.6463606, 41.8199945 ], [ 12.646533, 41.8198899 ], [ 12.6467173, 41.8197901 ], [ 12.6469078, 41.8196815 ], [ 12.6470893, 41.8195771 ], [ 12.64728, 41.8194639 ], [ 12.6473445, 41.8194292 ], [ 12.6473876, 41.8194031 ], [ 12.6474831, 41.819342 ], [ 12.6476644, 41.8192422 ], [ 12.6478488, 41.8191379 ], [ 12.6480273, 41.819029 ], [ 12.6482119, 41.8189202 ], [ 12.6483355, 41.8188326 ], [ 12.6484531, 41.818745 ], [ 12.6486263, 41.8186179 ], [ 12.6487962, 41.8184998 ], [ 12.6489542, 41.818377 ], [ 12.6490781, 41.8182805 ], [ 12.6492052, 41.8181795 ], [ 12.6493107, 41.8180916 ], [ 12.64946, 41.8179596 ], [ 12.6496182, 41.8178322 ], [ 12.649764, 41.8177136 ], [ 12.6498851, 41.8176125 ], [ 12.6500372, 41.817485 ], [ 12.650195, 41.8173667 ], [ 12.650341, 41.8172436 ], [ 12.6504993, 41.8171118 ], [ 12.6506575, 41.8169844 ], [ 12.6508066, 41.8168569 ], [ 12.6509461, 41.8167471 ], [ 12.6511014, 41.8166152 ], [ 12.6512503, 41.8164922 ], [ 12.6513619, 41.8164044 ], [ 12.6514643, 41.816321 ], [ 12.6516226, 41.8161891 ], [ 12.6516771, 41.8162052 ], [ 12.6517568, 41.8162234 ], [ 12.6519877, 41.8162461 ], [ 12.6522097, 41.8162641 ], [ 12.6524377, 41.8162868 ], [ 12.6526687, 41.8163051 ], [ 12.6528126, 41.8163215 ], [ 12.6529354, 41.8163375 ], [ 12.6531513, 41.81636 ], [ 12.6533762, 41.8163826 ], [ 12.6536101, 41.8164054 ], [ 12.6538167, 41.8164366 ], [ 12.6539845, 41.8164657 ], [ 12.6545371, 41.8164896 ], [ 12.6547623, 41.8165108 ], [ 12.654984, 41.8165325 ], [ 12.6552637, 41.8166052 ], [ 12.6554163, 41.8166449 ], [ 12.6556251, 41.8166942 ], [ 12.6561661, 41.8167998 ], [ 12.6569002, 41.8169724 ], [ 12.6576231, 41.8171222 ], [ 12.6579506, 41.8171899 ], [ 12.6583552, 41.8172677 ], [ 12.6585702, 41.8173127 ], [ 12.6587035, 41.8173561 ], [ 12.6588647, 41.8174087 ], [ 12.6593285, 41.8175668 ], [ 12.6599491, 41.8178811 ], [ 12.6604099, 41.8181202 ], [ 12.6608341, 41.818372 ], [ 12.6607905, 41.8184496 ], [ 12.6603586, 41.8188666 ], [ 12.6601483, 41.8191866 ], [ 12.6600112, 41.819481 ], [ 12.6599238, 41.8197314 ], [ 12.6598057, 41.8199991 ], [ 12.6597543, 41.8200882 ], [ 12.6596475, 41.8202121 ], [ 12.6594897, 41.8204115 ], [ 12.6593541, 41.8205798 ], [ 12.6591761, 41.8207563 ], [ 12.6590971, 41.8207772 ], [ 12.6590255, 41.8208433 ], [ 12.6589826, 41.820946 ], [ 12.6589903, 41.8209721 ], [ 12.659004, 41.8210185 ], [ 12.6590264, 41.8212306 ], [ 12.6590401, 41.8214335 ], [ 12.6590282, 41.8215954 ], [ 12.6590339, 41.8218522 ], [ 12.6590049, 41.8220677 ], [ 12.6589241, 41.8223047 ], [ 12.6587958, 41.8224372 ], [ 12.6585869, 41.8226356 ], [ 12.6584243, 41.8228034 ], [ 12.6582885, 41.8229762 ], [ 12.6581533, 41.8232166 ], [ 12.658086, 41.823357 ], [ 12.6580087, 41.8233848 ], [ 12.6572568, 41.8231218 ], [ 12.6565969, 41.8228922 ], [ 12.6564957, 41.8229441 ], [ 12.6563058, 41.8228682 ], [ 12.6562368, 41.8228623 ], [ 12.6561931, 41.8229064 ], [ 12.6559584, 41.8228206 ], [ 12.6557406, 41.8226856 ], [ 12.6556731, 41.8226392 ], [ 12.6555783, 41.8225967 ], [ 12.6554473, 41.822558 ], [ 12.6553234, 41.8224879 ], [ 12.6552999, 41.8223884 ], [ 12.6552782, 41.8223249 ], [ 12.6552785, 41.8222348 ], [ 12.655209, 41.8222424 ], [ 12.6549672, 41.822269 ], [ 12.6546885, 41.8223173 ], [ 12.6546275, 41.8223386 ], [ 12.6545361, 41.8223683 ], [ 12.6545357, 41.8224552 ], [ 12.6545405, 41.822661 ], [ 12.654521, 41.8229488 ], [ 12.6545128, 41.8230883 ], [ 12.6544765, 41.8232586 ], [ 12.6544537, 41.8233888 ], [ 12.6544242, 41.8235368 ], [ 12.6543463, 41.8236928 ], [ 12.6542685, 41.8238443 ], [ 12.6542175, 41.8239546 ], [ 12.6541901, 41.8240138 ], [ 12.6540764, 41.8241601 ], [ 12.6540002, 41.8242666 ], [ 12.6538994, 41.8243906 ], [ 12.6537908, 41.8244785 ], [ 12.6536726, 41.8245841 ], [ 12.6534857, 41.8246749 ], [ 12.6533047, 41.8247657 ], [ 12.6531669, 41.8248304 ], [ 12.6531343, 41.8248477 ], [ 12.6530196, 41.8249085 ], [ 12.6528146, 41.8249989 ], [ 12.6526221, 41.825076 ], [ 12.652506, 41.8251231 ], [ 12.6523806, 41.8251791 ], [ 12.6521642, 41.8252512 ], [ 12.6519448, 41.8253233 ], [ 12.6517499, 41.8253869 ], [ 12.6515307, 41.8254544 ], [ 12.6514759, 41.8254713 ], [ 12.6513419, 41.8255136 ], [ 12.6511409, 41.825577 ], [ 12.6510221, 41.8256151 ], [ 12.6508851, 41.8256574 ], [ 12.6506963, 41.8257165 ], [ 12.6504861, 41.8257843 ], [ 12.6503563, 41.8257951 ], [ 12.6502024, 41.8258055 ], [ 12.6499953, 41.8257878 ], [ 12.6497823, 41.8257699 ], [ 12.6496476, 41.8257491 ], [ 12.6495012, 41.8257191 ], [ 12.6492869, 41.8256517 ], [ 12.6490817, 41.8255844 ], [ 12.6489508, 41.8255412 ], [ 12.6488138, 41.8255024 ], [ 12.648606, 41.8254216 ], [ 12.6484071, 41.8253455 ], [ 12.6482109, 41.8252784 ], [ 12.6480001, 41.8251975 ], [ 12.6478012, 41.8251214 ], [ 12.6476944, 41.8250787 ], [ 12.6475816, 41.8250358 ], [ 12.6474463, 41.8250331 ], [ 12.6473111, 41.8250258 ], [ 12.6470848, 41.8250392 ], [ 12.6468648, 41.8250482 ], [ 12.6467229, 41.8250588 ], [ 12.6465511, 41.8250643 ], [ 12.6463511, 41.8251007 ], [ 12.6461815, 41.8251287 ], [ 12.6459483, 41.825169 ], [ 12.6458726, 41.8251674 ], [ 12.6456095, 41.8253477 ], [ 12.6451135, 41.8256877 ], [ 12.6450634, 41.8258218 ], [ 12.6450114, 41.8260098 ], [ 12.6449621, 41.8261214 ], [ 12.6447749, 41.8263832 ], [ 12.6446647, 41.8265161 ], [ 12.6445243, 41.8267338 ], [ 12.6443973, 41.8269113 ], [ 12.6442739, 41.8270754 ], [ 12.6441475, 41.8272394 ], [ 12.6439655, 41.8274459 ], [ 12.6439078, 41.8274822 ], [ 12.6437515, 41.8275994 ], [ 12.6433953, 41.8278429 ], [ 12.6430527, 41.8280418 ], [ 12.6428952, 41.8280923 ], [ 12.6428527, 41.8281194 ], [ 12.6426878, 41.8282992 ], [ 12.6419878, 41.8288673 ], [ 12.6418931, 41.8289538 ], [ 12.6417531, 41.829077 ], [ 12.6416495, 41.829192 ], [ 12.6414651, 41.8292963 ], [ 12.6413189, 41.8294239 ], [ 12.6411485, 41.8295554 ], [ 12.6409759, 41.8296645 ], [ 12.6408251, 41.8297559 ], [ 12.6403917, 41.8299992 ], [ 12.6400663, 41.8301681 ], [ 12.6399086, 41.830282 ], [ 12.6398206, 41.8303837 ], [ 12.6397068, 41.8304489 ], [ 12.6395586, 41.8304684 ], [ 12.6394657, 41.8304575 ], [ 12.6392734, 41.8305301 ], [ 12.6390189, 41.8306554 ], [ 12.6389358, 41.8307033 ], [ 12.6387751, 41.830817 ], [ 12.638651, 41.830918 ], [ 12.6385279, 41.8310731 ], [ 12.6391337, 41.8314638 ], [ 12.6398638, 41.8319922 ], [ 12.6399468, 41.8320465 ], [ 12.6404738, 41.8324325 ], [ 12.6405646, 41.8325019 ], [ 12.64188, 41.8312771 ], [ 12.6431503, 41.8317715 ], [ 12.6437833, 41.8323249 ], [ 12.6432387, 41.8328901 ], [ 12.6437642, 41.8333052 ], [ 12.6438078, 41.8333386 ], [ 12.6446237, 41.8339542 ], [ 12.6448793, 41.834126 ], [ 12.6471937, 41.8331603 ], [ 12.6475721, 41.8330195 ], [ 12.6476726, 41.83299 ], [ 12.6477846, 41.8329456 ], [ 12.6486781, 41.8329071 ], [ 12.6493531, 41.8328894 ], [ 12.6493839, 41.832953 ], [ 12.6494879, 41.8329912 ], [ 12.6497949, 41.832993 ], [ 12.6499516, 41.8329872 ], [ 12.6500751, 41.8329852 ], [ 12.6501821, 41.8327757 ], [ 12.6509104, 41.8326195 ], [ 12.6510399, 41.8326177 ], [ 12.6511235, 41.8326374 ], [ 12.6511746, 41.8325574 ], [ 12.6512515, 41.8324284 ], [ 12.651341, 41.8322861 ], [ 12.6514881, 41.8322171 ], [ 12.6516506, 41.8321348 ], [ 12.6518521, 41.8320579 ], [ 12.6520536, 41.831981 ], [ 12.6521846, 41.8319386 ], [ 12.6523373, 41.8318787 ], [ 12.652514, 41.8318238 ], [ 12.6527088, 41.8317647 ], [ 12.6528254, 41.8317041 ], [ 12.6529327, 41.8316522 ], [ 12.653, 41.8316221 ], [ 12.6530363, 41.8316183 ], [ 12.6531072, 41.831613 ], [ 12.6531414, 41.831625 ], [ 12.6532123, 41.83166 ], [ 12.6532269, 41.8317573 ], [ 12.6532278, 41.8318969 ], [ 12.6532272, 41.832077 ], [ 12.6532021, 41.8321891 ], [ 12.6530738, 41.8325692 ], [ 12.6530751, 41.8326143 ], [ 12.6530494, 41.8326588 ], [ 12.653007, 41.8327398 ], [ 12.6529308, 41.83294 ], [ 12.6528446, 41.8330734 ], [ 12.6528135, 41.8330998 ], [ 12.6527047, 41.8332776 ], [ 12.6525277, 41.8336476 ], [ 12.65247, 41.8337682 ], [ 12.6523136, 41.8339271 ], [ 12.6522246, 41.8340559 ], [ 12.6519529, 41.834406 ], [ 12.6519031, 41.8344897 ], [ 12.651815, 41.8346374 ], [ 12.6516916, 41.8348825 ], [ 12.6516295, 41.8350163 ], [ 12.6515407, 41.8351406 ], [ 12.6514527, 41.8352424 ], [ 12.6514589, 41.835319 ], [ 12.6515014, 41.835392 ], [ 12.6516944, 41.8357111 ], [ 12.6517664, 41.8358027 ], [ 12.65175, 41.8359194 ], [ 12.6517384, 41.8360723 ], [ 12.6516983, 41.8362651 ], [ 12.6516691, 41.8364041 ], [ 12.6516212, 41.8364796 ], [ 12.6516145, 41.8365786 ], [ 12.6516918, 41.8366882 ], [ 12.6519144, 41.8368594 ], [ 12.6519927, 41.8370231 ], [ 12.6519782, 41.8371714 ], [ 12.6519671, 41.8373108 ], [ 12.651973, 41.8373964 ], [ 12.6519995, 41.8374961 ], [ 12.6520597, 41.8375783 ], [ 12.6521236, 41.8377237 ], [ 12.6521422, 41.8377917 ], [ 12.6520913, 41.8378672 ], [ 12.6520475, 41.8379113 ], [ 12.6519538, 41.838085 ], [ 12.6518941, 41.8382369 ], [ 12.6517435, 41.8383194 ], [ 12.651587, 41.8384017 ], [ 12.6514749, 41.838422 ], [ 12.6513086, 41.8384411 ], [ 12.651182, 41.838443 ], [ 12.6510687, 41.8384947 ], [ 12.6510517, 41.8385484 ], [ 12.6510275, 41.8386334 ], [ 12.6509751, 41.8387495 ], [ 12.6509185, 41.8388158 ], [ 12.6507238, 41.8388704 ], [ 12.6505953, 41.8390074 ], [ 12.6503996, 41.8391745 ], [ 12.6503423, 41.8393399 ], [ 12.6503091, 41.8394248 ], [ 12.6503051, 41.8395328 ], [ 12.6504443, 41.8400084 ], [ 12.6504926, 41.8402526 ], [ 12.6504667, 41.8403826 ], [ 12.650463, 41.8404861 ], [ 12.6504809, 41.8405721 ], [ 12.6504602, 41.8406437 ], [ 12.6504362, 41.8407242 ], [ 12.6504228, 41.84076 ], [ 12.6504033, 41.8408001 ], [ 12.6503933, 41.8408269 ], [ 12.6503831, 41.8408582 ], [ 12.6503636, 41.8408984 ], [ 12.6503253, 41.8409561 ], [ 12.6503054, 41.8410053 ], [ 12.6502792, 41.8410633 ], [ 12.650266, 41.8410945 ], [ 12.6502497, 41.8411302 ], [ 12.650221, 41.8411746 ], [ 12.6501983, 41.8412192 ], [ 12.6501789, 41.8412548 ], [ 12.6501592, 41.8412995 ], [ 12.6501361, 41.841353 ], [ 12.6501318, 41.841389 ], [ 12.6501449, 41.8414433 ], [ 12.6501589, 41.8414706 ], [ 12.6502026, 41.841512 ], [ 12.6502437, 41.8415398 ], [ 12.6503267, 41.8415776 ], [ 12.65038, 41.8416012 ], [ 12.6504393, 41.8416249 ], [ 12.6505102, 41.8416624 ], [ 12.6505542, 41.8416948 ], [ 12.6505771, 41.8417268 ], [ 12.6505848, 41.841763 ], [ 12.6505745, 41.8417988 ], [ 12.6505521, 41.8418344 ], [ 12.6505107, 41.8418965 ], [ 12.6504945, 41.8419277 ], [ 12.6504746, 41.8419769 ], [ 12.6504578, 41.8420261 ], [ 12.6504506, 41.8420574 ], [ 12.6504337, 41.8421066 ], [ 12.6504169, 41.8421558 ], [ 12.6504159, 41.8421828 ], [ 12.6504114, 41.8422232 ], [ 12.6504091, 41.8422862 ], [ 12.6504225, 41.8423315 ], [ 12.6504357, 41.8423813 ], [ 12.6504702, 41.8424271 ], [ 12.650526, 41.8424642 ], [ 12.6505757, 41.8425058 ], [ 12.6505989, 41.8425288 ], [ 12.6506301, 41.8425834 ], [ 12.6506553, 41.8426335 ], [ 12.6506873, 41.8426657 ], [ 12.6507156, 41.8427158 ], [ 12.6507291, 41.8427566 ], [ 12.6507335, 41.8428017 ], [ 12.650744, 41.8428425 ], [ 12.6507489, 41.8428741 ], [ 12.6507595, 41.8429148 ], [ 12.6507645, 41.8429419 ], [ 12.6507754, 41.8429737 ], [ 12.6508065, 41.8430284 ], [ 12.6508234, 41.8430602 ], [ 12.6508493, 41.8430923 ], [ 12.6508836, 41.8431425 ], [ 12.6509207, 41.8431973 ], [ 12.6509495, 41.8432339 ], [ 12.6509666, 41.8432613 ], [ 12.6509775, 41.843293 ], [ 12.6509823, 41.8433246 ], [ 12.6509748, 41.843365 ], [ 12.6509434, 41.8434004 ], [ 12.6508946, 41.8434174 ], [ 12.6508393, 41.8434478 ], [ 12.6508111, 41.8434787 ], [ 12.6507977, 41.8435145 ], [ 12.6507963, 41.843555 ], [ 12.6508247, 41.8436006 ], [ 12.6508538, 41.8436282 ], [ 12.6508889, 41.843656 ], [ 12.6509613, 41.843734 ], [ 12.6510403, 41.8437986 ], [ 12.6511484, 41.8438864 ], [ 12.6512187, 41.8439419 ], [ 12.6512834, 41.8439837 ], [ 12.6513275, 41.8440117 ], [ 12.6513777, 41.8440397 ], [ 12.6514158, 41.8440675 ], [ 12.6514867, 41.844105 ], [ 12.651516, 41.8441228 ], [ 12.6515541, 41.8441559 ], [ 12.6515772, 41.8441834 ], [ 12.6515588, 41.844225 ], [ 12.6515112, 41.8442731 ], [ 12.6514855, 41.8443031 ], [ 12.651466, 41.8443432 ], [ 12.6514735, 41.8443839 ], [ 12.651508, 41.8444296 ], [ 12.6515514, 41.8444755 ], [ 12.6515623, 41.8445073 ], [ 12.6515955, 41.8445485 ], [ 12.6516226, 41.8445896 ], [ 12.6516391, 41.8446304 ], [ 12.6516472, 41.8446576 ], [ 12.6516694, 41.8447076 ], [ 12.6516944, 41.8447667 ], [ 12.6517052, 41.8447984 ], [ 12.6517101, 41.84483 ], [ 12.6517264, 41.8448799 ], [ 12.6517397, 41.8449252 ], [ 12.6517505, 41.8449614 ], [ 12.6517726, 41.8450159 ], [ 12.6518035, 41.8450751 ], [ 12.6518206, 41.8451025 ], [ 12.6518581, 41.8451483 ], [ 12.6518868, 41.8451849 ], [ 12.6519303, 41.8452308 ], [ 12.6519437, 41.8452761 ], [ 12.6519422, 41.8453166 ], [ 12.6519319, 41.8453524 ], [ 12.6519062, 41.8453969 ], [ 12.6518744, 41.8454413 ], [ 12.6518547, 41.8454859 ], [ 12.6518317, 41.8455395 ], [ 12.6518215, 41.8455708 ], [ 12.6518144, 41.8456022 ], [ 12.651804, 41.845638 ], [ 12.651797, 41.8456649 ], [ 12.6517768, 41.845723 ], [ 12.6517543, 41.8457631 ], [ 12.6517321, 41.8457941 ], [ 12.6517041, 41.8458161 ], [ 12.6516732, 41.8458379 ], [ 12.6516395, 41.8458553 ], [ 12.6515902, 41.8458858 ], [ 12.6515529, 41.8459165 ], [ 12.6515093, 41.8459562 ], [ 12.6514839, 41.8459917 ], [ 12.6514584, 41.8460317 ], [ 12.6514332, 41.8460627 ], [ 12.6514111, 41.8460892 ], [ 12.6513642, 41.8461378 ], [ 12.6513232, 41.8461865 ], [ 12.651298, 41.8462175 ], [ 12.6512728, 41.8462485 ], [ 12.6512379, 41.8462973 ], [ 12.6512123, 41.8463374 ], [ 12.6511991, 41.8463686 ], [ 12.6511891, 41.8463954 ], [ 12.6511724, 41.8464401 ], [ 12.6511623, 41.8464714 ], [ 12.6511551, 41.8465028 ], [ 12.6511509, 41.8465342 ], [ 12.6511459, 41.8465882 ], [ 12.6511321, 41.8466374 ], [ 12.6511276, 41.8466778 ], [ 12.6511259, 41.8467228 ], [ 12.651118, 41.8467767 ], [ 12.65111, 41.8468306 ], [ 12.6511021, 41.84688 ], [ 12.6510921, 41.8469068 ], [ 12.6510719, 41.8469649 ], [ 12.6510648, 41.8469963 ], [ 12.6510486, 41.8470275 ], [ 12.6510354, 41.8470587 ], [ 12.651006, 41.8471212 ], [ 12.6509868, 41.8471523 ], [ 12.650949, 41.8471965 ], [ 12.6508905, 41.8472314 ], [ 12.650805, 41.8472656 ], [ 12.6507684, 41.8472784 ], [ 12.6507284, 41.8473001 ], [ 12.6506761, 41.8473306 ], [ 12.6506295, 41.8473701 ], [ 12.650622, 41.8474105 ], [ 12.6506267, 41.8474466 ], [ 12.6506311, 41.8474917 ], [ 12.6506343, 41.8475684 ], [ 12.650636, 41.8476044 ], [ 12.6506288, 41.8476358 ], [ 12.6506153, 41.847676 ], [ 12.6505931, 41.8477071 ], [ 12.6505585, 41.8477469 ], [ 12.6505212, 41.8477777 ], [ 12.6504838, 41.8478129 ], [ 12.6504343, 41.8478479 ], [ 12.6503852, 41.847874 ], [ 12.6503513, 41.8478958 ], [ 12.6503144, 41.8479175 ], [ 12.6502831, 41.8479484 ], [ 12.6502579, 41.8479794 ], [ 12.65022, 41.8480282 ], [ 12.6501917, 41.8480591 ], [ 12.6501386, 41.8481121 ], [ 12.6500982, 41.8481473 ], [ 12.6500703, 41.8481692 ], [ 12.6500268, 41.8482044 ], [ 12.6499956, 41.8482352 ], [ 12.649958, 41.848275 ], [ 12.6499239, 41.8483013 ], [ 12.6498649, 41.8483496 ], [ 12.6498337, 41.8483805 ], [ 12.649768, 41.8484467 ], [ 12.649688, 41.8484946 ], [ 12.6500976, 41.8489848 ], [ 12.6502311, 41.8491226 ], [ 12.6503555, 41.8492603 ], [ 12.6504276, 41.8493473 ], [ 12.650494, 41.8494252 ], [ 12.650621, 41.8495764 ], [ 12.6507334, 41.8497138 ], [ 12.6508574, 41.8498649 ], [ 12.6509783, 41.850016 ], [ 12.6511026, 41.8501582 ], [ 12.6512071, 41.8502639 ], [ 12.6519894, 41.8494603 ], [ 12.6525442, 41.8491925 ], [ 12.6530563, 41.8490228 ], [ 12.6534726, 41.8487567 ], [ 12.6536727, 41.8486347 ], [ 12.6537969, 41.8485336 ], [ 12.6540079, 41.8483623 ], [ 12.654234, 41.8481913 ], [ 12.6543172, 41.848139 ], [ 12.6543792, 41.8480907 ], [ 12.6544347, 41.8480558 ], [ 12.6545089, 41.8480033 ], [ 12.6545864, 41.8479485 ], [ 12.6546694, 41.847894 ], [ 12.6547435, 41.847846 ], [ 12.6548021, 41.8478067 ], [ 12.6548731, 41.8477586 ], [ 12.6549353, 41.8477058 ], [ 12.6549943, 41.8476575 ], [ 12.6550566, 41.8476002 ], [ 12.6551162, 41.8475339 ], [ 12.6551697, 41.847472 ], [ 12.6552138, 41.8474188 ], [ 12.6552423, 41.8473789 ], [ 12.6552711, 41.8473344 ], [ 12.6553061, 41.8472811 ], [ 12.6553447, 41.8472144 ], [ 12.6554021, 41.8471255 ], [ 12.6554534, 41.847041 ], [ 12.655505, 41.8469475 ], [ 12.6555406, 41.8468806 ], [ 12.6555861, 41.846787 ], [ 12.6556122, 41.8467335 ], [ 12.6556477, 41.8466667 ], [ 12.6556738, 41.8466132 ], [ 12.655703, 41.8465552 ], [ 12.6557483, 41.8464706 ], [ 12.6557898, 41.8464039 ], [ 12.6558246, 41.8463596 ], [ 12.6558562, 41.8463197 ], [ 12.6559001, 41.8462711 ], [ 12.6559504, 41.8462136 ], [ 12.6560006, 41.846156 ], [ 12.6560571, 41.8460942 ], [ 12.6561383, 41.8460148 ], [ 12.6561851, 41.8459707 ], [ 12.6562445, 41.8459089 ], [ 12.6563007, 41.845856 ], [ 12.6563417, 41.8458028 ], [ 12.6563793, 41.845763 ], [ 12.6564296, 41.8457055 ], [ 12.656474, 41.8456434 ], [ 12.6565245, 41.8455813 ], [ 12.6565814, 41.845506 ], [ 12.6566259, 41.8454438 ], [ 12.6566735, 41.8453773 ], [ 12.6567149, 41.8453151 ], [ 12.6567723, 41.8452262 ], [ 12.6568329, 41.8451328 ], [ 12.6569057, 41.8450353 ], [ 12.6569821, 41.8449242 ], [ 12.6570769, 41.8448001 ], [ 12.6571274, 41.8447381 ], [ 12.6571843, 41.8446627 ], [ 12.6572411, 41.8445918 ], [ 12.6573039, 41.844521 ], [ 12.6573602, 41.8444636 ], [ 12.657423, 41.8443929 ], [ 12.6574922, 41.8443132 ], [ 12.6575648, 41.8442202 ], [ 12.6576313, 41.8441315 ], [ 12.6577298, 41.8439894 ], [ 12.6577836, 41.8439184 ], [ 12.657828, 41.8438563 ], [ 12.6578659, 41.8438075 ], [ 12.6579135, 41.8437409 ], [ 12.6579611, 41.8436744 ], [ 12.658002, 41.8436257 ], [ 12.658043, 41.843577 ], [ 12.6580872, 41.8435193 ], [ 12.6581346, 41.8434573 ], [ 12.6581824, 41.8433862 ], [ 12.6582236, 41.8433285 ], [ 12.6582716, 41.8432529 ], [ 12.658313, 41.8431907 ], [ 12.658342, 41.8431373 ], [ 12.6583903, 41.8430527 ], [ 12.6584287, 41.8429905 ], [ 12.6584637, 41.8429371 ], [ 12.6584955, 41.8428927 ], [ 12.6585462, 41.8428217 ], [ 12.6585846, 41.8427595 ], [ 12.6586261, 41.8426973 ], [ 12.6586771, 41.8426173 ], [ 12.6587343, 41.8425374 ], [ 12.6587917, 41.8424485 ], [ 12.6588363, 41.8423819 ], [ 12.658884, 41.8423108 ], [ 12.6589318, 41.8422397 ], [ 12.6590014, 41.8421466 ], [ 12.6590831, 41.8420537 ], [ 12.6592024, 41.841921 ], [ 12.6592715, 41.8418414 ], [ 12.6593348, 41.8417571 ], [ 12.6594365, 41.8416106 ], [ 12.6595068, 41.8414994 ], [ 12.6595641, 41.841415 ], [ 12.659627, 41.8413398 ], [ 12.659687, 41.8412644 ], [ 12.6597436, 41.8411981 ], [ 12.6597842, 41.8411584 ], [ 12.6598408, 41.841092 ], [ 12.6598814, 41.8410523 ], [ 12.6599098, 41.8410168 ], [ 12.6599656, 41.8409729 ], [ 12.6600415, 41.8409565 ], [ 12.6600879, 41.8409574 ], [ 12.6601378, 41.8409562 ], [ 12.660133, 41.8409223 ], [ 12.6602415, 41.84092 ], [ 12.6637744, 41.8408884 ], [ 12.6641627, 41.8415537 ], [ 12.6634684, 41.8424312 ], [ 12.6628278, 41.8428234 ], [ 12.6625767, 41.8435163 ], [ 12.6624982, 41.8436047 ], [ 12.6626066, 41.843688 ], [ 12.662765, 41.8438038 ], [ 12.6629267, 41.8439107 ], [ 12.6630705, 41.8440127 ], [ 12.6632236, 41.8441103 ], [ 12.6633235, 41.8441681 ], [ 12.6634071, 41.8442193 ], [ 12.6634934, 41.8442614 ], [ 12.6635818, 41.8443058 ], [ 12.6636412, 41.8443344 ], [ 12.6637217, 41.8443734 ], [ 12.6638314, 41.8444393 ], [ 12.6638205, 41.8444838 ], [ 12.6638022, 41.8445094 ], [ 12.663774, 41.8445403 ], [ 12.6637304, 41.84458 ], [ 12.6636743, 41.8446329 ], [ 12.6636024, 41.8447034 ], [ 12.663242, 41.8450924 ], [ 12.6628112, 41.8455318 ], [ 12.6626447, 41.8457016 ], [ 12.6625467, 41.8456636 ], [ 12.6621869, 41.8460345 ], [ 12.6617827, 41.8464676 ], [ 12.6618125, 41.8465583 ], [ 12.6616562, 41.8467172 ], [ 12.6603015, 41.8481125 ], [ 12.6600482, 41.8483685 ], [ 12.6591783, 41.8492694 ], [ 12.6590909, 41.8493532 ], [ 12.6590409, 41.8494017 ], [ 12.6589972, 41.8494458 ], [ 12.6589723, 41.8494678 ], [ 12.6589287, 41.8495075 ], [ 12.6588821, 41.8495471 ], [ 12.658851, 41.8495734 ], [ 12.6588171, 41.8495953 ], [ 12.6587674, 41.8496348 ], [ 12.658727, 41.84967 ], [ 12.6586901, 41.8496918 ], [ 12.658653, 41.849718 ], [ 12.6586035, 41.849753 ], [ 12.6585634, 41.8497792 ], [ 12.6585295, 41.8498011 ], [ 12.6584894, 41.8498272 ], [ 12.6584463, 41.8498534 ], [ 12.6584063, 41.8498751 ], [ 12.6583694, 41.8498969 ], [ 12.6583323, 41.8499231 ], [ 12.6582986, 41.8499404 ], [ 12.6582555, 41.8499666 ], [ 12.6582187, 41.8499838 ], [ 12.6581695, 41.8500098 ], [ 12.6581386, 41.8500317 ], [ 12.6581017, 41.8500535 ], [ 12.6580556, 41.8500796 ], [ 12.6580095, 41.8501056 ], [ 12.6579421, 41.8501358 ], [ 12.6578718, 41.8501659 ], [ 12.6578106, 41.8501917 ], [ 12.6577554, 41.8502175 ], [ 12.6577066, 41.8502346 ], [ 12.6576637, 41.8502562 ], [ 12.6576149, 41.8502732 ], [ 12.6575507, 41.8502989 ], [ 12.6574895, 41.8503247 ], [ 12.6574376, 41.8503461 ], [ 12.6573706, 41.8503673 ], [ 12.6572972, 41.8503973 ], [ 12.6572302, 41.8504185 ], [ 12.6571842, 41.85044 ], [ 12.6571234, 41.8504568 ], [ 12.6570836, 41.850474 ], [ 12.657041, 41.8504866 ], [ 12.65698, 41.8505079 ], [ 12.6569372, 41.8505251 ], [ 12.6568884, 41.8505421 ], [ 12.6568396, 41.8505591 ], [ 12.6567966, 41.8505807 ], [ 12.6567478, 41.8505977 ], [ 12.6567019, 41.8506193 ], [ 12.6566469, 41.8506407 ], [ 12.6566009, 41.8506623 ], [ 12.656555, 41.8506839 ], [ 12.656506, 41.8507054 ], [ 12.656463, 41.850727 ], [ 12.6564203, 41.8507442 ], [ 12.6563621, 41.85077 ], [ 12.656316, 41.8507961 ], [ 12.656273, 41.8508177 ], [ 12.6562209, 41.8508437 ], [ 12.6561718, 41.8508697 ], [ 12.6561288, 41.8508913 ], [ 12.6560675, 41.8509216 ], [ 12.6560058, 41.8509608 ], [ 12.6558867, 41.851021 ], [ 12.6547814, 41.8517509 ], [ 12.6537934, 41.8525007 ], [ 12.6548363, 41.852558 ], [ 12.6562964, 41.8526509 ], [ 12.6576367, 41.8527278 ], [ 12.6577121, 41.8527248 ], [ 12.6588975, 41.8526748 ], [ 12.6595499, 41.8526473 ], [ 12.6597992, 41.8526368 ], [ 12.6602085, 41.8526046 ], [ 12.6602628, 41.8525607 ], [ 12.6603124, 41.8525212 ], [ 12.6603739, 41.8524864 ], [ 12.6604509, 41.8524385 ], [ 12.6605091, 41.8524126 ], [ 12.660648, 41.8524019 ], [ 12.6607237, 41.85239 ], [ 12.6608354, 41.8523832 ], [ 12.6609317, 41.8523852 ], [ 12.6611395, 41.8523849 ], [ 12.6612695, 41.8523696 ], [ 12.6614372, 41.8523145 ], [ 12.6617292, 41.8522348 ], [ 12.6618144, 41.8522096 ], [ 12.6618903, 41.8521931 ], [ 12.6619424, 41.8521671 ], [ 12.6620554, 41.8521244 ], [ 12.6621799, 41.8520954 ], [ 12.6622409, 41.8520742 ], [ 12.6623921, 41.8520592 ], [ 12.6624736, 41.8520519 ], [ 12.6626391, 41.8520552 ], [ 12.6627326, 41.8520526 ], [ 12.662938, 41.8520343 ], [ 12.6630527, 41.8520276 ], [ 12.6633822, 41.8519938 ], [ 12.6639947, 41.8519323 ], [ 12.6640532, 41.8519264 ], [ 12.6643221, 41.8519004 ], [ 12.664727, 41.8518636 ], [ 12.6648149, 41.8518474 ], [ 12.6648789, 41.8518261 ], [ 12.6649374, 41.8517913 ], [ 12.6649929, 41.8517564 ], [ 12.6650336, 41.8517122 ], [ 12.6651462, 41.8515164 ], [ 12.665216, 41.8514187 ], [ 12.6653137, 41.8512991 ], [ 12.6653603, 41.8512596 ], [ 12.6654599, 41.8511715 ], [ 12.6655494, 41.8511103 ], [ 12.6657453, 41.8510242 ], [ 12.6658798, 41.8509684 ], [ 12.6659841, 41.8509165 ], [ 12.6661005, 41.8508603 ], [ 12.6661901, 41.8507991 ], [ 12.6662797, 41.8507379 ], [ 12.6663241, 41.8506758 ], [ 12.6663542, 41.8506336 ], [ 12.6664291, 41.8505203 ], [ 12.6664987, 41.8504271 ], [ 12.6665457, 41.8503786 ], [ 12.6666048, 41.8503257 ], [ 12.66667, 41.850273 ], [ 12.6667161, 41.8502469 ], [ 12.6667717, 41.8502075 ], [ 12.6668101, 41.8501453 ], [ 12.6668732, 41.8500655 ], [ 12.6669456, 41.8499814 ], [ 12.6670529, 41.849844 ], [ 12.6670972, 41.8497864 ], [ 12.667147, 41.8497423 ], [ 12.6672025, 41.8497074 ], [ 12.6673121, 41.8496736 ], [ 12.6675061, 41.8496371 ], [ 12.6678033, 41.8495801 ], [ 12.667852, 41.8495675 ], [ 12.6678947, 41.8495504 ], [ 12.6679502, 41.8495155 ], [ 12.6679851, 41.8494667 ], [ 12.6680205, 41.8494044 ], [ 12.6680948, 41.8492663 ], [ 12.6683293, 41.8488613 ], [ 12.6687153, 41.8482196 ], [ 12.668878, 41.8483456 ], [ 12.6690272, 41.8484657 ], [ 12.6691761, 41.8485948 ], [ 12.66927, 41.8486642 ], [ 12.6693605, 41.8487426 ], [ 12.6695122, 41.8488763 ], [ 12.6696612, 41.8490009 ], [ 12.6698131, 41.84913 ], [ 12.6699475, 41.8492454 ], [ 12.6700964, 41.8493745 ], [ 12.6702571, 41.8495083 ], [ 12.670406, 41.8496374 ], [ 12.6705375, 41.8497482 ], [ 12.6706924, 41.8498774 ], [ 12.6708385, 41.8500019 ], [ 12.6709934, 41.8501312 ], [ 12.671116, 41.8502372 ], [ 12.6712566, 41.8503575 ], [ 12.671396, 41.8504861 ], [ 12.6715356, 41.850624 ], [ 12.6716402, 41.8507297 ], [ 12.6717596, 41.8508402 ], [ 12.6718624, 41.8509953 ], [ 12.6719625, 41.8511415 ], [ 12.6720596, 41.8512875 ], [ 12.6721684, 41.8514428 ], [ 12.6722598, 41.8515798 ], [ 12.672317, 41.851662 ], [ 12.6723713, 41.8517442 ], [ 12.6725545, 41.8517569 ], [ 12.672777, 41.8517659 ], [ 12.6729781, 41.8517835 ], [ 12.6731881, 41.8518057 ], [ 12.6733438, 41.8518314 ], [ 12.6735291, 41.8518712 ], [ 12.6737469, 41.8519251 ], [ 12.673935, 41.8519695 ], [ 12.6741214, 41.8520195 ], [ 12.6743303, 41.8520743 ], [ 12.6745524, 41.8521351 ], [ 12.6747761, 41.8521937 ], [ 12.6749579, 41.8522469 ], [ 12.675146, 41.8522912 ], [ 12.6752841, 41.852303 ], [ 12.6754312, 41.852315 ], [ 12.6755967, 41.8523184 ], [ 12.6757741, 41.8523265 ], [ 12.6758625, 41.8522967 ], [ 12.6759809, 41.8522721 ], [ 12.6761531, 41.852172 ], [ 12.6763373, 41.8520767 ], [ 12.6765246, 41.8519769 ], [ 12.676635, 41.8519206 ], [ 12.676767, 41.8518512 ], [ 12.6768073, 41.8518205 ], [ 12.6769201, 41.8517823 ], [ 12.6770483, 41.8517353 ], [ 12.6771432, 41.8516922 ], [ 12.6772625, 41.8516406 ], [ 12.6774579, 41.851568 ], [ 12.6776531, 41.8514999 ], [ 12.6777171, 41.8514787 ], [ 12.6778574, 41.8514275 ], [ 12.6780558, 41.8513549 ], [ 12.6782234, 41.8512998 ], [ 12.6783974, 41.8512358 ], [ 12.6790492, 41.8510328 ], [ 12.6796538, 41.8508019 ], [ 12.6802415, 41.8505391 ], [ 12.6803913, 41.8504745 ], [ 12.6807521, 41.8502922 ], [ 12.6808883, 41.8502234 ], [ 12.6811584, 41.8500803 ], [ 12.6816002, 41.849855 ], [ 12.6819401, 41.8496142 ], [ 12.6821509, 41.8494628 ], [ 12.6823793, 41.849461 ], [ 12.6824184, 41.8494618 ], [ 12.6825357, 41.8494697 ], [ 12.6825847, 41.8494426 ], [ 12.6826144, 41.8493712 ], [ 12.6826504, 41.8492909 ], [ 12.6826674, 41.8492372 ], [ 12.6826903, 41.8491881 ], [ 12.6827131, 41.849139 ], [ 12.682736, 41.8490899 ], [ 12.6827585, 41.8490499 ], [ 12.6827814, 41.8490008 ], [ 12.6828069, 41.8489608 ], [ 12.6828483, 41.8488986 ], [ 12.6828777, 41.8488361 ], [ 12.6828968, 41.848805 ], [ 12.6829221, 41.848774 ], [ 12.6829533, 41.8487431 ], [ 12.6829798, 41.8487189 ], [ 12.6830055, 41.8486744 ], [ 12.6830311, 41.8486298 ], [ 12.6830526, 41.8485785 ], [ 12.6830535, 41.8485515 ], [ 12.6830536, 41.8485087 ], [ 12.6830538, 41.8484614 ], [ 12.6830549, 41.8484299 ], [ 12.68305, 41.8483983 ], [ 12.6830338, 41.8483484 ], [ 12.6830097, 41.8483052 ], [ 12.6829805, 41.8482798 ], [ 12.6829512, 41.8482471 ], [ 12.6829291, 41.8482022 ], [ 12.6829138, 41.8481682 ], [ 12.6829092, 41.8481298 ], [ 12.6829197, 41.8480895 ], [ 12.682945, 41.848054 ], [ 12.6829807, 41.8480254 ], [ 12.6830239, 41.847997 ], [ 12.6830596, 41.8479662 ], [ 12.6830907, 41.8479398 ], [ 12.6831349, 41.847925 ], [ 12.6831741, 41.8479032 ], [ 12.6831962, 41.8478519 ], [ 12.6832112, 41.8478139 ], [ 12.6832229, 41.8477804 ], [ 12.6832329, 41.8477536 ], [ 12.6832403, 41.8477154 ], [ 12.6832663, 41.8476619 ], [ 12.6832757, 41.8476103 ], [ 12.6832874, 41.8475791 ], [ 12.6832944, 41.8475522 ], [ 12.6833078, 41.8475142 ], [ 12.6833224, 41.8474852 ], [ 12.6833418, 41.8474496 ], [ 12.6833437, 41.8474173 ], [ 12.6833504, 41.8473749 ], [ 12.6833769, 41.8473422 ], [ 12.6833964, 41.8473111 ], [ 12.683422, 41.8472816 ], [ 12.6834277, 41.8472374 ], [ 12.6834312, 41.8471932 ], [ 12.6834188, 41.8471565 ], [ 12.6834063, 41.8471221 ], [ 12.6834073, 41.8470929 ], [ 12.6834145, 41.8470615 ], [ 12.6834244, 41.847037 ], [ 12.6834391, 41.8470091 ], [ 12.6834494, 41.8469699 ], [ 12.6834579, 41.8469431 ], [ 12.6834839, 41.8469121 ], [ 12.6835075, 41.8468822 ], [ 12.6835267, 41.8468469 ], [ 12.6835321, 41.8468061 ], [ 12.6835354, 41.8467555 ], [ 12.6835354, 41.846715 ], [ 12.6835292, 41.8466788 ], [ 12.6835241, 41.8466517 ], [ 12.6835285, 41.8466135 ], [ 12.6835356, 41.8465844 ], [ 12.6835531, 41.8465577 ], [ 12.6835723, 41.8465266 ], [ 12.6835852, 41.8465021 ], [ 12.6836058, 41.8464755 ], [ 12.6836341, 41.84644 ], [ 12.6836634, 41.8464001 ], [ 12.6836939, 41.8463692 ], [ 12.6837232, 41.8463293 ], [ 12.6837556, 41.846295 ], [ 12.6837913, 41.8462698 ], [ 12.6837845, 41.8462382 ], [ 12.6839037, 41.8461055 ], [ 12.6839509, 41.8460479 ], [ 12.6838772, 41.8460059 ], [ 12.6838423, 41.8459692 ], [ 12.6837789, 41.8458913 ], [ 12.6837369, 41.8458049 ], [ 12.6836931, 41.8456825 ], [ 12.6836701, 41.8455694 ], [ 12.6836243, 41.8454199 ], [ 12.683617, 41.8452892 ], [ 12.6836331, 41.8451769 ], [ 12.6836897, 41.845025 ], [ 12.6837071, 41.8448767 ], [ 12.6837048, 41.8447731 ], [ 12.6836632, 41.8445921 ], [ 12.6835955, 41.8444647 ], [ 12.6835136, 41.8443144 ], [ 12.6834319, 41.8441597 ], [ 12.6833184, 41.8440493 ], [ 12.6832035, 41.8438984 ], [ 12.6831059, 41.8437658 ], [ 12.68298, 41.8435832 ], [ 12.6828792, 41.8434551 ], [ 12.6827558, 41.843286 ], [ 12.6826405, 41.843144 ], [ 12.6825388, 41.8430429 ], [ 12.6824732, 41.8429425 ], [ 12.682403, 41.8428015 ], [ 12.6823382, 41.8426786 ], [ 12.6822538, 41.8425959 ], [ 12.6821471, 41.8425487 ], [ 12.6820353, 41.8424789 ], [ 12.6819779, 41.8424116 ], [ 12.6819764, 41.8422751 ], [ 12.682017, 41.8421498 ], [ 12.6820615, 41.8420021 ], [ 12.6821096, 41.8418365 ], [ 12.6821465, 41.8416481 ], [ 12.6821644, 41.8414863 ], [ 12.6822103, 41.8412171 ], [ 12.6819543, 41.8408021 ], [ 12.6816301, 41.8401066 ], [ 12.6816008, 41.8400025 ], [ 12.6815629, 41.8398846 ], [ 12.6815646, 41.8397541 ], [ 12.6815789, 41.8396204 ], [ 12.6815995, 41.8395922 ], [ 12.6816397, 41.8395079 ], [ 12.681733, 41.8393432 ], [ 12.6818032, 41.839232 ], [ 12.6818984, 41.8390989 ], [ 12.6820126, 41.8390201 ], [ 12.6821647, 41.8389782 ], [ 12.6822241, 41.8389654 ], [ 12.6823558, 41.838937 ], [ 12.6827163, 41.8388767 ], [ 12.6829815, 41.8388686 ], [ 12.6832582, 41.8388786 ], [ 12.6834976, 41.8389195 ], [ 12.6837168, 41.8389543 ], [ 12.6837917, 41.839029 ], [ 12.6837518, 41.8391318 ], [ 12.6837603, 41.839231 ], [ 12.6838372, 41.8394352 ], [ 12.683957, 41.8399555 ], [ 12.6839869, 41.8402938 ], [ 12.6840164, 41.8403934 ], [ 12.6840714, 41.8405387 ], [ 12.6841457, 41.8406482 ], [ 12.6842005, 41.8407169 ], [ 12.6842753, 41.8408129 ], [ 12.6844328, 41.8408702 ], [ 12.6844988, 41.8409615 ], [ 12.6845297, 41.8410207 ], [ 12.6845297, 41.8411063 ], [ 12.6844066, 41.8412614 ], [ 12.6842692, 41.8413982 ], [ 12.6842069, 41.8415411 ], [ 12.6841627, 41.8416798 ], [ 12.6841241, 41.8418321 ], [ 12.6840982, 41.8419667 ], [ 12.6841079, 41.8421154 ], [ 12.6841464, 41.8422153 ], [ 12.6842306, 41.8423025 ], [ 12.6843274, 41.842372 ], [ 12.6844549, 41.8424287 ], [ 12.6845646, 41.8424759 ], [ 12.6846529, 41.8425317 ], [ 12.6846926, 41.8426001 ], [ 12.6847353, 41.8426685 ], [ 12.6847937, 41.8428858 ], [ 12.6847729, 41.8429619 ], [ 12.6847928, 41.8429938 ], [ 12.684845, 41.8430489 ], [ 12.6849428, 41.8430914 ], [ 12.6850193, 41.8431425 ], [ 12.6851347, 41.8431989 ], [ 12.685274, 41.8432602 ], [ 12.6854432, 41.8433267 ], [ 12.6855909, 41.8434062 ], [ 12.6857269, 41.8434765 ], [ 12.6858834, 41.8435607 ], [ 12.6859901, 41.8436079 ], [ 12.6860225, 41.8436265 ], [ 12.6861239, 41.8436556 ], [ 12.6862043, 41.8436797 ], [ 12.686258, 41.8436943 ], [ 12.6863143, 41.843718 ], [ 12.6863687, 41.8437146 ], [ 12.6864346, 41.8436393 ], [ 12.6864257, 41.8435536 ], [ 12.6864416, 41.8434459 ], [ 12.6864901, 41.8433523 ], [ 12.6865241, 41.8432449 ], [ 12.6865552, 41.8431329 ], [ 12.686575, 41.8430027 ], [ 12.6866066, 41.8428773 ], [ 12.6866521, 41.8427837 ], [ 12.6868166, 41.8423142 ], [ 12.6869587, 41.8418802 ], [ 12.6872017, 41.8413177 ], [ 12.687299, 41.8405407 ], [ 12.687373, 41.8402405 ], [ 12.6880568, 41.8403983 ], [ 12.6884346, 41.840442 ], [ 12.6888211, 41.8404948 ], [ 12.6891284, 41.840492 ], [ 12.6894147, 41.8404842 ], [ 12.6896858, 41.8404807 ], [ 12.6899713, 41.8404954 ], [ 12.6900162, 41.8405008 ], [ 12.6899506, 41.841238 ], [ 12.690057, 41.8413752 ], [ 12.6900443, 41.8416452 ], [ 12.6900553, 41.841758 ], [ 12.6900519, 41.8418524 ], [ 12.6900417, 41.8419693 ], [ 12.6900237, 41.84205 ], [ 12.6900008, 41.8421846 ], [ 12.6899698, 41.8422921 ], [ 12.6899397, 41.842377 ], [ 12.6899124, 41.8424665 ], [ 12.6899239, 41.8425659 ], [ 12.6899255, 41.8426875 ], [ 12.6899216, 41.8427955 ], [ 12.6898542, 41.8429967 ], [ 12.689802, 41.8431083 ], [ 12.6897767, 41.8432248 ], [ 12.6897305, 41.8433365 ], [ 12.6896653, 41.8434748 ], [ 12.6896095, 41.8436042 ], [ 12.6895618, 41.8436753 ], [ 12.6894961, 41.8437415 ], [ 12.6894036, 41.8438027 ], [ 12.6892816, 41.8438453 ], [ 12.6891623, 41.8438969 ], [ 12.6890614, 41.8439399 ], [ 12.6889179, 41.8439956 ], [ 12.6887898, 41.8440425 ], [ 12.6886348, 41.8440799 ], [ 12.6884554, 41.8441304 ], [ 12.6882946, 41.8441631 ], [ 12.6881258, 41.8441688 ], [ 12.6878637, 41.8441725 ], [ 12.6875626, 41.8441709 ], [ 12.6873786, 41.8441807 ], [ 12.6872305, 41.8441957 ], [ 12.687055, 41.8442192 ], [ 12.6869367, 41.8442439 ], [ 12.6868122, 41.8442729 ], [ 12.6866869, 41.8443244 ], [ 12.6865645, 41.8443805 ], [ 12.6864601, 41.8444369 ], [ 12.6863555, 41.8444978 ], [ 12.686233, 41.8445539 ], [ 12.6860957, 41.8446052 ], [ 12.685983, 41.8446389 ], [ 12.6858587, 41.8446634 ], [ 12.6857222, 41.8446922 ], [ 12.6855945, 41.8447257 ], [ 12.6854702, 41.8447502 ], [ 12.6853512, 41.8447928 ], [ 12.6852195, 41.8448532 ], [ 12.685149, 41.8448878 ], [ 12.6851295, 41.8449279 ], [ 12.6851242, 41.8449909 ], [ 12.6851198, 41.8450313 ], [ 12.6851351, 41.8451081 ], [ 12.6851833, 41.8451902 ], [ 12.6852972, 41.845287 ], [ 12.6854055, 41.8453748 ], [ 12.6854868, 41.8454575 ], [ 12.6855588, 41.845549 ], [ 12.6856401, 41.8456317 ], [ 12.6857156, 41.8457097 ], [ 12.6858034, 41.8457791 ], [ 12.6859039, 41.8458306 ], [ 12.6860322, 41.8458647 ], [ 12.6861427, 41.8458895 ], [ 12.6875065, 41.8458134 ], [ 12.6876155, 41.8458786 ], [ 12.6877006, 41.8458578 ], [ 12.6877831, 41.8458235 ], [ 12.6879203, 41.8457767 ], [ 12.6880931, 41.8457441 ], [ 12.6882777, 41.8457208 ], [ 12.6884921, 41.8457027 ], [ 12.6888798, 41.8456384 ], [ 12.6890523, 41.8456149 ], [ 12.6893064, 41.845584 ], [ 12.689542, 41.8455617 ], [ 12.6897275, 41.8455114 ], [ 12.6899797, 41.8454489 ], [ 12.690213, 41.8454086 ], [ 12.6903766, 41.8453803 ], [ 12.6905309, 41.8453609 ], [ 12.6906883, 41.8453371 ], [ 12.6908462, 41.8452997 ], [ 12.6910168, 41.8452446 ], [ 12.6911572, 41.8451934 ], [ 12.6913069, 41.8451334 ], [ 12.6915049, 41.8450698 ], [ 12.691615, 41.8450225 ], [ 12.6917525, 41.8449667 ], [ 12.6918501, 41.8449327 ], [ 12.6919569, 41.8448943 ], [ 12.6920765, 41.8448336 ], [ 12.6921583, 41.8447362 ], [ 12.6923538, 41.8445735 ], [ 12.6925519, 41.8444244 ], [ 12.6926698, 41.8443277 ], [ 12.692861, 41.844201 ], [ 12.6930653, 41.8440475 ], [ 12.6932202, 41.8439245 ], [ 12.6933863, 41.8437432 ], [ 12.6934684, 41.8436368 ], [ 12.6935205, 41.8435298 ], [ 12.6935483, 41.8434268 ], [ 12.6935647, 41.8433055 ], [ 12.693557, 41.8431838 ], [ 12.6935542, 41.8430937 ], [ 12.6935696, 41.8429994 ], [ 12.6936681, 41.8428573 ], [ 12.6938131, 41.8427611 ], [ 12.6939462, 41.8426602 ], [ 12.6940796, 41.8425503 ], [ 12.6942092, 41.8424629 ], [ 12.6943454, 41.8423575 ], [ 12.6944402, 41.8422334 ], [ 12.6945127, 41.8421448 ], [ 12.6946127, 41.8420432 ], [ 12.6946564, 41.841999 ], [ 12.6947003, 41.8419504 ], [ 12.6947609, 41.841857 ], [ 12.6948246, 41.8417593 ], [ 12.6948469, 41.8417237 ], [ 12.6948749, 41.8416162 ], [ 12.6948773, 41.8415487 ], [ 12.6948951, 41.8414725 ], [ 12.6948706, 41.8411478 ], [ 12.6948904, 41.840932 ], [ 12.6948791, 41.8408282 ], [ 12.6948379, 41.8406338 ], [ 12.6948138, 41.8403001 ], [ 12.6947851, 41.8400923 ], [ 12.6947644, 41.8398308 ], [ 12.6947603, 41.83961 ], [ 12.6947898, 41.8394575 ], [ 12.6948233, 41.8393636 ], [ 12.6948563, 41.8392832 ], [ 12.6949029, 41.8392436 ], [ 12.6949528, 41.8391951 ], [ 12.6950203, 41.8391604 ], [ 12.6952362, 41.8391017 ], [ 12.6954389, 41.8390743 ], [ 12.6956669, 41.8390113 ], [ 12.6958671, 41.8389703 ], [ 12.6960253, 41.8389239 ], [ 12.6960958, 41.8388893 ], [ 12.6961467, 41.8388138 ], [ 12.6961822, 41.838747 ], [ 12.6961963, 41.8386077 ], [ 12.6961755, 41.8383461 ], [ 12.6961323, 41.8381246 ], [ 12.6961593, 41.838044 ], [ 12.6961701, 41.8379947 ], [ 12.6961869, 41.8379455 ], [ 12.6962495, 41.8378792 ], [ 12.6963328, 41.8378224 ], [ 12.6963637, 41.8378005 ], [ 12.6964247, 41.8377792 ], [ 12.6965485, 41.8377682 ], [ 12.6969454, 41.8376996 ], [ 12.6971494, 41.8376361 ], [ 12.6972483, 41.8375661 ], [ 12.6973528, 41.8375051 ], [ 12.6974639, 41.8374308 ], [ 12.6976088, 41.8373346 ], [ 12.6976559, 41.8372815 ], [ 12.6977139, 41.8372602 ], [ 12.6978098, 41.8372711 ], [ 12.6980476, 41.8373569 ], [ 12.6982076, 41.8374277 ], [ 12.6983018, 41.8374881 ], [ 12.6983543, 41.8375342 ], [ 12.6983439, 41.8375745 ], [ 12.698248, 41.8376446 ], [ 12.6979496, 41.8378233 ], [ 12.6977614, 41.8379501 ], [ 12.6976172, 41.8381093 ], [ 12.6973544, 41.8383832 ], [ 12.6971375, 41.8386401 ], [ 12.6970757, 41.8388505 ], [ 12.6970894, 41.8390579 ], [ 12.6970016, 41.8394073 ], [ 12.6968298, 41.8398317 ], [ 12.6968891, 41.8403597 ], [ 12.6969791, 41.8407038 ], [ 12.696969, 41.8409873 ], [ 12.6969519, 41.8412121 ], [ 12.6969832, 41.8415144 ], [ 12.6969008, 41.8417964 ], [ 12.6968767, 41.8420481 ], [ 12.6968874, 41.8421699 ], [ 12.6968705, 41.8423047 ], [ 12.6968648, 41.8423811 ], [ 12.6968637, 41.8424936 ], [ 12.6968912, 41.8425663 ], [ 12.6970189, 41.8426183 ], [ 12.6971563, 41.8426481 ], [ 12.6973294, 41.8426921 ], [ 12.6975442, 41.842746 ], [ 12.6977022, 41.8427897 ], [ 12.6978365, 41.8428239 ], [ 12.6979681, 41.842849 ], [ 12.698007, 41.8428543 ], [ 12.6981296, 41.8428793 ], [ 12.6982339, 41.8429084 ], [ 12.6983582, 41.8429694 ], [ 12.6984991, 41.8429858 ], [ 12.6986436, 41.8429887 ], [ 12.6987828, 41.8429689 ], [ 12.6989475, 41.8429092 ], [ 12.6990525, 41.8428347 ], [ 12.6991798, 41.8427292 ], [ 12.6993533, 41.8425931 ], [ 12.6994701, 41.8424423 ], [ 12.6995831, 41.842314 ], [ 12.699729, 41.8421909 ], [ 12.6998713, 41.8420856 ], [ 12.6999728, 41.8420246 ], [ 12.7000951, 41.841973 ], [ 12.7002416, 41.8419174 ], [ 12.700346, 41.841861 ], [ 12.7004045, 41.8418261 ], [ 12.7005741, 41.8419646 ], [ 12.7007144, 41.8420845 ], [ 12.7008755, 41.8422093 ], [ 12.700999, 41.8422928 ], [ 12.7011196, 41.8423718 ], [ 12.7012524, 41.8424465 ], [ 12.7013876, 41.8425393 ], [ 12.7015338, 41.8426593 ], [ 12.7016552, 41.8425492 ], [ 12.7017389, 41.8424833 ], [ 12.701826, 41.842404 ], [ 12.7019693, 41.8422718 ], [ 12.7021155, 41.8421396 ], [ 12.7022739, 41.8420032 ], [ 12.7024045, 41.8418887 ], [ 12.7025384, 41.8417653 ], [ 12.7026816, 41.8416331 ], [ 12.7028217, 41.8415053 ], [ 12.7029648, 41.8413776 ], [ 12.7031112, 41.8412409 ], [ 12.7031361, 41.8412189 ], [ 12.7032512, 41.8411131 ], [ 12.7034003, 41.8409855 ], [ 12.703525, 41.8408664 ], [ 12.7036557, 41.8407475 ], [ 12.7037456, 41.8406772 ], [ 12.7038447, 41.8405981 ], [ 12.7040086, 41.8404798 ], [ 12.7041259, 41.8403966 ], [ 12.7042403, 41.8403133 ], [ 12.7044008, 41.840204 ], [ 12.7044998, 41.8401294 ], [ 12.7046094, 41.8400537 ], [ 12.7047895, 41.8399416 ], [ 12.7049681, 41.8398326 ], [ 12.7051007, 41.8397452 ], [ 12.7052391, 41.8396624 ], [ 12.705601, 41.8392238 ], [ 12.7056701, 41.8391441 ], [ 12.7057427, 41.839051 ], [ 12.705795, 41.838935 ], [ 12.7058575, 41.8387876 ], [ 12.7059293, 41.8386315 ], [ 12.7060076, 41.8384619 ], [ 12.7060764, 41.8383057 ], [ 12.7061547, 41.8381361 ], [ 12.7062139, 41.8379977 ], [ 12.706289, 41.8378326 ], [ 12.7063699, 41.8376766 ], [ 12.7064384, 41.8375294 ], [ 12.7065225, 41.8373645 ], [ 12.7066418, 41.8372145 ], [ 12.7067526, 41.8370764 ], [ 12.7068662, 41.83693 ], [ 12.7069638, 41.8368104 ], [ 12.7070743, 41.8366685 ], [ 12.7071491, 41.8365124 ], [ 12.7071821, 41.8363464 ], [ 12.7072081, 41.8362074 ], [ 12.707232, 41.8360457 ], [ 12.7072652, 41.8358753 ], [ 12.707282, 41.8357405 ], [ 12.7073114, 41.8355925 ], [ 12.7073536, 41.8354222 ], [ 12.7073842, 41.8353238 ], [ 12.7074123, 41.8352118 ], [ 12.7074363, 41.8350456 ], [ 12.7074603, 41.8348795 ], [ 12.7074827, 41.8347584 ], [ 12.7075035, 41.8346132 ], [ 12.7075194, 41.8344889 ], [ 12.7075337, 41.8343406 ], [ 12.7075327, 41.834201 ], [ 12.707532, 41.8340524 ], [ 12.7075099, 41.8339123 ], [ 12.7074821, 41.8337632 ], [ 12.7084147, 41.8340323 ], [ 12.7094167, 41.8343222 ], [ 12.7099712, 41.8344568 ], [ 12.710021, 41.8344938 ], [ 12.7105464, 41.8351257 ], [ 12.7106244, 41.8352173 ], [ 12.710802, 41.8352209 ], [ 12.7108848, 41.8354297 ], [ 12.7111692, 41.8364035 ], [ 12.7113382, 41.8369218 ], [ 12.7114189, 41.8371695 ], [ 12.7116632, 41.8379173 ], [ 12.7118082, 41.8380733 ], [ 12.7126674, 41.8387164 ], [ 12.7129069, 41.8389238 ], [ 12.7129669, 41.8389317 ], [ 12.7132316, 41.8389393 ], [ 12.7135492, 41.8389816 ], [ 12.7145352, 41.8390238 ], [ 12.7154128, 41.8390682 ], [ 12.7153615, 41.8391573 ], [ 12.7152949, 41.8393361 ], [ 12.7152174, 41.8395687 ], [ 12.7151421, 41.8397383 ], [ 12.7150917, 41.8398859 ], [ 12.7150751, 41.8400117 ], [ 12.7150744, 41.8401175 ], [ 12.7156238, 41.8405855 ], [ 12.7155034, 41.8413441 ], [ 12.7156171, 41.8413643 ], [ 12.7158352, 41.8414137 ], [ 12.7160813, 41.8414366 ], [ 12.7161499, 41.8413705 ], [ 12.7162462, 41.8411157 ], [ 12.7162938, 41.8409635 ], [ 12.7164117, 41.8407813 ], [ 12.7165888, 41.8406272 ], [ 12.7168594, 41.8403849 ], [ 12.7171428, 41.8401203 ], [ 12.7174452, 41.8398292 ], [ 12.7177729, 41.8395025 ], [ 12.7181149, 41.8391985 ], [ 12.7183947, 41.8389519 ], [ 12.7187791, 41.8385543 ], [ 12.7192847, 41.8382221 ], [ 12.7193393, 41.8381241 ], [ 12.7194739, 41.8378116 ], [ 12.7195336, 41.8378263 ], [ 12.7197814, 41.8378852 ], [ 12.7200119, 41.8379213 ], [ 12.7202065, 41.8379522 ], [ 12.7204429, 41.837993 ], [ 12.7207041, 41.8380161 ], [ 12.720921, 41.8380114 ], [ 12.7211891, 41.8380078 ], [ 12.7214941, 41.8379823 ], [ 12.7217962, 41.8379523 ], [ 12.7221248, 41.8379408 ], [ 12.7222087, 41.8379514 ], [ 12.7222477, 41.8379567 ], [ 12.7223047, 41.8379624 ], [ 12.7226659, 41.837965 ], [ 12.7230274, 41.8379587 ], [ 12.7233645, 41.8379609 ], [ 12.7236917, 41.8379043 ], [ 12.7238884, 41.8377911 ], [ 12.7241792, 41.8375717 ], [ 12.7243165, 41.8374349 ], [ 12.7244996, 41.8371953 ], [ 12.7245297, 41.8370248 ], [ 12.7246142, 41.8368509 ], [ 12.7247621, 41.8366692 ], [ 12.7248653, 41.8364776 ], [ 12.7248765, 41.8363292 ], [ 12.7248989, 41.8362936 ], [ 12.7249559, 41.8361282 ], [ 12.7249951, 41.8359578 ], [ 12.7250269, 41.8358234 ], [ 12.7250596, 41.8356664 ], [ 12.7250777, 41.8355812 ], [ 12.7250961, 41.835487 ], [ 12.725076, 41.835374 ], [ 12.7250096, 41.8352917 ], [ 12.7249403, 41.8352092 ], [ 12.724919, 41.8350467 ], [ 12.724891, 41.8348165 ], [ 12.7249232, 41.8345019 ], [ 12.72499, 41.8342331 ], [ 12.7250224, 41.8341662 ], [ 12.7251235, 41.8339475 ], [ 12.7251785, 41.8338685 ], [ 12.7252873, 41.8336581 ], [ 12.7254116, 41.8334624 ], [ 12.7254828, 41.8333242 ], [ 12.7255407, 41.8332173 ], [ 12.7255805, 41.8331941 ], [ 12.7256453, 41.8331563 ], [ 12.7258062, 41.8329479 ], [ 12.7259766, 41.8327261 ], [ 12.726122, 41.8325308 ], [ 12.7261716, 41.8323202 ], [ 12.7261525, 41.8320946 ], [ 12.7261201, 41.8318193 ], [ 12.7261444, 41.8316442 ], [ 12.7261849, 41.8314333 ], [ 12.7261625, 41.8312167 ], [ 12.7259752, 41.8310644 ], [ 12.7257913, 41.8309887 ], [ 12.7256727, 41.8308513 ], [ 12.7256176, 41.8307061 ], [ 12.7255868, 41.8304713 ], [ 12.7255, 41.8302039 ], [ 12.7253404, 41.8299486 ], [ 12.7252138, 41.8296984 ], [ 12.7251665, 41.8295039 ], [ 12.7252043, 41.8292885 ], [ 12.7252811, 41.8290738 ], [ 12.7253182, 41.8290048 ], [ 12.7253815, 41.8288732 ], [ 12.7255043, 41.828637 ], [ 12.7256012, 41.8284498 ], [ 12.7256579, 41.8282933 ], [ 12.7257044, 41.8281726 ], [ 12.7258081, 41.827963 ], [ 12.7259572, 41.8276643 ], [ 12.7260674, 41.8274413 ], [ 12.7261617, 41.827245 ], [ 12.7262956, 41.8270316 ], [ 12.7264168, 41.8268403 ], [ 12.7265879, 41.8268527 ], [ 12.7270453, 41.8269428 ], [ 12.7273279, 41.8269529 ], [ 12.7277057, 41.8269964 ], [ 12.728048, 41.8270212 ], [ 12.7284289, 41.8270603 ], [ 12.728885, 41.8271008 ], [ 12.7288138, 41.8275812 ], [ 12.7289092, 41.8276101 ], [ 12.7291392, 41.8277453 ], [ 12.7294392, 41.8278593 ], [ 12.7297658, 41.8279873 ], [ 12.7302167, 41.8281764 ], [ 12.7305013, 41.8282991 ], [ 12.7307204, 41.8284025 ], [ 12.731003, 41.8284981 ], [ 12.7312163, 41.8285969 ], [ 12.7314926, 41.8287014 ], [ 12.7315635, 41.8287388 ], [ 12.7316093, 41.8287576 ], [ 12.7316745, 41.8287906 ], [ 12.7317652, 41.8288239 ], [ 12.732032, 41.8289417 ], [ 12.7322161, 41.8290129 ], [ 12.7324775, 41.8291126 ], [ 12.7328518, 41.8292679 ], [ 12.7329642, 41.8290547 ], [ 12.7330579, 41.8288719 ], [ 12.7330934, 41.8288051 ], [ 12.7331199, 41.8287381 ], [ 12.7331528, 41.8286577 ], [ 12.7331861, 41.8285683 ], [ 12.7331968, 41.8285189 ], [ 12.7335727, 41.8286164 ], [ 12.7338949, 41.8286993 ], [ 12.7341685, 41.8287948 ], [ 12.7343852, 41.8288801 ], [ 12.7347163, 41.8289677 ], [ 12.7351662, 41.8290982 ], [ 12.7352384, 41.8291212 ], [ 12.7354074, 41.829175 ], [ 12.7355918, 41.8292372 ], [ 12.7358844, 41.829306 ], [ 12.736218, 41.8294071 ], [ 12.7363288, 41.8294413 ], [ 12.7364205, 41.8294696 ], [ 12.736736, 41.8295704 ], [ 12.7369742, 41.8296472 ], [ 12.7372251, 41.8297016 ], [ 12.7374849, 41.8297608 ], [ 12.7375209, 41.8297712 ], [ 12.7379349, 41.8298913 ], [ 12.7382916, 41.8300199 ], [ 12.7385773, 41.8301155 ], [ 12.7388489, 41.8301794 ], [ 12.739061, 41.8302286 ], [ 12.7393021, 41.8303054 ], [ 12.7395464, 41.8303778 ], [ 12.7398415, 41.8304602 ], [ 12.7402613, 41.8305945 ], [ 12.7405865, 41.8306775 ], [ 12.7408606, 41.8307594 ], [ 12.7410404, 41.830781 ], [ 12.7413972, 41.8309096 ], [ 12.7417305, 41.8310197 ], [ 12.741937, 41.8311121 ], [ 12.741973, 41.8311415 ], [ 12.7424143, 41.8312628 ], [ 12.7423697, 41.831334 ], [ 12.7423016, 41.8314722 ], [ 12.7422314, 41.8315834 ], [ 12.7421073, 41.8317746 ], [ 12.7419816, 41.8320108 ], [ 12.7418093, 41.8322866 ], [ 12.7416657, 41.8322612 ], [ 12.7414472, 41.8322254 ], [ 12.7412685, 41.8321724 ], [ 12.7411777, 41.832166 ], [ 12.7410012, 41.8321536 ], [ 12.7407589, 41.8321083 ], [ 12.7405629, 41.832118 ], [ 12.7404331, 41.8323 ], [ 12.7402959, 41.832518 ], [ 12.7401325, 41.8327129 ], [ 12.7400043, 41.83285 ], [ 12.739912, 41.8330778 ], [ 12.7398171, 41.8332921 ], [ 12.7397623, 41.8334801 ], [ 12.7396466, 41.8336895 ], [ 12.7395777, 41.8338503 ], [ 12.739509, 41.8340065 ], [ 12.7394173, 41.8342163 ], [ 12.7393331, 41.8344714 ], [ 12.7392759, 41.8346414 ], [ 12.7392589, 41.8348662 ], [ 12.7393017, 41.8351057 ], [ 12.7392645, 41.8353076 ], [ 12.7391435, 41.8354943 ], [ 12.7395577, 41.8356151 ], [ 12.7398636, 41.8357337 ], [ 12.7397216, 41.83592 ], [ 12.739559, 41.836178 ], [ 12.7394611, 41.8363922 ], [ 12.7392527, 41.8366673 ], [ 12.7389374, 41.8371564 ], [ 12.7388613, 41.8372675 ], [ 12.7387534, 41.8374229 ], [ 12.7386738, 41.8375475 ], [ 12.7386098, 41.8376543 ], [ 12.7385108, 41.8378144 ], [ 12.7384183, 41.8379612 ], [ 12.7383512, 41.8380725 ], [ 12.7382937, 41.8381659 ], [ 12.7382007, 41.8383262 ], [ 12.7381241, 41.8384507 ], [ 12.7380508, 41.8385664 ], [ 12.7379518, 41.8387265 ], [ 12.7379382, 41.8387713 ], [ 12.7378356, 41.8389494 ], [ 12.7378371, 41.8391636 ], [ 12.7378428, 41.8392557 ], [ 12.737852, 41.8394225 ], [ 12.7378259, 41.8397372 ], [ 12.7377972, 41.8400384 ], [ 12.7378097, 41.8403673 ], [ 12.737828, 41.8404471 ], [ 12.7378474, 41.8407508 ], [ 12.7378975, 41.8410355 ], [ 12.7379408, 41.8413551 ], [ 12.7380239, 41.8417225 ], [ 12.7380339, 41.8417812 ], [ 12.7380145, 41.8423302 ], [ 12.738053, 41.8426912 ], [ 12.7367763, 41.8424364 ], [ 12.736729, 41.8430073 ], [ 12.736758, 41.8432961 ], [ 12.736614, 41.8435364 ], [ 12.7364732, 41.8437723 ], [ 12.7363958, 41.8440049 ], [ 12.7363064, 41.8442328 ], [ 12.7362318, 41.84447 ], [ 12.7362613, 41.8447453 ], [ 12.7361288, 41.8449994 ], [ 12.7359966, 41.8452489 ], [ 12.7358261, 41.8455563 ], [ 12.7356866, 41.8457562 ], [ 12.7353481, 41.8463033 ], [ 12.7348368, 41.8469687 ], [ 12.7342747, 41.847453 ], [ 12.7339133, 41.8477115 ], [ 12.7337731, 41.8477767 ], [ 12.7336255, 41.8478454 ], [ 12.733129, 41.8479212 ], [ 12.7327061, 41.8479578 ], [ 12.7323143, 41.8480537 ], [ 12.7320301, 41.8480841 ], [ 12.7316511, 41.8480721 ], [ 12.7312219, 41.8481176 ], [ 12.7308005, 41.8483705 ], [ 12.7304418, 41.8486336 ], [ 12.7301892, 41.8486241 ], [ 12.7298619, 41.848514 ], [ 12.7296024, 41.8486125 ], [ 12.7295716, 41.8486344 ], [ 12.7292806, 41.8488583 ], [ 12.7289815, 41.849055 ], [ 12.7284599, 41.8492428 ], [ 12.7280868, 41.8494065 ], [ 12.7276461, 41.8496905 ], [ 12.7274883, 41.849809 ], [ 12.7275019, 41.8499353 ], [ 12.7275095, 41.8500616 ], [ 12.7275166, 41.8502098 ], [ 12.7275182, 41.8502419 ], [ 12.7275333, 41.8504088 ], [ 12.7275423, 41.8505801 ], [ 12.7275303, 41.8507509 ], [ 12.7275158, 41.8509038 ], [ 12.7275034, 41.8510836 ], [ 12.7274852, 41.8512566 ], [ 12.7275151, 41.8513495 ], [ 12.7274667, 41.8516098 ], [ 12.7273125, 41.8522236 ], [ 12.7271612, 41.8522431 ], [ 12.7267978, 41.8523462 ], [ 12.726357, 41.852673 ], [ 12.7261054, 41.8529742 ], [ 12.7259203, 41.8531822 ], [ 12.7256919, 41.8532542 ], [ 12.7254224, 41.853465 ], [ 12.7251362, 41.853725 ], [ 12.7248007, 41.8538445 ], [ 12.7245399, 41.8539789 ], [ 12.7243058, 41.8542129 ], [ 12.7240298, 41.8543516 ], [ 12.7237688, 41.8544094 ], [ 12.7235495, 41.8545627 ], [ 12.7232091, 41.8548216 ], [ 12.7228512, 41.8549766 ], [ 12.7224191, 41.8550176 ], [ 12.7220275, 41.8551044 ], [ 12.7217346, 41.8552111 ], [ 12.7213614, 41.8554604 ], [ 12.7210786, 41.855707 ], [ 12.7207587, 41.8558087 ], [ 12.7206024, 41.8558866 ], [ 12.7208275, 41.8565846 ], [ 12.720904, 41.8567212 ], [ 12.7208331, 41.8569359 ], [ 12.720515, 41.8572448 ], [ 12.7203533, 41.8576424 ], [ 12.7202925, 41.8579969 ], [ 12.7202028, 41.8581989 ], [ 12.7201517, 41.8583138 ], [ 12.7199268, 41.8586246 ], [ 12.719795, 41.8588606 ], [ 12.7195875, 41.8591041 ], [ 12.7192114, 41.8593488 ], [ 12.7188773, 41.8595133 ], [ 12.7183985, 41.859765 ], [ 12.7181797, 41.8597336 ], [ 12.7178193, 41.8595373 ], [ 12.7175491, 41.8594284 ], [ 12.7173387, 41.8594152 ], [ 12.7170426, 41.8596119 ], [ 12.7168551, 41.8598018 ], [ 12.7166922, 41.8599787 ], [ 12.7164248, 41.8599599 ], [ 12.716062, 41.8597455 ], [ 12.7157334, 41.8595859 ], [ 12.7152804, 41.8594508 ], [ 12.7151082, 41.8593393 ], [ 12.7141613, 41.8599498 ], [ 12.7129759, 41.8607058 ], [ 12.7112536, 41.8618157 ], [ 12.7103873, 41.8623748 ], [ 12.7068491, 41.8644611 ], [ 12.7067115, 41.8645169 ], [ 12.7058799, 41.8650316 ], [ 12.705804, 41.8650481 ], [ 12.7052336, 41.8655006 ], [ 12.7052306, 41.8656671 ], [ 12.7051883, 41.8657563 ], [ 12.7051617, 41.8658948 ], [ 12.7051382, 41.8660179 ], [ 12.7050216, 41.8666266 ], [ 12.7047576, 41.8680262 ], [ 12.7045836, 41.8687657 ], [ 12.7045367, 41.868981 ], [ 12.7045491, 41.8691388 ], [ 12.7045575, 41.8692425 ], [ 12.704519, 41.8693904 ], [ 12.7044567, 41.8697854 ], [ 12.7043806, 41.8701441 ], [ 12.7042945, 41.8705296 ], [ 12.7042168, 41.8710189 ], [ 12.7041674, 41.8713872 ], [ 12.7040803, 41.8719708 ], [ 12.7039485, 41.8727067 ], [ 12.7038709, 41.8731914 ], [ 12.7038508, 41.8733306 ], [ 12.7038486, 41.8733936 ], [ 12.7038321, 41.8734338 ], [ 12.7038007, 41.8734692 ], [ 12.7037664, 41.8735001 ], [ 12.7037258, 41.8735398 ], [ 12.703717, 41.8737017 ], [ 12.703562, 41.8746667 ], [ 12.703506, 41.8749673 ], [ 12.7034951, 41.8750211 ], [ 12.7034168, 41.8750196 ], [ 12.7033925, 41.8751092 ], [ 12.7033682, 41.8751987 ], [ 12.7032337, 41.8753356 ], [ 12.7031399, 41.8754328 ], [ 12.7030368, 41.8755343 ], [ 12.7029496, 41.8756992 ], [ 12.70286, 41.875846 ], [ 12.7028016, 41.8759619 ], [ 12.7027434, 41.8760733 ], [ 12.7026508, 41.8762201 ], [ 12.7025548, 41.8763757 ], [ 12.7024649, 41.8765315 ], [ 12.7023849, 41.8766605 ], [ 12.7022922, 41.8768118 ], [ 12.7022022, 41.8769676 ], [ 12.7021063, 41.8771233 ], [ 12.70201, 41.877288 ], [ 12.7019107, 41.8774526 ], [ 12.7018177, 41.8776083 ], [ 12.7017248, 41.8777641 ], [ 12.7016318, 41.8779198 ], [ 12.7015539, 41.8780759 ], [ 12.7014612, 41.8782271 ], [ 12.701365, 41.8783873 ], [ 12.7012599, 41.8785473 ], [ 12.701199, 41.8786496 ], [ 12.7011285, 41.8787653 ], [ 12.7010324, 41.8789255 ], [ 12.7009425, 41.8790813 ], [ 12.7008465, 41.879237 ], [ 12.7007567, 41.8793883 ], [ 12.7006638, 41.879544 ], [ 12.700577, 41.8796954 ], [ 12.7004839, 41.8798556 ], [ 12.7003911, 41.8800069 ], [ 12.7002985, 41.8801536 ], [ 12.7002117, 41.880305 ], [ 12.7001186, 41.8804652 ], [ 12.7000354, 41.8805986 ], [ 12.6999455, 41.8807544 ], [ 12.6998524, 41.8809147 ], [ 12.6997535, 41.8810658 ], [ 12.6996668, 41.8812172 ], [ 12.6996029, 41.8813195 ], [ 12.6995388, 41.8814262 ], [ 12.699452, 41.8815776 ], [ 12.6993619, 41.8817379 ], [ 12.6992752, 41.8818848 ], [ 12.699185, 41.8820496 ], [ 12.699105, 41.8821786 ], [ 12.6990276, 41.8823211 ], [ 12.6989925, 41.88246 ], [ 12.6990147, 41.8825955 ], [ 12.6990241, 41.8827533 ], [ 12.6990397, 41.8829067 ], [ 12.699056, 41.8830421 ], [ 12.699068, 41.883209 ], [ 12.6990778, 41.8833578 ], [ 12.699084, 41.88352 ], [ 12.6990812, 41.8836821 ], [ 12.6990694, 41.8837584 ], [ 12.6990785, 41.8839252 ], [ 12.6990906, 41.884092 ], [ 12.6990968, 41.8842543 ], [ 12.6991095, 41.8844031 ], [ 12.699111, 41.8845292 ], [ 12.6991137, 41.8846238 ], [ 12.6991163, 41.8847185 ], [ 12.6991213, 41.8848311 ], [ 12.6991238, 41.8849303 ], [ 12.6991238, 41.8850969 ], [ 12.6991299, 41.8852636 ], [ 12.6991332, 41.8854213 ], [ 12.6991406, 41.885552 ], [ 12.6991438, 41.8857142 ], [ 12.6991146, 41.8858577 ], [ 12.6991355, 41.8860292 ], [ 12.6991598, 41.8861918 ], [ 12.6991865, 41.8863725 ], [ 12.699193, 41.8865257 ], [ 12.6991936, 41.8866788 ], [ 12.6991996, 41.8868455 ], [ 12.6992111, 41.8869448 ], [ 12.699214, 41.887116 ], [ 12.6992157, 41.8872376 ], [ 12.6991739, 41.8873944 ], [ 12.6992878, 41.8874102 ], [ 12.699409, 41.8874757 ], [ 12.6993322, 41.8876002 ], [ 12.6991651, 41.8877229 ], [ 12.6990687, 41.8878066 ], [ 12.6989613, 41.887944 ], [ 12.6988853, 41.888046 ], [ 12.6986681, 41.8883074 ], [ 12.6986133, 41.8884053 ], [ 12.6985742, 41.8884797 ], [ 12.6985033, 41.8886148 ], [ 12.6983239, 41.8889129 ], [ 12.698035, 41.8894069 ], [ 12.6976501, 41.8901377 ], [ 12.6975502, 41.8902347 ], [ 12.6974632, 41.8903096 ], [ 12.6971444, 41.8905846 ], [ 12.6973387, 41.8906718 ], [ 12.6975375, 41.8907568 ], [ 12.6975939, 41.8907805 ], [ 12.6976356, 41.8907948 ], [ 12.6976979, 41.8907375 ], [ 12.6978473, 41.8906054 ], [ 12.6980784, 41.8904615 ], [ 12.6985751, 41.8902238 ], [ 12.6989553, 41.8900828 ], [ 12.6990637, 41.8900444 ], [ 12.6991675, 41.890006 ], [ 12.6993812, 41.8899292 ], [ 12.6995917, 41.8898569 ], [ 12.6996786, 41.8898294 ], [ 12.7002823, 41.8896307 ], [ 12.7004795, 41.8895505 ], [ 12.7005895, 41.8895077 ], [ 12.7009495, 41.8893843 ], [ 12.7014686, 41.8893631 ], [ 12.7017562, 41.8893239 ], [ 12.7021742, 41.8892647 ], [ 12.7028801, 41.8891573 ], [ 12.7038103, 41.8889282 ], [ 12.7039668, 41.8888503 ], [ 12.7041669, 41.8888138 ], [ 12.7043299, 41.888808 ], [ 12.7044322, 41.8888101 ], [ 12.7045223, 41.8888209 ], [ 12.7045915, 41.8888222 ], [ 12.7046517, 41.8888234 ], [ 12.7044308, 41.8898592 ], [ 12.7043168, 41.8904333 ], [ 12.7053639, 41.890139 ], [ 12.7062836, 41.8898692 ], [ 12.7127897, 41.8879952 ], [ 12.7141787, 41.8875726 ], [ 12.7152934, 41.8872391 ], [ 12.7155972, 41.8869164 ], [ 12.715895, 41.8865893 ], [ 12.716598, 41.8867337 ], [ 12.7171157, 41.8867485 ], [ 12.7177534, 41.8868647 ], [ 12.7182137, 41.8869685 ], [ 12.7188512, 41.8870892 ], [ 12.719495, 41.8872011 ], [ 12.7197578, 41.8870982 ], [ 12.719957, 41.8870031 ], [ 12.7206644, 41.8865984 ], [ 12.7210773, 41.8863409 ], [ 12.7212468, 41.8862362 ], [ 12.7216022, 41.8861532 ], [ 12.7221501, 41.8861685 ], [ 12.7224502, 41.8862015 ], [ 12.7229424, 41.8863419 ], [ 12.7233407, 41.8864939 ], [ 12.7236686, 41.8865949 ], [ 12.7236641, 41.8866354 ], [ 12.7237809, 41.8866557 ], [ 12.7239005, 41.8866806 ], [ 12.7240119, 41.8866828 ], [ 12.7241259, 41.8866986 ], [ 12.7241449, 41.8866719 ], [ 12.7247708, 41.8866933 ], [ 12.726148, 41.8866891 ], [ 12.7269193, 41.8866053 ], [ 12.7277138, 41.8864947 ], [ 12.7280517, 41.8864476 ], [ 12.7283413, 41.8864398 ], [ 12.7283696, 41.8864673 ], [ 12.7284316, 41.8865272 ], [ 12.7285222, 41.8866055 ], [ 12.7285898, 41.8867375 ], [ 12.7286073, 41.8868414 ], [ 12.7286251, 41.8869318 ], [ 12.7287912, 41.8871782 ], [ 12.7288965, 41.8871803 ], [ 12.7289563, 41.8872806 ], [ 12.7290699, 41.8873909 ], [ 12.7291816, 41.8874697 ], [ 12.7293018, 41.8875621 ], [ 12.7294368, 41.8876638 ], [ 12.7295756, 41.8877431 ], [ 12.7297301, 41.8878047 ], [ 12.7301932, 41.888003 ], [ 12.730544, 41.888136 ], [ 12.7308048, 41.8882583 ], [ 12.7311368, 41.8884134 ], [ 12.7314476, 41.8885727 ], [ 12.7315916, 41.8886746 ], [ 12.7317466, 41.8888082 ], [ 12.7319307, 41.8889695 ], [ 12.7321192, 41.8891758 ], [ 12.7321889, 41.8892493 ], [ 12.7322932, 41.8893684 ], [ 12.7324104, 41.8895463 ], [ 12.7325203, 41.8896791 ], [ 12.732592, 41.8897796 ], [ 12.7327324, 41.8898994 ], [ 12.7328471, 41.8900638 ], [ 12.7329627, 41.8902057 ], [ 12.7330471, 41.8903739 ], [ 12.7331204, 41.890515 ], [ 12.7331592, 41.8906959 ], [ 12.7331849, 41.890908 ], [ 12.7331698, 41.8910788 ], [ 12.7331817, 41.8911691 ], [ 12.7331818, 41.8912502 ], [ 12.7331658, 41.8913625 ], [ 12.733203, 41.8914172 ], [ 12.7332968, 41.8914911 ], [ 12.7333585, 41.8915374 ], [ 12.7341553, 41.8920124 ], [ 12.7356171, 41.8928563 ], [ 12.7361736, 41.8931375 ], [ 12.7365308, 41.8932616 ], [ 12.7367347, 41.8932926 ], [ 12.736682, 41.8935888 ], [ 12.736695, 41.8946697 ], [ 12.7366882, 41.8949488 ], [ 12.7366606, 41.8952184 ], [ 12.7366103, 41.8954471 ], [ 12.736565, 41.8956218 ], [ 12.7365233, 41.8957786 ], [ 12.7364689, 41.8959531 ], [ 12.7364161, 41.8960827 ], [ 12.7363189, 41.8962744 ], [ 12.7362088, 41.8964073 ], [ 12.736074, 41.8965533 ], [ 12.7360376, 41.8966471 ], [ 12.7360114, 41.8967907 ], [ 12.7359189, 41.8971896 ], [ 12.7358462, 41.8974584 ], [ 12.7357864, 41.8977004 ], [ 12.7357255, 41.8978883 ], [ 12.7356031, 41.8980255 ], [ 12.7354753, 41.8981445 ], [ 12.7353355, 41.8982633 ], [ 12.7351813, 41.8983639 ], [ 12.7351299, 41.8984529 ], [ 12.7351569, 41.8985435 ], [ 12.7351621, 41.8986517 ], [ 12.7351973, 41.8987649 ], [ 12.7352385, 41.8988783 ], [ 12.7352901, 41.899037 ], [ 12.735338, 41.8991325 ], [ 12.7353648, 41.8992253 ], [ 12.7355048, 41.8993564 ], [ 12.7356914, 41.8994501 ], [ 12.7359023, 41.8995354 ], [ 12.7359978, 41.8995643 ], [ 12.7361119, 41.8995755 ], [ 12.7362441, 41.8995871 ], [ 12.7364989, 41.8996237 ], [ 12.736851, 41.8996396 ], [ 12.7369911, 41.8995974 ], [ 12.7370895, 41.8995408 ], [ 12.7372525, 41.8994494 ], [ 12.7374113, 41.8993039 ], [ 12.737525, 41.8991576 ], [ 12.7376526, 41.899043 ], [ 12.7377177, 41.8989903 ], [ 12.7381227, 41.8987866 ], [ 12.7382833, 41.8986772 ], [ 12.7383936, 41.8986253 ], [ 12.738525, 41.8985739 ], [ 12.7388162, 41.8985211 ], [ 12.7390736, 41.8984856 ], [ 12.739273, 41.8984715 ], [ 12.7394304, 41.8984521 ], [ 12.7395325, 41.8984632 ], [ 12.7398545, 41.898474 ], [ 12.7401768, 41.8983948 ], [ 12.7403288, 41.8982717 ], [ 12.7405236, 41.8981314 ], [ 12.7407414, 41.8980231 ], [ 12.7409222, 41.8979366 ], [ 12.7410628, 41.8978588 ], [ 12.7411541, 41.8979509 ], [ 12.74147, 41.8975947 ], [ 12.7557292, 41.9034457 ], [ 12.7632571, 41.9065335 ], [ 12.7635696, 41.9066617 ], [ 12.7756381, 41.9116057 ], [ 12.7764207, 41.9110942 ], [ 12.7771695, 41.9103612 ], [ 12.7788462, 41.9092949 ], [ 12.7801085, 41.9087069 ], [ 12.7814161, 41.9078496 ], [ 12.7826425, 41.9072519 ], [ 12.7839364, 41.9066446 ], [ 12.7850199, 41.906136 ], [ 12.7872363, 41.9054943 ], [ 12.7876287, 41.9053037 ], [ 12.7885728, 41.9048446 ], [ 12.7897308, 41.9041284 ], [ 12.7911005, 41.9039116 ], [ 12.7922583, 41.9038979 ], [ 12.7932491, 41.9034847 ], [ 12.7945712, 41.9032489 ], [ 12.7954693, 41.9027258 ], [ 12.7968705, 41.9019421 ], [ 12.7988948, 41.9009183 ], [ 12.8003723, 41.900019 ], [ 12.8016384, 41.8992192 ], [ 12.8017548, 41.8991459 ], [ 12.8021589, 41.8988914 ], [ 12.8031322, 41.8979284 ], [ 12.8041851, 41.8963995 ], [ 12.8049946, 41.894938 ], [ 12.8069823, 41.8935621 ], [ 12.8090596, 41.8923859 ], [ 12.8099679, 41.8915567 ], [ 12.8103353, 41.8910323 ], [ 12.8109968, 41.8907207 ], [ 12.8111091, 41.8899033 ], [ 12.8115942, 41.889111 ], [ 12.8132966, 41.8879637 ], [ 12.814873, 41.886976 ], [ 12.8165284, 41.8857917 ], [ 12.8177131, 41.8849767 ], [ 12.8181964, 41.8838781 ], [ 12.8186887, 41.8828698 ], [ 12.8195787, 41.8822497 ], [ 12.8206391, 41.8815109 ], [ 12.8224723, 41.8800507 ], [ 12.8242842, 41.8788602 ], [ 12.8257071, 41.8781216 ], [ 12.8271191, 41.877617 ], [ 12.8294697, 41.8766168 ], [ 12.8296133, 41.8765565 ], [ 12.8299731, 41.8764024 ], [ 12.8300495, 41.8763698 ], [ 12.8305268, 41.8763477 ], [ 12.830854, 41.8763344 ], [ 12.8309876, 41.8763294 ], [ 12.8311185, 41.8763237 ], [ 12.8317057, 41.8760646 ], [ 12.8325181, 41.8755576 ], [ 12.8335898, 41.8748664 ], [ 12.8348088, 41.8740969 ], [ 12.836392, 41.8732441 ], [ 12.8374353, 41.8726784 ], [ 12.8383572, 41.8724976 ], [ 12.8394408, 41.8718065 ], [ 12.8401283, 41.8710719 ], [ 12.8402669, 41.8705342 ], [ 12.8402499, 41.8699665 ], [ 12.8404309, 41.8696006 ], [ 12.841217, 41.8691561 ], [ 12.8418165, 41.868528 ], [ 12.8418511, 41.8684667 ], [ 12.8418814, 41.8684796 ], [ 12.8419554, 41.8685171 ], [ 12.842088, 41.8686051 ], [ 12.8421705, 41.8686607 ], [ 12.8422683, 41.8687076 ], [ 12.8423788, 41.8687367 ], [ 12.8424783, 41.868734 ], [ 12.8425547, 41.8686994 ], [ 12.8425928, 41.8686416 ], [ 12.8426378, 41.8685569 ], [ 12.8426631, 41.8685214 ], [ 12.8427226, 41.8684549 ], [ 12.8428015, 41.8684384 ], [ 12.8428891, 41.868431 ], [ 12.8429646, 41.8684235 ], [ 12.843017, 41.8683884 ], [ 12.8430312, 41.8683256 ], [ 12.8430177, 41.8682804 ], [ 12.8429897, 41.8682168 ], [ 12.8429821, 41.8681716 ], [ 12.8429655, 41.8681308 ], [ 12.8429609, 41.8680857 ], [ 12.8429927, 41.8680367 ], [ 12.8430635, 41.867993 ], [ 12.843161, 41.8679588 ], [ 12.8432643, 41.8679337 ], [ 12.8433576, 41.8679355 ], [ 12.84342, 41.8679592 ], [ 12.8435159, 41.8679745 ], [ 12.8436446, 41.8679994 ], [ 12.8437107, 41.8680052 ], [ 12.8438201, 41.8679757 ], [ 12.8438582, 41.8679179 ], [ 12.8439234, 41.8678606 ], [ 12.8439812, 41.8678436 ], [ 12.844081, 41.867832 ], [ 12.8441836, 41.8678249 ], [ 12.8442809, 41.8677997 ], [ 12.8443566, 41.8677877 ], [ 12.844412, 41.8677527 ], [ 12.8444838, 41.8676775 ], [ 12.8445119, 41.8676465 ], [ 12.8445941, 41.867621 ], [ 12.8446485, 41.8676175 ], [ 12.8449045, 41.8676178 ], [ 12.8449681, 41.8676055 ], [ 12.8450354, 41.8675753 ], [ 12.8450732, 41.8675264 ], [ 12.8451203, 41.8674688 ], [ 12.8451733, 41.8674157 ], [ 12.8452557, 41.8673858 ], [ 12.8453392, 41.8674098 ], [ 12.8454604, 41.8674797 ], [ 12.8454959, 41.8674983 ], [ 12.8455966, 41.8675498 ], [ 12.8456855, 41.867592 ], [ 12.8457603, 41.8676069 ], [ 12.8458318, 41.8676307 ], [ 12.8459459, 41.8676419 ], [ 12.8460732, 41.8676172 ], [ 12.8461768, 41.8675832 ], [ 12.846226, 41.8675526 ], [ 12.8463775, 41.8678841 ], [ 12.8464541, 41.8680252 ], [ 12.8465545, 41.8681277 ], [ 12.8466806, 41.8682771 ], [ 12.8466758, 41.8684211 ], [ 12.8466357, 41.8686275 ], [ 12.8466178, 41.8688028 ], [ 12.8466274, 41.868965 ], [ 12.8466174, 41.8690819 ], [ 12.8466209, 41.8693387 ], [ 12.8465843, 41.8694416 ], [ 12.8465894, 41.8694687 ], [ 12.8466013, 41.8695635 ], [ 12.8465909, 41.8696939 ], [ 12.8465621, 41.8698329 ], [ 12.8465558, 41.8699319 ], [ 12.8466197, 41.8700006 ], [ 12.8467439, 41.8700705 ], [ 12.8468598, 41.8701177 ], [ 12.8470297, 41.8701704 ], [ 12.847155, 41.8702088 ], [ 12.8472573, 41.8702107 ], [ 12.8474512, 41.8702684 ], [ 12.8475325, 41.8702699 ], [ 12.8476839, 41.8702457 ], [ 12.8477795, 41.87027 ], [ 12.8476759, 41.8703942 ], [ 12.8475571, 41.8705225 ], [ 12.8474459, 41.870606 ], [ 12.8473042, 41.8706979 ], [ 12.8471717, 41.8707855 ], [ 12.8470135, 41.8709221 ], [ 12.8470113, 41.8709896 ], [ 12.8469893, 41.8711063 ], [ 12.8469965, 41.8712505 ], [ 12.8470023, 41.8713452 ], [ 12.8470275, 41.8714943 ], [ 12.8470453, 41.8716792 ], [ 12.8470593, 41.8718011 ], [ 12.8470375, 41.8718232 ], [ 12.8469877, 41.8718718 ], [ 12.84684, 41.8719636 ], [ 12.8467503, 41.8720339 ], [ 12.8465841, 41.8721389 ], [ 12.8464453, 41.8722353 ], [ 12.8465416, 41.8724173 ], [ 12.8466158, 41.8725402 ], [ 12.846676, 41.8726314 ], [ 12.8467397, 41.8727092 ], [ 12.8468721, 41.8728017 ], [ 12.8470318, 41.8728002 ], [ 12.8471598, 41.8727576 ], [ 12.8473446, 41.872725 ], [ 12.8474923, 41.8727233 ], [ 12.8476454, 41.8727397 ], [ 12.8477521, 41.8727912 ], [ 12.847866, 41.8728069 ], [ 12.8479419, 41.8727903 ], [ 12.8480977, 41.8727256 ], [ 12.8482034, 41.8727186 ], [ 12.8483303, 41.8727075 ], [ 12.848518, 41.8726795 ], [ 12.848665, 41.8726958 ], [ 12.8488446, 41.8727306 ], [ 12.8489822, 41.8727602 ], [ 12.8490961, 41.8727759 ], [ 12.8492888, 41.8727795 ], [ 12.849495, 41.8727383 ], [ 12.8496843, 41.8726653 ], [ 12.8498413, 41.8726547 ], [ 12.8500049, 41.8726263 ], [ 12.8501619, 41.8726157 ], [ 12.8503574, 41.8726239 ], [ 12.8504693, 41.8726125 ], [ 12.8506812, 41.8725804 ], [ 12.8508174, 41.8725604 ], [ 12.8510475, 41.8725287 ], [ 12.8511737, 41.8725356 ], [ 12.851443, 41.8725001 ], [ 12.8515644, 41.8724754 ], [ 12.8516818, 41.8724776 ], [ 12.8518246, 41.8724397 ], [ 12.8519741, 41.872384 ], [ 12.8521267, 41.8723238 ], [ 12.8522876, 41.8722863 ], [ 12.8524356, 41.8722755 ], [ 12.8525881, 41.8723099 ], [ 12.8526748, 41.8723295 ], [ 12.8527915, 41.8723542 ], [ 12.8529813, 41.8723533 ], [ 12.8531199, 41.8723514 ], [ 12.8532715, 41.8723227 ], [ 12.8534244, 41.8722535 ], [ 12.8535382, 41.8721836 ], [ 12.85364, 41.8721134 ], [ 12.8537652, 41.8719717 ], [ 12.8538619, 41.8718744 ], [ 12.8539121, 41.8718123 ], [ 12.8540058, 41.871715 ], [ 12.8541035, 41.8716763 ], [ 12.8541674, 41.871655 ], [ 12.8542587, 41.8716297 ], [ 12.8543496, 41.8716133 ], [ 12.8544111, 41.871574 ], [ 12.8544859, 41.8714988 ], [ 12.854558, 41.8714147 ], [ 12.8547858, 41.8715404 ], [ 12.8549696, 41.8716294 ], [ 12.8550563, 41.8717391 ], [ 12.8552054, 41.8718725 ], [ 12.8553043, 41.8719779 ], [ 12.8553963, 41.8721102 ], [ 12.8555139, 41.872288 ], [ 12.8555779, 41.8724468 ], [ 12.8556375, 41.872556 ], [ 12.8557025, 41.8726833 ], [ 12.8557555, 41.8728104 ], [ 12.8557979, 41.8729823 ], [ 12.8558382, 41.8731608 ], [ 12.8558286, 41.8732351 ], [ 12.8558041, 41.8733382 ], [ 12.8557651, 41.873423 ], [ 12.8556682, 41.8735293 ], [ 12.8554878, 41.8736069 ], [ 12.8553935, 41.8736367 ], [ 12.8552562, 41.8736882 ], [ 12.8550354, 41.8738056 ], [ 12.8548723, 41.8739062 ], [ 12.8545228, 41.8740887 ], [ 12.8541917, 41.8742699 ], [ 12.8540533, 41.8743457 ], [ 12.8536325, 41.8745855 ], [ 12.8534084, 41.8747119 ], [ 12.8533467, 41.8747557 ], [ 12.853319, 41.8747732 ], [ 12.8532266, 41.8748345 ], [ 12.8530017, 41.8749834 ], [ 12.8528236, 41.8750837 ], [ 12.8526261, 41.8752241 ], [ 12.8524995, 41.8753163 ], [ 12.8523572, 41.8754262 ], [ 12.8522211, 41.8755317 ], [ 12.8520731, 41.8756325 ], [ 12.8519313, 41.8757289 ], [ 12.8518089, 41.8757852 ], [ 12.8517025, 41.8758147 ], [ 12.8515759, 41.8758168 ], [ 12.8513923, 41.8758134 ], [ 12.8511782, 41.8758184 ], [ 12.8510441, 41.8758654 ], [ 12.8509081, 41.8759664 ], [ 12.8507114, 41.8760843 ], [ 12.8505206, 41.8762024 ], [ 12.8502956, 41.8763558 ], [ 12.8501727, 41.8764255 ], [ 12.849974, 41.8765118 ], [ 12.8498387, 41.8765949 ], [ 12.8496901, 41.8767137 ], [ 12.8495758, 41.8767971 ], [ 12.8492729, 41.8769355 ], [ 12.8490498, 41.8770304 ], [ 12.8488446, 41.8771301 ], [ 12.8487159, 41.8771952 ], [ 12.8486041, 41.8772967 ], [ 12.8484204, 41.8773833 ], [ 12.8482099, 41.8774605 ], [ 12.847912, 41.8775404 ], [ 12.8477244, 41.8775639 ], [ 12.8475095, 41.8775959 ], [ 12.8472907, 41.8776504 ], [ 12.846999, 41.8777259 ], [ 12.8467742, 41.8777803 ], [ 12.8465505, 41.8778031 ], [ 12.8463503, 41.8778444 ], [ 12.8460567, 41.8778839 ], [ 12.8458896, 41.8779258 ], [ 12.8457647, 41.8779685 ], [ 12.845572, 41.8780549 ], [ 12.8453464, 41.8781317 ], [ 12.8451845, 41.8782007 ], [ 12.8448408, 41.8782979 ], [ 12.8445973, 41.8783698 ], [ 12.8443656, 41.878451 ], [ 12.8442015, 41.878493 ], [ 12.8440168, 41.878521 ], [ 12.8438899, 41.8785322 ], [ 12.8437112, 41.8785603 ], [ 12.8435113, 41.8785926 ], [ 12.8432549, 41.8786013 ], [ 12.8430849, 41.8786386 ], [ 12.8428525, 41.8786523 ], [ 12.8426756, 41.8787165 ], [ 12.8427239, 41.878803 ], [ 12.8427736, 41.878939 ], [ 12.8428232, 41.879075 ], [ 12.8428967, 41.8792205 ], [ 12.8429946, 41.8793529 ], [ 12.8430146, 41.8794749 ], [ 12.8430501, 41.8795836 ], [ 12.8430635, 41.8797235 ], [ 12.8430612, 41.879881 ], [ 12.8430613, 41.8800566 ], [ 12.8430624, 41.8801152 ], [ 12.8430094, 41.8802583 ], [ 12.8429923, 41.8804066 ], [ 12.8430331, 41.8804479 ], [ 12.8432207, 41.8804244 ], [ 12.8433773, 41.8804273 ], [ 12.8435399, 41.8804304 ], [ 12.8437443, 41.8804432 ], [ 12.8439195, 41.8804285 ], [ 12.8441213, 41.8804323 ], [ 12.84432, 41.880436 ], [ 12.8445274, 41.8804489 ], [ 12.8446828, 41.8804879 ], [ 12.8447599, 41.8805253 ], [ 12.8448503, 41.8806126 ], [ 12.8448542, 41.8806757 ], [ 12.844909, 41.8808389 ], [ 12.8449504, 41.8809522 ], [ 12.8450402, 41.8811475 ], [ 12.8451045, 41.8812973 ], [ 12.8451907, 41.8815106 ], [ 12.8452727, 41.8816697 ], [ 12.8453683, 41.8817841 ], [ 12.8455011, 41.8819577 ], [ 12.8455703, 41.8820491 ], [ 12.8456569, 41.8821633 ], [ 12.8457226, 41.8822681 ], [ 12.8458025, 41.8824002 ], [ 12.8458835, 41.8825007 ], [ 12.8459442, 41.8825784 ], [ 12.8460185, 41.8826969 ], [ 12.8460786, 41.8827926 ], [ 12.8461138, 41.8829103 ], [ 12.8461877, 41.8829523 ], [ 12.8462278, 41.8831061 ], [ 12.8462753, 41.8832151 ], [ 12.8462958, 41.8833235 ], [ 12.8463219, 41.8834411 ], [ 12.8463302, 41.8835538 ], [ 12.8464017, 41.8836678 ], [ 12.8464628, 41.8837319 ], [ 12.8465406, 41.883837 ], [ 12.8466582, 41.8839247 ], [ 12.846746, 41.8840029 ], [ 12.8468735, 41.8840639 ], [ 12.8470463, 41.8841211 ], [ 12.8471464, 41.8841906 ], [ 12.8472736, 41.8842605 ], [ 12.8474499, 41.8843944 ], [ 12.8476033, 41.8844918 ], [ 12.8478073, 41.8846082 ], [ 12.8480294, 41.884725 ], [ 12.8481959, 41.8847911 ], [ 12.8484122, 41.8848988 ], [ 12.8485545, 41.884969 ], [ 12.8487461, 41.8850941 ], [ 12.8488869, 41.8852094 ], [ 12.8490138, 41.8852883 ], [ 12.849122, 41.8853849 ], [ 12.8492181, 41.8854858 ], [ 12.8493171, 41.8855867 ], [ 12.8494487, 41.8857062 ], [ 12.8496173, 41.8857994 ], [ 12.8497996, 41.8858434 ], [ 12.8499928, 41.8858335 ], [ 12.8501808, 41.8857965 ], [ 12.8503236, 41.8857631 ], [ 12.8504809, 41.8857436 ], [ 12.8506023, 41.8857188 ], [ 12.8507321, 41.8857122 ], [ 12.8508673, 41.8857238 ], [ 12.8509933, 41.8857396 ], [ 12.8510791, 41.8857807 ], [ 12.8511208, 41.8858006 ], [ 12.8511849, 41.8858648 ], [ 12.8512027, 41.8859642 ], [ 12.8511881, 41.8860405 ], [ 12.8511117, 41.8861606 ], [ 12.8509252, 41.8862596 ], [ 12.8507945, 41.8863664 ], [ 12.8506965, 41.8864141 ], [ 12.8505271, 41.8865235 ], [ 12.8504556, 41.8865665 ], [ 12.8503456, 41.8866326 ], [ 12.8502056, 41.8867651 ], [ 12.8500169, 41.8869102 ], [ 12.8499052, 41.8870071 ], [ 12.8497941, 41.8870861 ], [ 12.8496711, 41.8871604 ], [ 12.8495451, 41.8872346 ], [ 12.8494124, 41.8873266 ], [ 12.8493317, 41.8873972 ], [ 12.8492481, 41.8875532 ], [ 12.8491938, 41.8876468 ], [ 12.8491492, 41.887718 ], [ 12.8491376, 41.8877943 ], [ 12.8490941, 41.8879241 ], [ 12.8490216, 41.8880173 ], [ 12.8488762, 41.8881316 ], [ 12.8487285, 41.8882234 ], [ 12.8485509, 41.8883057 ], [ 12.8483721, 41.8883383 ], [ 12.8481848, 41.8883528 ], [ 12.8480157, 41.8883632 ], [ 12.8478738, 41.8883695 ], [ 12.8477264, 41.8883623 ], [ 12.8474934, 41.8883939 ], [ 12.8473828, 41.8884549 ], [ 12.8472163, 41.8885688 ], [ 12.8469262, 41.888685 ], [ 12.8467248, 41.8887578 ], [ 12.8464805, 41.8887667 ], [ 12.8460825, 41.8887727 ], [ 12.8458904, 41.8887511 ], [ 12.8455245, 41.8886992 ], [ 12.8453172, 41.8886818 ], [ 12.8450653, 41.8886456 ], [ 12.8448131, 41.8886183 ], [ 12.8445871, 41.8886186 ], [ 12.8444284, 41.8886786 ], [ 12.8442953, 41.8887842 ], [ 12.8441735, 41.8888224 ], [ 12.8439708, 41.8889357 ], [ 12.8439746, 41.8890033 ], [ 12.8439762, 41.8891339 ], [ 12.8439548, 41.8892326 ], [ 12.8439675, 41.8893049 ], [ 12.8439251, 41.8893987 ], [ 12.843829, 41.8897481 ], [ 12.8437529, 41.8899493 ], [ 12.8439258, 41.8900066 ], [ 12.8440602, 41.8900406 ], [ 12.8442272, 41.8900933 ], [ 12.8443997, 41.8901596 ], [ 12.844571, 41.8902619 ], [ 12.8446933, 41.8903002 ], [ 12.8448556, 41.8904023 ], [ 12.8449911, 41.8904949 ], [ 12.8450873, 41.8905913 ], [ 12.8451526, 41.8907096 ], [ 12.8451943, 41.8908139 ], [ 12.8452901, 41.8909238 ], [ 12.8453284, 41.8910371 ], [ 12.845401, 41.8911195 ], [ 12.8454731, 41.8912154 ], [ 12.8453868, 41.8913624 ], [ 12.8452232, 41.8915665 ], [ 12.8450376, 41.8918017 ], [ 12.8449508, 41.8919621 ], [ 12.844755, 41.8922286 ], [ 12.8446523, 41.8924158 ], [ 12.8445411, 41.8925849 ], [ 12.8443922, 41.8928027 ], [ 12.8442483, 41.8930477 ], [ 12.8441156, 41.8932298 ], [ 12.8439628, 41.8934746 ], [ 12.8438266, 41.8936702 ], [ 12.8437713, 41.8937549 ], [ 12.8433143, 41.8934923 ], [ 12.8422589, 41.8929874 ], [ 12.8419459, 41.8929799 ], [ 12.8412219, 41.8929771 ], [ 12.840075, 41.8926688 ], [ 12.8392126, 41.8921664 ], [ 12.8383479, 41.8917272 ], [ 12.8371438, 41.8916684 ], [ 12.8366832, 41.892089 ], [ 12.8361205, 41.8927292 ], [ 12.8354121, 41.892987 ], [ 12.8346334, 41.8928509 ], [ 12.8340552, 41.8924651 ], [ 12.8340166, 41.8918585 ], [ 12.8341035, 41.8910587 ], [ 12.8339712, 41.8906985 ], [ 12.8332427, 41.8904932 ], [ 12.8327076, 41.890286 ], [ 12.832394, 41.8899183 ], [ 12.8319764, 41.8898242 ], [ 12.8313831, 41.8899025 ], [ 12.8307052, 41.8899522 ], [ 12.8299299, 41.8897215 ], [ 12.8292109, 41.8895879 ], [ 12.8284145, 41.889646 ], [ 12.8271059, 41.8900049 ], [ 12.8267837, 41.8900831 ], [ 12.8261609, 41.8903245 ], [ 12.8253411, 41.8906851 ], [ 12.8247718, 41.8911273 ], [ 12.823937, 41.8915783 ], [ 12.8225422, 41.8925253 ], [ 12.8211146, 41.8930636 ], [ 12.8205684, 41.8931629 ], [ 12.8203053, 41.8932709 ], [ 12.8195781, 41.8935695 ], [ 12.8195352, 41.8935925 ], [ 12.8182001, 41.8943067 ], [ 12.8179559, 41.8944373 ], [ 12.8179087, 41.8944626 ], [ 12.8167271, 41.8951998 ], [ 12.8157036, 41.8958461 ], [ 12.8148027, 41.8964659 ], [ 12.8145444, 41.8973254 ], [ 12.8146566, 41.897907 ], [ 12.8138641, 41.8981585 ], [ 12.8134231, 41.8980516 ], [ 12.8126418, 41.8976318 ], [ 12.8120363, 41.8980527 ], [ 12.8113561, 41.8985705 ], [ 12.8101563, 41.8994478 ], [ 12.8089525, 41.9001181 ], [ 12.807714, 41.9006995 ], [ 12.8075246, 41.900734 ], [ 12.8072174, 41.9007898 ], [ 12.8061982, 41.900975 ], [ 12.8049179, 41.9010445 ], [ 12.803649, 41.9012172 ], [ 12.8030774, 41.9012947 ], [ 12.8011371, 41.9019713 ], [ 12.7995193, 41.9027138 ], [ 12.7982923, 41.9032497 ], [ 12.7976967, 41.903508 ], [ 12.7976328, 41.9035513 ], [ 12.7970954, 41.9039149 ], [ 12.7964326, 41.9043637 ], [ 12.7961279, 41.9045704 ], [ 12.7957161, 41.9049654 ], [ 12.7956566, 41.9053495 ], [ 12.7961554, 41.9055671 ], [ 12.7968756, 41.9060115 ], [ 12.797593, 41.9069017 ], [ 12.7982794, 41.9065728 ], [ 12.7994133, 41.9079444 ], [ 12.7995473, 41.9082597 ], [ 12.7995982, 41.9084065 ], [ 12.799678, 41.9086335 ], [ 12.7997723, 41.9090041 ], [ 12.7998062, 41.9091354 ], [ 12.7998702, 41.9093835 ], [ 12.8008828, 41.909359 ], [ 12.806507, 41.9081684 ], [ 12.8072434, 41.9135152 ], [ 12.8072696, 41.9137034 ], [ 12.8073262, 41.9144894 ], [ 12.807188, 41.9150163 ], [ 12.8069704, 41.9157529 ], [ 12.8069278, 41.9162901 ], [ 12.8071087, 41.9166577 ], [ 12.8068056, 41.9166678 ], [ 12.8062898, 41.9165859 ], [ 12.805868, 41.9166134 ], [ 12.8053131, 41.916938 ], [ 12.805237, 41.9173682 ], [ 12.8049444, 41.917504 ], [ 12.8044723, 41.9175602 ], [ 12.8035771, 41.9176349 ], [ 12.8028284, 41.9180334 ], [ 12.8019781, 41.9185479 ], [ 12.8010041, 41.9188188 ], [ 12.8006989, 41.9189459 ], [ 12.7994702, 41.9188876 ], [ 12.7982105, 41.9190689 ], [ 12.7952118, 41.919659 ], [ 12.7941762, 41.9198959 ], [ 12.7939718, 41.9199431 ], [ 12.793836, 41.9199929 ], [ 12.7936984, 41.9200384 ], [ 12.7928235, 41.9203638 ], [ 12.7915365, 41.9209872 ], [ 12.7902415, 41.9215027 ], [ 12.7895125, 41.9217466 ], [ 12.789368, 41.9217949 ], [ 12.7885686, 41.9220623 ], [ 12.7872495, 41.9225516 ], [ 12.7854934, 41.9227897 ], [ 12.7835429, 41.9226965 ], [ 12.7815556, 41.9229737 ], [ 12.7801403, 41.9234705 ], [ 12.778243, 41.9242399 ], [ 12.7772052, 41.9245427 ], [ 12.7767333, 41.9246814 ], [ 12.775141, 41.9253596 ], [ 12.7742396, 41.9259836 ], [ 12.7734387, 41.9264467 ], [ 12.773228, 41.9266424 ], [ 12.7731376, 41.9267263 ], [ 12.7723177, 41.9274876 ], [ 12.7719752, 41.9279671 ], [ 12.7717503, 41.9285373 ], [ 12.7714145, 41.9288365 ], [ 12.7712142, 41.9294014 ], [ 12.7707907, 41.9290956 ], [ 12.7695406, 41.9282813 ], [ 12.7684849, 41.9277712 ], [ 12.7676131, 41.9271605 ], [ 12.7669368, 41.9265164 ], [ 12.7642311, 41.9276903 ], [ 12.7640287, 41.9274709 ], [ 12.7635219, 41.9269212 ], [ 12.7624855, 41.9272524 ], [ 12.7627245, 41.9259209 ], [ 12.7631227, 41.9252268 ], [ 12.7632417, 41.9249134 ], [ 12.763053, 41.9247754 ], [ 12.7629004, 41.9246725 ], [ 12.7620838, 41.9245867 ], [ 12.7617316, 41.9253636 ], [ 12.7611095, 41.9255371 ], [ 12.7608139, 41.9257134 ], [ 12.7604517, 41.9257433 ], [ 12.7598438, 41.9255426 ], [ 12.7586911, 41.9250491 ], [ 12.7569068, 41.9246934 ], [ 12.756529, 41.9244582 ], [ 12.7561941, 41.9239919 ], [ 12.7561153, 41.9238819 ], [ 12.7555577, 41.9232789 ], [ 12.7546808, 41.9224882 ], [ 12.7538701, 41.9218754 ], [ 12.7532732, 41.9218245 ], [ 12.7531479, 41.921818 ], [ 12.7529386, 41.9222976 ], [ 12.7528157, 41.9226933 ], [ 12.7526648, 41.9228963 ], [ 12.7524366, 41.923219 ], [ 12.7522675, 41.9235487 ], [ 12.7522486, 41.9235853 ], [ 12.7517855, 41.9245549 ], [ 12.7507987, 41.9255642 ], [ 12.7498053, 41.9263711 ], [ 12.7485817, 41.9272125 ], [ 12.7484171, 41.927362 ], [ 12.7475105, 41.928184 ], [ 12.7462579, 41.9291479 ], [ 12.7451832, 41.9298944 ], [ 12.7443781, 41.93047 ], [ 12.7431291, 41.9306729 ], [ 12.7417284, 41.9303719 ], [ 12.739898, 41.9306342 ], [ 12.7391732, 41.9310361 ], [ 12.7381936, 41.9317614 ], [ 12.7366776, 41.9326707 ], [ 12.7357312, 41.9331923 ], [ 12.7340074, 41.9335006 ], [ 12.7325195, 41.9332924 ], [ 12.7318103, 41.9328788 ], [ 12.7308372, 41.9327618 ], [ 12.7302236, 41.9320749 ], [ 12.7300777, 41.9319131 ], [ 12.7295493, 41.9313315 ], [ 12.7289774, 41.9304541 ], [ 12.7285057, 41.9294745 ], [ 12.7282973, 41.9285493 ], [ 12.7280783, 41.9279351 ], [ 12.7275505, 41.9278532 ], [ 12.7269175, 41.9280088 ], [ 12.7263669, 41.9282338 ], [ 12.7256465, 41.9288425 ], [ 12.7245569, 41.9292606 ], [ 12.7242942, 41.9293052 ], [ 12.7228592, 41.9295499 ], [ 12.7217331, 41.9300142 ], [ 12.720937, 41.9306838 ], [ 12.7198893, 41.9313301 ], [ 12.7188308, 41.9312339 ], [ 12.7174646, 41.9306794 ], [ 12.716537, 41.9302817 ], [ 12.715668, 41.9303386 ], [ 12.7146277, 41.9304066 ], [ 12.71378, 41.9304862 ], [ 12.7133812, 41.9305236 ], [ 12.71206, 41.9310301 ], [ 12.7118436, 41.9311722 ], [ 12.71143, 41.9314467 ], [ 12.7107256, 41.9319197 ], [ 12.7104631, 41.9328512 ], [ 12.7103959, 41.9333936 ], [ 12.7096082, 41.9335096 ], [ 12.7094161, 41.9335379 ], [ 12.7093773, 41.9335437 ], [ 12.7088282, 41.9333948 ], [ 12.7081858, 41.933105 ], [ 12.7075331, 41.9328789 ], [ 12.7074128, 41.9328373 ], [ 12.7071732, 41.9331107 ], [ 12.7068106, 41.9338248 ], [ 12.7060643, 41.9344477 ], [ 12.7054534, 41.9346611 ], [ 12.7047193, 41.9349729 ], [ 12.7040412, 41.9357062 ], [ 12.7035359, 41.9363528 ], [ 12.7031117, 41.9367312 ], [ 12.7021056, 41.9367862 ], [ 12.7018262, 41.9368943 ], [ 12.7015061, 41.9370937 ], [ 12.7013304, 41.9372885 ], [ 12.7010737, 41.9374544 ], [ 12.7007877, 41.9376392 ], [ 12.7001552, 41.9377812 ], [ 12.6995546, 41.937706 ], [ 12.6991687, 41.9373808 ], [ 12.6988964, 41.9369078 ], [ 12.6987472, 41.9363363 ], [ 12.6983713, 41.9357271 ], [ 12.6978291, 41.9353844 ], [ 12.6974009, 41.9352137 ], [ 12.6965749, 41.9350332 ], [ 12.6959298, 41.9348784 ], [ 12.6953369, 41.9345958 ], [ 12.6947341, 41.9342596 ], [ 12.6938344, 41.934095 ], [ 12.6934024, 41.9340143 ], [ 12.6931144, 41.9336859 ], [ 12.6931046, 41.933281 ], [ 12.6931169, 41.9329475 ], [ 12.6929529, 41.9327817 ], [ 12.6925903, 41.9328204 ], [ 12.6922203, 41.9330439 ], [ 12.6920493, 41.9332105 ], [ 12.6918571, 41.9333978 ], [ 12.6916461, 41.93426 ], [ 12.6917264, 41.9350363 ], [ 12.6919163, 41.9354534 ], [ 12.6919605, 41.9358932 ], [ 12.6916038, 41.9360848 ], [ 12.6912514, 41.9361817 ], [ 12.6911929, 41.9361746 ], [ 12.6909159, 41.936116 ], [ 12.6905942, 41.9360137 ], [ 12.6902436, 41.9360115 ], [ 12.6898905, 41.9360861 ], [ 12.6898115, 41.9358917 ], [ 12.6893371, 41.9359009 ], [ 12.6881132, 41.9361419 ], [ 12.6878552, 41.9361863 ], [ 12.6876925, 41.936183 ], [ 12.6874588, 41.9361422 ], [ 12.6871576, 41.9360506 ], [ 12.6867653, 41.9359752 ], [ 12.6864445, 41.9357571 ], [ 12.6857663, 41.935167 ], [ 12.6855159, 41.9349188 ], [ 12.6853881, 41.934619 ], [ 12.6852837, 41.9342522 ], [ 12.6853682, 41.9338351 ], [ 12.6856223, 41.9333134 ], [ 12.6856019, 41.9332094 ], [ 12.685537, 41.9330865 ], [ 12.6849353, 41.9328808 ], [ 12.6838481, 41.9325977 ], [ 12.6829443, 41.9324083 ], [ 12.6827836, 41.932351 ], [ 12.6826687, 41.9322766 ], [ 12.6825321, 41.9321343 ], [ 12.6824418, 41.9320469 ], [ 12.6824563, 41.9316465 ], [ 12.6825177, 41.9314496 ], [ 12.6826163, 41.9310598 ], [ 12.6826211, 41.9310104 ], [ 12.682629, 41.9309565 ], [ 12.6826367, 41.9309116 ], [ 12.6826378, 41.9308801 ], [ 12.682636, 41.9308486 ], [ 12.6826374, 41.9308081 ], [ 12.6826329, 41.9307674 ], [ 12.682622, 41.9307357 ], [ 12.68259, 41.9307035 ], [ 12.6825518, 41.9306757 ], [ 12.6824952, 41.9306566 ], [ 12.6824563, 41.9306468 ], [ 12.6824116, 41.9306324 ], [ 12.6823666, 41.930627 ], [ 12.6822948, 41.930612 ], [ 12.6822529, 41.9306022 ], [ 12.6822019, 41.9305966 ], [ 12.6821508, 41.9305911 ], [ 12.6821026, 41.9305901 ], [ 12.6820546, 41.9305847 ], [ 12.6820033, 41.9305836 ], [ 12.681952, 41.9305871 ], [ 12.6818857, 41.9305857 ], [ 12.6818403, 41.9305893 ], [ 12.6817981, 41.9305885 ], [ 12.6817377, 41.9305918 ], [ 12.6816955, 41.9305909 ], [ 12.6816078, 41.9305981 ], [ 12.6815625, 41.9306017 ], [ 12.6814716, 41.9306134 ], [ 12.6814232, 41.9306169 ], [ 12.6813777, 41.930625 ], [ 12.6812929, 41.9306368 ], [ 12.6812278, 41.9306499 ], [ 12.6811468, 41.9306744 ], [ 12.6811073, 41.9306826 ], [ 12.6810678, 41.9306908 ], [ 12.6810223, 41.9306989 ], [ 12.6809768, 41.930707 ], [ 12.6809342, 41.9307151 ], [ 12.6808614, 41.9307272 ], [ 12.6808099, 41.9307351 ], [ 12.6807583, 41.9307431 ], [ 12.6806795, 41.930755 ], [ 12.6806161, 41.9307582 ], [ 12.6805495, 41.9307659 ], [ 12.680483, 41.930769 ], [ 12.6804437, 41.9307727 ], [ 12.6804042, 41.9307809 ], [ 12.6803617, 41.9307891 ], [ 12.680313, 41.9308016 ], [ 12.6802643, 41.9308141 ], [ 12.6801823, 41.9308305 ], [ 12.6801457, 41.9308433 ], [ 12.680109, 41.930856 ], [ 12.6800663, 41.9308687 ], [ 12.6799902, 41.9308897 ], [ 12.6799566, 41.9309025 ], [ 12.6799047, 41.9309195 ], [ 12.679865, 41.9309322 ], [ 12.6797978, 41.9309578 ], [ 12.6797518, 41.9309794 ], [ 12.6796904, 41.9310097 ], [ 12.6796291, 41.9310355 ], [ 12.6795923, 41.9310527 ], [ 12.6795217, 41.9310873 ], [ 12.6794818, 41.931109 ], [ 12.6794018, 41.9311524 ], [ 12.6792104, 41.9312747 ], [ 12.679041, 41.9314558 ], [ 12.6789943, 41.9314954 ], [ 12.678914, 41.9316334 ], [ 12.6787355, 41.9319 ], [ 12.6786117, 41.9322352 ], [ 12.6784876, 41.9324983 ], [ 12.6783092, 41.9327604 ], [ 12.6779991, 41.9329973 ], [ 12.6777692, 41.9331007 ], [ 12.6773318, 41.9331909 ], [ 12.676954, 41.9332148 ], [ 12.6765226, 41.9332196 ], [ 12.6761279, 41.9332116 ], [ 12.6757534, 41.9331455 ], [ 12.675285, 41.9330099 ], [ 12.6747121, 41.9327596 ], [ 12.6742167, 41.9323713 ], [ 12.6734095, 41.9317651 ], [ 12.6732275, 41.9316308 ], [ 12.673114, 41.9316015 ], [ 12.6730215, 41.9315726 ], [ 12.6729281, 41.9315707 ], [ 12.6725489, 41.9316351 ], [ 12.6721145, 41.9316398 ], [ 12.6719118, 41.9315771 ], [ 12.6717631, 41.9315201 ], [ 12.6716713, 41.9313921 ], [ 12.671677, 41.9312346 ], [ 12.6717203, 41.9311229 ], [ 12.6717821, 41.9309981 ], [ 12.6717894, 41.9309622 ], [ 12.671813, 41.9308952 ], [ 12.6718395, 41.9308282 ], [ 12.671869, 41.9307657 ], [ 12.6718952, 41.9307077 ], [ 12.6719246, 41.9306453 ], [ 12.6719635, 41.9305695 ], [ 12.6719988, 41.9305117 ], [ 12.6720311, 41.9304538 ], [ 12.6720632, 41.9304004 ], [ 12.6720887, 41.9303604 ], [ 12.6721278, 41.9302801 ], [ 12.6721536, 41.9302356 ], [ 12.672173, 41.9302 ], [ 12.672186, 41.9301733 ], [ 12.6722024, 41.9301376 ], [ 12.6722218, 41.9301019 ], [ 12.6722446, 41.9300529 ], [ 12.6722615, 41.9300037 ], [ 12.6722814, 41.9299545 ], [ 12.6722949, 41.9299143 ], [ 12.6723086, 41.9298695 ], [ 12.6723288, 41.9298114 ], [ 12.6723485, 41.9297668 ], [ 12.672362, 41.9297265 ], [ 12.6723722, 41.9296952 ], [ 12.6723829, 41.9296504 ], [ 12.6723936, 41.9296056 ], [ 12.6724044, 41.9295563 ], [ 12.6724154, 41.9295025 ], [ 12.6724294, 41.9294487 ], [ 12.6724369, 41.9294083 ], [ 12.6724443, 41.9293725 ], [ 12.6724489, 41.9293275 ], [ 12.6724564, 41.9292872 ], [ 12.6724606, 41.9292557 ], [ 12.6724649, 41.9292198 ], [ 12.6724692, 41.9291838 ], [ 12.6724708, 41.9291389 ], [ 12.6724703, 41.9290713 ], [ 12.6724684, 41.9290397 ], [ 12.6724666, 41.9290082 ], [ 12.6724595, 41.928954 ], [ 12.6724553, 41.9289044 ], [ 12.672442, 41.9288546 ], [ 12.6724371, 41.928823 ], [ 12.6724322, 41.9287913 ], [ 12.6724275, 41.9287552 ], [ 12.6724258, 41.9287192 ], [ 12.6724213, 41.9286785 ], [ 12.672417, 41.9286289 ], [ 12.6724217, 41.928584 ], [ 12.6724205, 41.9285344 ], [ 12.6724158, 41.9284983 ], [ 12.6724087, 41.9284441 ], [ 12.6724036, 41.928417 ], [ 12.6723927, 41.9283853 ], [ 12.6723818, 41.9283535 ], [ 12.6723652, 41.9283127 ], [ 12.6723486, 41.9282718 ], [ 12.6723379, 41.9282356 ], [ 12.6723241, 41.9281993 ], [ 12.6723132, 41.9281675 ], [ 12.6722993, 41.9281357 ], [ 12.6722887, 41.928095 ], [ 12.6722778, 41.9280632 ], [ 12.672259, 41.9279998 ], [ 12.6722483, 41.9279636 ], [ 12.6722404, 41.9279319 ], [ 12.6722241, 41.927882 ], [ 12.6722107, 41.9278367 ], [ 12.6721882, 41.9277912 ], [ 12.6721627, 41.9277457 ], [ 12.6721252, 41.9276999 ], [ 12.6720959, 41.9276768 ], [ 12.6720518, 41.9276444 ], [ 12.6719897, 41.9276116 ], [ 12.6719425, 41.9275836 ], [ 12.6719102, 41.9275604 ], [ 12.671866, 41.9275325 ], [ 12.67181, 41.9274954 ], [ 12.6717658, 41.9274675 ], [ 12.6717246, 41.9274396 ], [ 12.6716923, 41.9274164 ], [ 12.6716571, 41.9273887 ], [ 12.671625, 41.927361 ], [ 12.6715987, 41.927338 ], [ 12.6715632, 41.9273193 ], [ 12.6715309, 41.9272961 ], [ 12.6714955, 41.9272728 ], [ 12.6714599, 41.9272586 ], [ 12.6714244, 41.9272399 ], [ 12.6713889, 41.9272212 ], [ 12.6713296, 41.9271929 ], [ 12.6712737, 41.9271558 ], [ 12.671238, 41.9271415 ], [ 12.6711905, 41.9271226 ], [ 12.6711488, 41.9271082 ], [ 12.6710863, 41.9270844 ], [ 12.6710358, 41.9270654 ], [ 12.670985, 41.9270509 ], [ 12.6709226, 41.9270271 ], [ 12.6708511, 41.9270031 ], [ 12.6707856, 41.9269793 ], [ 12.6707289, 41.9269646 ], [ 12.6706634, 41.9269408 ], [ 12.6706067, 41.9269261 ], [ 12.670559, 41.9269116 ], [ 12.6705052, 41.926897 ], [ 12.6704368, 41.9268731 ], [ 12.6703832, 41.926854 ], [ 12.6703115, 41.9268346 ], [ 12.670261, 41.9268155 ], [ 12.6701923, 41.9267961 ], [ 12.6701388, 41.926777 ], [ 12.6700762, 41.9267577 ], [ 12.6700345, 41.9267434 ], [ 12.6699958, 41.9267291 ], [ 12.6699541, 41.9267147 ], [ 12.6699064, 41.9267002 ], [ 12.6698289, 41.9266762 ], [ 12.6697931, 41.9266664 ], [ 12.6695694, 41.9265988 ], [ 12.6691726, 41.9265683 ], [ 12.6691026, 41.9265849 ], [ 12.6690511, 41.9265928 ], [ 12.6689902, 41.9266096 ], [ 12.6689326, 41.9266174 ], [ 12.6688747, 41.9266343 ], [ 12.668826, 41.9266468 ], [ 12.6687805, 41.9266549 ], [ 12.6687226, 41.9266717 ], [ 12.6686705, 41.9266932 ], [ 12.6686125, 41.9267145 ], [ 12.6685574, 41.9267359 ], [ 12.6685114, 41.9267575 ], [ 12.6684778, 41.9267703 ], [ 12.6684442, 41.9267831 ], [ 12.6684043, 41.9268003 ], [ 12.6683675, 41.9268176 ], [ 12.6683337, 41.9268349 ], [ 12.6682939, 41.9268521 ], [ 12.6682203, 41.9268866 ], [ 12.6681833, 41.9269084 ], [ 12.6681371, 41.9269345 ], [ 12.6680727, 41.9269647 ], [ 12.6680204, 41.9269952 ], [ 12.6679436, 41.9270341 ], [ 12.6679096, 41.9270559 ], [ 12.6678511, 41.9270908 ], [ 12.6677955, 41.9271257 ], [ 12.6677525, 41.9271473 ], [ 12.667703, 41.9271823 ], [ 12.667666, 41.9272041 ], [ 12.6676289, 41.9272304 ], [ 12.6675951, 41.9272477 ], [ 12.6675431, 41.9272691 ], [ 12.6675001, 41.9272908 ], [ 12.6674793, 41.9273219 ], [ 12.6675658, 41.9273912 ], [ 12.6676535, 41.927465 ], [ 12.6677295, 41.9275296 ], [ 12.6678232, 41.927608 ], [ 12.6679019, 41.9276817 ], [ 12.6679923, 41.9277646 ], [ 12.6680614, 41.927856 ], [ 12.6681235, 41.9279699 ], [ 12.6681548, 41.9281056 ], [ 12.6681554, 41.9282542 ], [ 12.6681247, 41.9283527 ], [ 12.6680909, 41.928451 ], [ 12.6680309, 41.9285264 ], [ 12.6679675, 41.9286106 ], [ 12.6678596, 41.928676 ], [ 12.667739, 41.9287591 ], [ 12.6675602, 41.928868 ], [ 12.6674275, 41.9289509 ], [ 12.6672888, 41.9290336 ], [ 12.6671041, 41.9291379 ], [ 12.6669716, 41.9292163 ], [ 12.6668239, 41.9292989 ], [ 12.666639, 41.9294077 ], [ 12.6665185, 41.9294863 ], [ 12.6663798, 41.929569 ], [ 12.6661951, 41.9296733 ], [ 12.6660902, 41.9297387 ], [ 12.6659639, 41.9298127 ], [ 12.6657944, 41.9299128 ], [ 12.6656807, 41.9299736 ], [ 12.665551, 41.9300565 ], [ 12.6653691, 41.9301654 ], [ 12.6652614, 41.9302262 ], [ 12.6651533, 41.9302961 ], [ 12.6649715, 41.9304049 ], [ 12.6648391, 41.9304788 ], [ 12.6646912, 41.9305658 ], [ 12.6645095, 41.9306702 ], [ 12.6643954, 41.9307399 ], [ 12.6642753, 41.9308095 ], [ 12.664115, 41.9309053 ], [ 12.6639333, 41.9310097 ], [ 12.6637608, 41.9311098 ], [ 12.6636132, 41.9311878 ], [ 12.6634685, 41.9312704 ], [ 12.6633611, 41.9313223 ], [ 12.6632567, 41.9313742 ], [ 12.6631132, 41.9314208 ], [ 12.6629971, 41.9314635 ], [ 12.6627836, 41.9315312 ], [ 12.6626405, 41.9315688 ], [ 12.6625158, 41.9315977 ], [ 12.6623305, 41.9316345 ], [ 12.6621511, 41.9316759 ], [ 12.6619386, 41.9317166 ], [ 12.6617593, 41.9317535 ], [ 12.6615893, 41.931786 ], [ 12.6613736, 41.9318311 ], [ 12.6612278, 41.9318597 ], [ 12.6610881, 41.9318884 ], [ 12.6609118, 41.9319253 ], [ 12.6607632, 41.9319493 ], [ 12.6605749, 41.931986 ], [ 12.660402, 41.932014 ], [ 12.6602382, 41.9320422 ], [ 12.6600783, 41.9320434 ], [ 12.6599607, 41.9320455 ], [ 12.6598102, 41.9320379 ], [ 12.6596451, 41.9320166 ], [ 12.6594414, 41.9319809 ], [ 12.659322, 41.9319469 ], [ 12.659164, 41.9318987 ], [ 12.6589947, 41.9318277 ], [ 12.6588584, 41.9317619 ], [ 12.6587225, 41.931687 ], [ 12.6586041, 41.9316261 ], [ 12.6584559, 41.9315555 ], [ 12.6583074, 41.9314939 ], [ 12.6581552, 41.9314503 ], [ 12.6580213, 41.9314026 ], [ 12.6577968, 41.9313574 ], [ 12.6576648, 41.9313412 ], [ 12.6575417, 41.9313252 ], [ 12.6573137, 41.9312935 ], [ 12.6570976, 41.9312666 ], [ 12.6569716, 41.9312505 ], [ 12.6568574, 41.9312392 ], [ 12.6566323, 41.9312121 ], [ 12.656413, 41.9311896 ], [ 12.6563194, 41.9311922 ], [ 12.6562319, 41.9311949 ], [ 12.6561377, 41.9312155 ], [ 12.6560426, 41.9312586 ], [ 12.6559682, 41.9313156 ], [ 12.6559084, 41.9313819 ], [ 12.6558733, 41.9314352 ], [ 12.6558376, 41.9315066 ], [ 12.6557956, 41.9316633 ], [ 12.6557592, 41.9318337 ], [ 12.655734, 41.9319457 ], [ 12.655715, 41.9320534 ], [ 12.6556723, 41.9322327 ], [ 12.6556387, 41.9324076 ], [ 12.6555886, 41.9325417 ], [ 12.6555468, 41.9326128 ], [ 12.6554809, 41.9326835 ], [ 12.6553845, 41.9327626 ], [ 12.6552608, 41.9328457 ], [ 12.6551243, 41.9329509 ], [ 12.6550241, 41.9330525 ], [ 12.6549706, 41.9331144 ], [ 12.6549003, 41.933221 ], [ 12.6548425, 41.9333189 ], [ 12.654806, 41.9334082 ], [ 12.6547902, 41.9335115 ], [ 12.6547825, 41.9335564 ], [ 12.6547861, 41.933624 ], [ 12.6547993, 41.9337548 ], [ 12.6548353, 41.9339267 ], [ 12.6548318, 41.9340212 ], [ 12.6548206, 41.9340795 ], [ 12.6547904, 41.9341644 ], [ 12.6547236, 41.9342576 ], [ 12.6546388, 41.9343504 ], [ 12.6545259, 41.9344697 ], [ 12.654466, 41.9345405 ], [ 12.6544138, 41.9346475 ], [ 12.6543866, 41.9347325 ], [ 12.6543666, 41.9348672 ], [ 12.6543471, 41.9349884 ], [ 12.6543358, 41.9351323 ], [ 12.6543278, 41.9352672 ], [ 12.6543157, 41.9354336 ], [ 12.6543144, 41.9355506 ], [ 12.6543103, 41.9356631 ], [ 12.6543102, 41.9358297 ], [ 12.654335, 41.9359743 ], [ 12.6543632, 41.93611 ], [ 12.6543944, 41.9362457 ], [ 12.6544169, 41.9363722 ], [ 12.6544666, 41.9364993 ], [ 12.6545053, 41.9366757 ], [ 12.6545291, 41.9367663 ], [ 12.6545525, 41.9368703 ], [ 12.6545671, 41.9369652 ], [ 12.6545847, 41.9370601 ], [ 12.6546136, 41.9371778 ], [ 12.6546371, 41.9372773 ], [ 12.6546757, 41.9374582 ], [ 12.6547206, 41.9376303 ], [ 12.6547468, 41.9377389 ], [ 12.6547758, 41.937852 ], [ 12.6548176, 41.9380285 ], [ 12.6548439, 41.9381326 ], [ 12.6548702, 41.9382367 ], [ 12.6549124, 41.9384042 ], [ 12.6549463, 41.938549 ], [ 12.6549855, 41.9387119 ], [ 12.6550305, 41.9388839 ], [ 12.6550637, 41.9390467 ], [ 12.6551031, 41.9392051 ], [ 12.6551426, 41.9393635 ], [ 12.6551731, 41.9395172 ], [ 12.6552097, 41.9396711 ], [ 12.6552461, 41.9398294 ], [ 12.6552881, 41.9400014 ], [ 12.655306, 41.9400873 ], [ 12.6553323, 41.9401914 ], [ 12.6553715, 41.9403588 ], [ 12.6554112, 41.9405082 ], [ 12.6554506, 41.9406666 ], [ 12.6554924, 41.9408431 ], [ 12.6555127, 41.9409471 ], [ 12.6555354, 41.9410691 ], [ 12.6555716, 41.941232 ], [ 12.6556136, 41.941404 ], [ 12.6556529, 41.9415669 ], [ 12.6556814, 41.9416935 ], [ 12.655715, 41.9418473 ], [ 12.655728, 41.9419511 ], [ 12.6557336, 41.9419963 ], [ 12.655755, 41.9421543 ], [ 12.6556472, 41.9422152 ], [ 12.6555674, 41.9423351 ], [ 12.6554543, 41.9424589 ], [ 12.6552127, 41.9424675 ], [ 12.6550045, 41.9424722 ], [ 12.6548866, 41.9424788 ], [ 12.6547599, 41.9424807 ], [ 12.6546206, 41.9424959 ], [ 12.6544606, 41.9425016 ], [ 12.6542736, 41.9425023 ], [ 12.6540912, 41.9425109 ], [ 12.6539416, 41.942509 ], [ 12.653794, 41.942506 ], [ 12.6537392, 41.9425016 ], [ 12.6536436, 41.9424939 ], [ 12.6534603, 41.9424767 ], [ 12.6533041, 41.94246 ], [ 12.6531479, 41.9424433 ], [ 12.6530221, 41.9424182 ], [ 12.6528845, 41.9423883 ], [ 12.6527742, 41.9423546 ], [ 12.6526576, 41.9423252 ], [ 12.6525294, 41.9422865 ], [ 12.6524011, 41.9422479 ], [ 12.6522374, 41.9421905 ], [ 12.6520919, 41.942129 ], [ 12.6519197, 41.9420534 ], [ 12.6517268, 41.9419684 ], [ 12.6515991, 41.9419163 ], [ 12.6514447, 41.94185 ], [ 12.6513379, 41.9418028 ], [ 12.6512069, 41.9417551 ], [ 12.6510221, 41.9416973 ], [ 12.6508372, 41.9416395 ], [ 12.6506191, 41.9415855 ], [ 12.6504756, 41.941551 ], [ 12.6503261, 41.9415165 ], [ 12.6501044, 41.9414759 ], [ 12.6499753, 41.9414597 ], [ 12.6498255, 41.9414342 ], [ 12.6497471, 41.9414208 ], [ 12.6496757, 41.9414086 ], [ 12.6495079, 41.9413781 ], [ 12.6493189, 41.9413517 ], [ 12.6490998, 41.9413247 ], [ 12.6488766, 41.9413247 ], [ 12.6487438, 41.9413264 ], [ 12.6485933, 41.9413189 ], [ 12.6483782, 41.941346 ], [ 12.6483329, 41.9413495 ], [ 12.6482512, 41.9413569 ], [ 12.6481089, 41.941372 ], [ 12.6479147, 41.941404 ], [ 12.6476902, 41.9414399 ], [ 12.6475568, 41.9414597 ], [ 12.6474388, 41.9414708 ], [ 12.6473357, 41.9414867 ], [ 12.6472143, 41.9415067 ], [ 12.646984, 41.941538 ], [ 12.6468204, 41.9415572 ], [ 12.6466656, 41.9415855 ], [ 12.6464443, 41.941617 ], [ 12.6463201, 41.9416325 ], [ 12.6461961, 41.9416434 ], [ 12.6459659, 41.9416703 ], [ 12.6457327, 41.941697 ], [ 12.6455209, 41.9417151 ], [ 12.6454757, 41.9417142 ], [ 12.6452588, 41.9417098 ], [ 12.6450691, 41.9417014 ], [ 12.6450541, 41.9418632 ], [ 12.6450401, 41.941998 ], [ 12.6450219, 41.9421642 ], [ 12.6450062, 41.942344 ], [ 12.644988, 41.9425102 ], [ 12.6449633, 41.9426088 ], [ 12.6449479, 41.9426985 ], [ 12.6449343, 41.9428243 ], [ 12.6449268, 41.9429458 ], [ 12.6449114, 41.9431166 ], [ 12.6448959, 41.9432919 ], [ 12.6448774, 41.9434671 ], [ 12.6448698, 41.943593 ], [ 12.6448564, 41.9437098 ], [ 12.6448444, 41.9438717 ], [ 12.6448318, 41.9440515 ], [ 12.6448136, 41.9442178 ], [ 12.6448045, 41.9443854 ], [ 12.6447986, 41.9445417 ], [ 12.6447997, 41.9446768 ], [ 12.6448021, 41.944857 ], [ 12.644802, 41.9450236 ], [ 12.6448016, 41.9451992 ], [ 12.6447983, 41.9453702 ], [ 12.6448095, 41.945474 ], [ 12.6448215, 41.9455598 ], [ 12.6448557, 41.9456956 ], [ 12.6448992, 41.9458226 ], [ 12.6449398, 41.9459792 ], [ 12.6450413, 41.9461407 ], [ 12.6451412, 41.9462958 ], [ 12.6452321, 41.9464463 ], [ 12.6453179, 41.9465742 ], [ 12.6453087, 41.9466115 ], [ 12.645286, 41.9467041 ], [ 12.6453706, 41.9468634 ], [ 12.6454519, 41.9470317 ], [ 12.6455361, 41.947119 ], [ 12.6456348, 41.9472246 ], [ 12.6456417, 41.9473643 ], [ 12.6456864, 41.9474598 ], [ 12.645734, 41.9475598 ], [ 12.6458215, 41.9477237 ], [ 12.6458942, 41.9478783 ], [ 12.6459728, 41.9480375 ], [ 12.6460117, 41.9481284 ], [ 12.6460477, 41.9482147 ], [ 12.6460429, 41.9483452 ], [ 12.6459864, 41.9484881 ], [ 12.6459049, 41.948572 ], [ 12.6458299, 41.9486425 ], [ 12.6457043, 41.948694 ], [ 12.6455883, 41.9487321 ], [ 12.6454704, 41.9487387 ], [ 12.6452955, 41.9487396 ], [ 12.6451358, 41.9487363 ], [ 12.6448947, 41.9487314 ], [ 12.644744, 41.9487283 ], [ 12.6446176, 41.9487212 ], [ 12.6443765, 41.9487162 ], [ 12.6441478, 41.9487025 ], [ 12.6439368, 41.9486982 ], [ 12.643759, 41.9486946 ], [ 12.6435239, 41.9486897 ], [ 12.6433398, 41.948695 ], [ 12.6431424, 41.9487314 ], [ 12.6429857, 41.9488093 ], [ 12.6428667, 41.9489284 ], [ 12.6428202, 41.9490445 ], [ 12.6428169, 41.9491345 ], [ 12.642842, 41.9492701 ], [ 12.6428645, 41.9493967 ], [ 12.6429211, 41.9494969 ], [ 12.6429751, 41.949588 ], [ 12.6430493, 41.9497021 ], [ 12.6431177, 41.9498116 ], [ 12.6432203, 41.9499713 ], [ 12.6432467, 41.9500754 ], [ 12.6432708, 41.950157 ], [ 12.6432667, 41.9502695 ], [ 12.6431822, 41.9504343 ], [ 12.6430511, 41.9505532 ], [ 12.6429577, 41.9506324 ], [ 12.6428708, 41.9506981 ], [ 12.6428125, 41.9508095 ], [ 12.6427961, 41.9509262 ], [ 12.6428196, 41.9510258 ], [ 12.6428665, 41.9511438 ], [ 12.6429198, 41.951253 ], [ 12.6429402, 41.9513525 ], [ 12.6429548, 41.9514473 ], [ 12.642947, 41.9514967 ], [ 12.6429001, 41.9516218 ], [ 12.6427654, 41.9517587 ], [ 12.6425725, 41.9518357 ], [ 12.6423561, 41.9518988 ], [ 12.6421756, 41.9519672 ], [ 12.6420243, 41.9520631 ], [ 12.6419145, 41.952178 ], [ 12.6418599, 41.9522669 ], [ 12.6418312, 41.9523924 ], [ 12.6418302, 41.9525004 ], [ 12.6418719, 41.9526769 ], [ 12.6419192, 41.9527859 ], [ 12.6419847, 41.9528909 ], [ 12.6420415, 41.9529866 ], [ 12.6421522, 41.9530924 ], [ 12.6422545, 41.9531801 ], [ 12.6423924, 41.9532865 ], [ 12.6425156, 41.9533791 ], [ 12.6426396, 41.9534537 ], [ 12.6427635, 41.9535283 ], [ 12.6428712, 41.953634 ], [ 12.6429479, 41.9537617 ], [ 12.6429881, 41.9538976 ], [ 12.6430172, 41.9540108 ], [ 12.6430266, 41.9541641 ], [ 12.6430531, 41.9543447 ], [ 12.6430779, 41.9544893 ], [ 12.6431076, 41.9546656 ], [ 12.6431375, 41.9548373 ], [ 12.6431622, 41.9549864 ], [ 12.6431919, 41.9551626 ], [ 12.6432278, 41.9553345 ], [ 12.643242, 41.9554383 ], [ 12.6432627, 41.9555333 ], [ 12.6432924, 41.9557095 ], [ 12.6433214, 41.9558227 ], [ 12.643351, 41.9559179 ], [ 12.643396, 41.9560899 ], [ 12.6434503, 41.9562531 ], [ 12.6434987, 41.9564117 ], [ 12.6435442, 41.9565703 ], [ 12.6436012, 41.9567425 ], [ 12.6435997, 41.9568641 ], [ 12.6435929, 41.9569675 ], [ 12.643569, 41.9570805 ], [ 12.6435524, 41.9571648 ], [ 12.6434473, 41.9573158 ], [ 12.6433316, 41.957426 ], [ 12.6431244, 41.9574847 ], [ 12.6429435, 41.957481 ], [ 12.6428019, 41.9574781 ], [ 12.6426813, 41.9574756 ], [ 12.6424522, 41.9574709 ], [ 12.642329, 41.9574594 ], [ 12.6422164, 41.9574487 ], [ 12.6419924, 41.9574255 ], [ 12.641758, 41.9574026 ], [ 12.6415984, 41.9573949 ], [ 12.641451, 41.9573828 ], [ 12.6412255, 41.9573647 ], [ 12.6410089, 41.9573467 ], [ 12.6408549, 41.9573526 ], [ 12.6407223, 41.9573498 ], [ 12.6405771, 41.9573603 ], [ 12.6404308, 41.9574024 ], [ 12.640297, 41.9574311 ], [ 12.6401351, 41.9574863 ], [ 12.6399918, 41.9575284 ], [ 12.6398519, 41.9575571 ], [ 12.639721, 41.9575904 ], [ 12.6395705, 41.9575828 ], [ 12.6394228, 41.9575798 ], [ 12.6391972, 41.9575616 ], [ 12.6390236, 41.9575265 ], [ 12.6388682, 41.9574873 ], [ 12.6386526, 41.9574423 ], [ 12.6384401, 41.9573974 ], [ 12.6382695, 41.9573624 ], [ 12.6380361, 41.9573126 ], [ 12.6378174, 41.957272 ], [ 12.6376916, 41.9572469 ], [ 12.6375715, 41.957231 ], [ 12.6373435, 41.9571993 ], [ 12.6371265, 41.9571948 ], [ 12.6369428, 41.9571865 ], [ 12.636813, 41.9571883 ], [ 12.6366983, 41.9571905 ], [ 12.63646, 41.9571901 ], [ 12.6362248, 41.9571897 ], [ 12.6359985, 41.9571896 ], [ 12.6357628, 41.9572027 ], [ 12.6355602, 41.9572166 ], [ 12.6353306, 41.9572253 ], [ 12.6350978, 41.9572385 ], [ 12.6349277, 41.9572711 ], [ 12.6347727, 41.9573039 ], [ 12.634554, 41.9573444 ], [ 12.6343383, 41.957385 ], [ 12.6341255, 41.9574301 ], [ 12.6338976, 41.957475 ], [ 12.633697, 41.9575159 ], [ 12.6334784, 41.9575564 ], [ 12.6332475, 41.9576012 ], [ 12.6330407, 41.9576464 ], [ 12.6328491, 41.9576875 ], [ 12.6326072, 41.9577433 ], [ 12.632475, 41.9577698 ], [ 12.6323262, 41.9577983 ], [ 12.6320981, 41.9578476 ], [ 12.6318733, 41.9578925 ], [ 12.6316725, 41.9579379 ], [ 12.6314901, 41.9579747 ], [ 12.6312772, 41.9580243 ], [ 12.6310432, 41.958069 ], [ 12.6308304, 41.9581141 ], [ 12.6306114, 41.9581636 ], [ 12.6303988, 41.9582043 ], [ 12.6301799, 41.9582493 ], [ 12.6299518, 41.9582986 ], [ 12.629733, 41.9583436 ], [ 12.6295962, 41.9583723 ], [ 12.6294837, 41.958397 ], [ 12.6292526, 41.9584463 ], [ 12.6290428, 41.9584915 ], [ 12.6289149, 41.9585249 ], [ 12.6288084, 41.9585497 ], [ 12.6286103, 41.9586041 ], [ 12.6283946, 41.9586447 ], [ 12.6282035, 41.9586723 ], [ 12.6279849, 41.9587128 ], [ 12.6277752, 41.9587535 ], [ 12.6276501, 41.9587914 ], [ 12.6275346, 41.958816 ], [ 12.6273631, 41.9588845 ], [ 12.6272623, 41.9589185 ], [ 12.6272104, 41.9589354 ], [ 12.6270115, 41.9590124 ], [ 12.6268551, 41.9590812 ], [ 12.6267198, 41.9591504 ], [ 12.6265266, 41.9592365 ], [ 12.6263364, 41.9593226 ], [ 12.6261764, 41.9594049 ], [ 12.6259862, 41.959491 ], [ 12.6257836, 41.9595858 ], [ 12.6256575, 41.9596508 ], [ 12.6255318, 41.9597067 ], [ 12.6253474, 41.9597975 ], [ 12.62516, 41.9598881 ], [ 12.6249603, 41.9599876 ], [ 12.6248345, 41.9600435 ], [ 12.624727, 41.9600953 ], [ 12.6245276, 41.9601858 ], [ 12.62434, 41.9602809 ], [ 12.6241436, 41.9603714 ], [ 12.6239656, 41.9604533 ], [ 12.6238152, 41.9605222 ], [ 12.6236704, 41.9606048 ], [ 12.6235502, 41.9606743 ], [ 12.6234773, 41.9607129 ], [ 12.6233779, 41.9607653 ], [ 12.6233109, 41.960863 ], [ 12.6232473, 41.9609518 ], [ 12.6231387, 41.9611116 ], [ 12.6230523, 41.9612449 ], [ 12.62295, 41.9614004 ], [ 12.622835, 41.9614926 ], [ 12.6227258, 41.9615894 ], [ 12.6226089, 41.96165 ], [ 12.6225075, 41.9617019 ], [ 12.6223519, 41.9617482 ], [ 12.6222084, 41.9617948 ], [ 12.6220448, 41.9618139 ], [ 12.6218902, 41.9618332 ], [ 12.621666, 41.9618601 ], [ 12.6214417, 41.961887 ], [ 12.6212751, 41.961906 ], [ 12.6211206, 41.9619253 ], [ 12.6209771, 41.9619719 ], [ 12.6208086, 41.9620405 ], [ 12.6206674, 41.9621051 ], [ 12.6206182, 41.9621311 ], [ 12.62051, 41.9622009 ], [ 12.620411, 41.9622664 ], [ 12.6203112, 41.9623543 ], [ 12.6202205, 41.9624425 ], [ 12.6201225, 41.9625621 ], [ 12.6200215, 41.9626816 ], [ 12.6199011, 41.9628367 ], [ 12.6198328, 41.9629703 ], [ 12.619807, 41.9630959 ], [ 12.6197787, 41.9632079 ], [ 12.6197681, 41.9633292 ], [ 12.6197547, 41.963446 ], [ 12.6197452, 41.9636214 ], [ 12.6197266, 41.9637967 ], [ 12.6197264, 41.9639633 ], [ 12.6197321, 41.9640534 ], [ 12.6197311, 41.9641615 ], [ 12.6197425, 41.9642608 ], [ 12.6197624, 41.9643738 ], [ 12.6198014, 41.9645412 ], [ 12.6198406, 41.9647041 ], [ 12.6198706, 41.9648713 ], [ 12.6198992, 41.9649935 ], [ 12.6199335, 41.9651248 ], [ 12.6199665, 41.9652921 ], [ 12.6199935, 41.9654593 ], [ 12.6200297, 41.9656221 ], [ 12.6200489, 41.9657531 ], [ 12.6200794, 41.9659068 ], [ 12.6201022, 41.9660244 ], [ 12.6201258, 41.9661194 ], [ 12.620162, 41.9662823 ], [ 12.6201557, 41.9664488 ], [ 12.6201333, 41.9665654 ], [ 12.6200919, 41.9666231 ], [ 12.6199844, 41.9667559 ], [ 12.619886, 41.966889 ], [ 12.6197751, 41.9670308 ], [ 12.6196578, 41.9671814 ], [ 12.6195662, 41.9672921 ], [ 12.6194932, 41.9673896 ], [ 12.6193701, 41.9675357 ], [ 12.6192534, 41.9676729 ], [ 12.6191395, 41.9678146 ], [ 12.6190732, 41.9678943 ], [ 12.6190099, 41.967974 ], [ 12.6188896, 41.9681246 ], [ 12.6187694, 41.9682752 ], [ 12.6186593, 41.9683945 ], [ 12.6185245, 41.9685313 ], [ 12.6184468, 41.9685927 ], [ 12.6183625, 41.9686675 ], [ 12.6182699, 41.9687241 ], [ 12.6181711, 41.9687851 ], [ 12.6179864, 41.9688849 ], [ 12.6178477, 41.968963 ], [ 12.6177, 41.969041 ], [ 12.6175154, 41.9691362 ], [ 12.6173215, 41.9692403 ], [ 12.6171453, 41.9693537 ], [ 12.6171212, 41.9693739 ], [ 12.6170301, 41.9694504 ], [ 12.6169131, 41.969592 ], [ 12.6168343, 41.969685 ], [ 12.6167398, 41.9697911 ], [ 12.6166225, 41.9699417 ], [ 12.6165653, 41.9700216 ], [ 12.616508, 41.9701015 ], [ 12.616378, 41.9702699 ], [ 12.616283, 41.9703895 ], [ 12.6161782, 41.9705314 ], [ 12.6160993, 41.9706243 ], [ 12.6160078, 41.9707305 ], [ 12.6158948, 41.9708497 ], [ 12.6157629, 41.9709866 ], [ 12.6156727, 41.9710612 ], [ 12.615576, 41.9711448 ], [ 12.6154799, 41.9712148 ], [ 12.6153623, 41.9712934 ], [ 12.6152821, 41.9713413 ], [ 12.6151169, 41.9714009 ], [ 12.6149707, 41.9714384 ], [ 12.6148031, 41.9714845 ], [ 12.6147002, 41.9714913 ], [ 12.614519, 41.9714966 ], [ 12.6142907, 41.9714693 ], [ 12.614076, 41.9714018 ], [ 12.6139507, 41.9713632 ], [ 12.6137987, 41.971315 ], [ 12.6136019, 41.9712523 ], [ 12.61348, 41.9712048 ], [ 12.6133458, 41.9711615 ], [ 12.613152, 41.9710989 ], [ 12.6129524, 41.9710317 ], [ 12.6127407, 41.9709642 ], [ 12.6126215, 41.9709257 ], [ 12.6124964, 41.9708826 ], [ 12.6123775, 41.9708351 ], [ 12.6122289, 41.9707735 ], [ 12.6120889, 41.9707255 ], [ 12.6119338, 41.9706773 ], [ 12.6118618, 41.9706668 ], [ 12.6116622, 41.9705996 ], [ 12.6115043, 41.9705468 ], [ 12.6113286, 41.9704846 ], [ 12.6112218, 41.9704373 ], [ 12.6111149, 41.9703901 ], [ 12.6110138, 41.9703519 ], [ 12.6108885, 41.9703133 ], [ 12.6107292, 41.9702965 ], [ 12.6108207, 41.9703524 ], [ 12.6109149, 41.9704129 ], [ 12.6110335, 41.9704694 ], [ 12.6111547, 41.970535 ], [ 12.6113262, 41.9706286 ], [ 12.6114296, 41.9706893 ], [ 12.6115361, 41.9707456 ], [ 12.6117253, 41.9708486 ], [ 12.6118819, 41.9709374 ], [ 12.6120623, 41.9710357 ], [ 12.6122299, 41.9711517 ], [ 12.6123302, 41.9712124 ], [ 12.612433, 41.9712866 ], [ 12.6125174, 41.9713694 ], [ 12.6125896, 41.9714564 ], [ 12.6126733, 41.9715572 ], [ 12.6127363, 41.9716486 ], [ 12.6128081, 41.9717447 ], [ 12.6128957, 41.9719041 ], [ 12.6129434, 41.9719996 ], [ 12.6130057, 41.972109 ], [ 12.6130966, 41.9722595 ], [ 12.6131431, 41.9723483 ], [ 12.6139246, 41.9745687 ], [ 12.6139574, 41.9746594 ], [ 12.6139925, 41.9747682 ], [ 12.6140464, 41.9749405 ], [ 12.6140575, 41.9749677 ], [ 12.614087, 41.9751484 ], [ 12.6143236, 41.9757612 ], [ 12.6143776, 41.975929 ], [ 12.6144322, 41.9760832 ], [ 12.6144806, 41.9762418 ], [ 12.614538, 41.9764006 ], [ 12.614571, 41.9764868 ], [ 12.6146039, 41.9765776 ], [ 12.6146534, 41.9767047 ], [ 12.6147147, 41.9768411 ], [ 12.614784, 41.9770046 ], [ 12.6148396, 41.9771318 ], [ 12.6149095, 41.9772819 ], [ 12.6149486, 41.9773638 ], [ 12.6149905, 41.9774547 ], [ 12.6150677, 41.9775689 ], [ 12.615156, 41.9777103 ], [ 12.6152531, 41.9778564 ], [ 12.6153355, 41.9779932 ], [ 12.6154294, 41.9781437 ], [ 12.6155018, 41.9783074 ], [ 12.6155653, 41.9784663 ], [ 12.6156255, 41.9786296 ], [ 12.6156858, 41.978793 ], [ 12.6157458, 41.9789654 ], [ 12.6157727, 41.9790515 ], [ 12.6157891, 41.979093 ], [ 12.6158086, 41.9791423 ], [ 12.6158628, 41.9793055 ], [ 12.615896, 41.9793872 ], [ 12.6159287, 41.9794825 ], [ 12.6159857, 41.9796503 ], [ 12.616002, 41.9797001 ], [ 12.6160184, 41.9797455 ], [ 12.6160346, 41.9797954 ], [ 12.6160539, 41.9798453 ], [ 12.6160614, 41.979886 ], [ 12.6160745, 41.9799403 ], [ 12.6160795, 41.9799674 ], [ 12.6160928, 41.9800172 ], [ 12.6161006, 41.9800489 ], [ 12.6161097, 41.9802112 ], [ 12.616122, 41.9803646 ], [ 12.6161311, 41.9805269 ], [ 12.6161319, 41.9806665 ], [ 12.6161407, 41.9808333 ], [ 12.6161438, 41.9809303 ], [ 12.6161463, 41.981009 ], [ 12.6161442, 41.981144 ], [ 12.6161504, 41.9813018 ], [ 12.6161672, 41.9814192 ], [ 12.6161811, 41.981532 ], [ 12.6161918, 41.9816663 ], [ 12.616218, 41.9818345 ], [ 12.6162428, 41.9819791 ], [ 12.6162668, 41.9821462 ], [ 12.6162843, 41.9822411 ], [ 12.6162991, 41.9823315 ], [ 12.6163294, 41.9824897 ], [ 12.616359, 41.982666 ], [ 12.616389, 41.9828332 ], [ 12.6164143, 41.9829643 ], [ 12.6164429, 41.9830865 ], [ 12.6164617, 41.9831741 ], [ 12.6164789, 41.9832538 ], [ 12.6165159, 41.9833942 ], [ 12.6165712, 41.9835304 ], [ 12.6166268, 41.9836577 ], [ 12.6168855, 41.984406 ], [ 12.6169867, 41.9846062 ], [ 12.6174979, 41.9855445 ], [ 12.6177657, 41.9861309 ], [ 12.6179245, 41.9865665 ], [ 12.6179774, 41.9866846 ], [ 12.6180815, 41.9870864 ], [ 12.6181875, 41.9874455 ], [ 12.6182209, 41.9875993 ], [ 12.6182499, 41.9877935 ], [ 12.6183437, 41.9888401 ], [ 12.6183669, 41.9891063 ], [ 12.6184026, 41.9894447 ], [ 12.6184316, 41.989639 ], [ 12.618448, 41.9897654 ], [ 12.6184795, 41.9898921 ], [ 12.6184836, 41.9900228 ], [ 12.618449, 41.990135 ], [ 12.6183888, 41.990219 ], [ 12.618325, 41.9903122 ], [ 12.6182477, 41.9903601 ], [ 12.6180812, 41.9904557 ], [ 12.6177858, 41.9906072 ], [ 12.6165898, 41.9911992 ], [ 12.6145229, 41.9922165 ], [ 12.6142285, 41.9923614 ], [ 12.6123374, 41.9932992 ], [ 12.6109958, 41.9939062 ], [ 12.6102867, 41.9943057 ], [ 12.6101798, 41.9943395 ], [ 12.6100399, 41.9943681 ], [ 12.6098931, 41.9943788 ], [ 12.6098008, 41.9943856 ], [ 12.6094218, 41.9944318 ], [ 12.6088136, 41.9944731 ], [ 12.6077242, 41.9945495 ], [ 12.6070664, 41.9945771 ], [ 12.6065887, 41.9946474 ], [ 12.6064527, 41.9946536 ], [ 12.6063026, 41.9947135 ], [ 12.6060636, 41.9948075 ], [ 12.6057578, 41.9949137 ], [ 12.6054349, 41.9950736 ], [ 12.6049951, 41.995213 ], [ 12.6044232, 41.9954127 ], [ 12.604298, 41.9954506 ], [ 12.6040869, 41.9955273 ], [ 12.6038089, 41.995616 ], [ 12.603454, 41.9957437 ], [ 12.6030877, 41.9958531 ], [ 12.6027439, 41.996008 ], [ 12.6023378, 41.9962112 ], [ 12.6022215, 41.9962538 ], [ 12.6020684, 41.9963136 ], [ 12.6019226, 41.9963376 ], [ 12.6017633, 41.9964018 ], [ 12.6016481, 41.996494 ], [ 12.6016072, 41.9966192 ], [ 12.6015989, 41.9967586 ], [ 12.6015689, 41.9969156 ], [ 12.6015211, 41.9970632 ], [ 12.6013841, 41.9972539 ], [ 12.6012142, 41.9974395 ], [ 12.6005454, 41.9980469 ], [ 12.5997269, 41.9987052 ], [ 12.5995162, 41.9988494 ], [ 12.5993388, 41.9989132 ], [ 12.5990855, 41.9990655 ], [ 12.5987825, 41.9993384 ], [ 12.5984659, 41.9996515 ], [ 12.5980314, 41.9999666 ], [ 12.5976929, 42.0002206 ], [ 12.5971989, 42.0005931 ], [ 12.5970553, 42.0007206 ], [ 12.5968908, 42.0009198 ], [ 12.5967287, 42.0011371 ], [ 12.5966854, 42.0012442 ], [ 12.596676, 42.0013341 ], [ 12.5966535, 42.0014507 ], [ 12.5965573, 42.0015207 ], [ 12.5965145, 42.0016144 ], [ 12.5965569, 42.0016918 ], [ 12.5966587, 42.001793 ], [ 12.5968118, 42.0018953 ], [ 12.5970007, 42.0019308 ], [ 12.597554, 42.002226 ], [ 12.5978065, 42.0023349 ], [ 12.5979487, 42.0024054 ], [ 12.5981303, 42.0024722 ], [ 12.5983951, 42.0024958 ], [ 12.5986255, 42.0024691 ], [ 12.5988167, 42.0024416 ], [ 12.5989671, 42.0024537 ], [ 12.5990658, 42.0024783 ], [ 12.599159, 42.0024893 ], [ 12.5993285, 42.0025559 ], [ 12.5994148, 42.0025892 ], [ 12.5995361, 42.0026548 ], [ 12.5996215, 42.0027106 ], [ 12.5997822, 42.0027725 ], [ 12.5999479, 42.0027805 ], [ 12.6001394, 42.002825 ], [ 12.6003638, 42.0028792 ], [ 12.6005881, 42.0029334 ], [ 12.6007687, 42.0030273 ], [ 12.6010561, 42.0031729 ], [ 12.6012156, 42.0032663 ], [ 12.6013769, 42.0033912 ], [ 12.6016384, 42.0035002 ], [ 12.6018137, 42.003576 ], [ 12.602001, 42.0036519 ], [ 12.6023926, 42.0037547 ], [ 12.6026265, 42.0037956 ], [ 12.6028418, 42.0038496 ], [ 12.6030083, 42.0039161 ], [ 12.6031358, 42.0039773 ], [ 12.6032387, 42.0040515 ], [ 12.6033179, 42.0041117 ], [ 12.6034662, 42.0041824 ], [ 12.603623, 42.0042667 ], [ 12.6038713, 42.0044069 ], [ 12.6040142, 42.0045405 ], [ 12.6041164, 42.0046327 ], [ 12.6041727, 42.004742 ], [ 12.6041901, 42.0048414 ], [ 12.6042213, 42.0050537 ], [ 12.6042264, 42.0053194 ], [ 12.6042382, 42.0056484 ], [ 12.6042382, 42.0058916 ], [ 12.6041998, 42.0060303 ], [ 12.6041412, 42.0061417 ], [ 12.6039835, 42.006242 ], [ 12.6038479, 42.0064778 ], [ 12.6035907, 42.0069767 ], [ 12.6033281, 42.0075386 ], [ 12.6032776, 42.0077582 ], [ 12.6032291, 42.0079238 ], [ 12.6032128, 42.008036 ], [ 12.6032458, 42.0081223 ], [ 12.6032896, 42.0082403 ], [ 12.6033322, 42.0083942 ], [ 12.6033854, 42.0085845 ], [ 12.6034355, 42.0086981 ], [ 12.603338, 42.0088807 ], [ 12.6032064, 42.0091706 ], [ 12.6030129, 42.0095808 ], [ 12.6025823, 42.0103553 ], [ 12.6026178, 42.0103741 ], [ 12.6027128, 42.0104166 ], [ 12.602814, 42.0104547 ], [ 12.6029115, 42.0105108 ], [ 12.6030508, 42.0105813 ], [ 12.6032088, 42.0106341 ], [ 12.6033631, 42.0107049 ], [ 12.6034752, 42.0107748 ], [ 12.6035566, 42.0108575 ], [ 12.6036618, 42.0109498 ], [ 12.6037149, 42.0110634 ], [ 12.6038283, 42.0112594 ], [ 12.6039926, 42.0115465 ], [ 12.6042243, 42.0118081 ], [ 12.6043212, 42.0118821 ], [ 12.6043974, 42.0119422 ], [ 12.6044923, 42.0119893 ], [ 12.6046148, 42.0120233 ], [ 12.6047374, 42.0120529 ], [ 12.6048943, 42.0120562 ], [ 12.6050634, 42.0120552 ], [ 12.605206, 42.0120357 ], [ 12.6054244, 42.0120087 ], [ 12.6056456, 42.0119863 ], [ 12.6058479, 42.011986 ], [ 12.6060921, 42.0119956 ], [ 12.6066263, 42.0120788 ], [ 12.6067738, 42.0120909 ], [ 12.6069094, 42.0120982 ], [ 12.6069933, 42.0121135 ], [ 12.6070935, 42.0120976 ], [ 12.6071794, 42.0120633 ], [ 12.6073108, 42.0120211 ], [ 12.6074093, 42.0119691 ], [ 12.6075618, 42.0119272 ], [ 12.6078193, 42.0118245 ], [ 12.6079661, 42.0117736 ], [ 12.6080626, 42.0117756 ], [ 12.6082046, 42.011774 ], [ 12.6085279, 42.0117673 ], [ 12.608525, 42.0118437 ], [ 12.6085151, 42.0121079 ], [ 12.6085135, 42.0121497 ], [ 12.608499, 42.0127798 ], [ 12.6084855, 42.0128966 ], [ 12.6084431, 42.0129813 ], [ 12.6083853, 42.0130746 ], [ 12.6083418, 42.0131863 ], [ 12.6082394, 42.0133418 ], [ 12.6081462, 42.0134929 ], [ 12.6080778, 42.0136266 ], [ 12.608, 42.013769 ], [ 12.607745, 42.0145292 ], [ 12.6076402, 42.0147477 ], [ 12.6075873, 42.0147105 ], [ 12.6075384, 42.0146465 ], [ 12.6074384, 42.0144147 ], [ 12.6073967, 42.0143193 ], [ 12.6073645, 42.0142916 ], [ 12.6073137, 42.0142771 ], [ 12.6072591, 42.0142849 ], [ 12.6072063, 42.0143243 ], [ 12.6071654, 42.0143685 ], [ 12.6070903, 42.014439 ], [ 12.607009, 42.0145139 ], [ 12.6068611, 42.0145918 ], [ 12.6067124, 42.0146923 ], [ 12.6065923, 42.0147573 ], [ 12.6064215, 42.0148033 ], [ 12.6060849, 42.0148413 ], [ 12.6057288, 42.0149194 ], [ 12.6055613, 42.0149565 ], [ 12.6053949, 42.0149665 ], [ 12.6051918, 42.0149893 ], [ 12.6049737, 42.0150072 ], [ 12.6046047, 42.0150265 ], [ 12.6042576, 42.0150238 ], [ 12.6042904, 42.0154342 ], [ 12.6041868, 42.0167469 ], [ 12.6039964, 42.0184405 ], [ 12.6039453, 42.0189168 ], [ 12.6030341, 42.0182583 ], [ 12.6029928, 42.0182304 ], [ 12.6018157, 42.0194261 ], [ 12.6026653, 42.0199572 ], [ 12.6032937, 42.0203486 ], [ 12.6053966, 42.0213561 ], [ 12.6054797, 42.0213938 ], [ 12.6055301, 42.0214174 ], [ 12.6056237, 42.0214194 ], [ 12.6056694, 42.0214068 ], [ 12.6057219, 42.0213764 ], [ 12.6057595, 42.0213412 ], [ 12.6057972, 42.0213014 ], [ 12.6058255, 42.0212705 ], [ 12.6058539, 42.0212396 ], [ 12.6058793, 42.0212041 ], [ 12.605902, 42.021164 ], [ 12.6059241, 42.0211375 ], [ 12.605953, 42.021093 ], [ 12.6059664, 42.0210573 ], [ 12.6059888, 42.0210217 ], [ 12.6060083, 42.0209861 ], [ 12.6060375, 42.0209327 ], [ 12.6060506, 42.0209059 ], [ 12.6060737, 42.0208524 ], [ 12.6062795, 42.0204379 ], [ 12.6064106, 42.0204046 ], [ 12.606453, 42.020401 ], [ 12.6065108, 42.0203887 ], [ 12.6065963, 42.0203635 ], [ 12.6076785, 42.0200889 ], [ 12.6077701, 42.0200593 ], [ 12.607831, 42.020047 ], [ 12.6079071, 42.0200306 ], [ 12.6079951, 42.0200189 ], [ 12.6080771, 42.0200071 ], [ 12.6081739, 42.0200001 ], [ 12.6082373, 42.0200015 ], [ 12.6083037, 42.0200028 ], [ 12.6083699, 42.0200087 ], [ 12.6084119, 42.0200141 ], [ 12.608451, 42.0200194 ], [ 12.6085019, 42.0200295 ], [ 12.6085437, 42.0200439 ], [ 12.6085857, 42.0200493 ], [ 12.6086306, 42.0200592 ], [ 12.6087057, 42.0200698 ], [ 12.6087538, 42.0200753 ], [ 12.6087959, 42.0200806 ], [ 12.6088348, 42.0200905 ], [ 12.6089101, 42.0200965 ], [ 12.6089612, 42.0201021 ], [ 12.6090215, 42.0201034 ], [ 12.6090941, 42.0201004 ], [ 12.6091427, 42.0200924 ], [ 12.6091821, 42.0200887 ], [ 12.6092615, 42.0200633 ], [ 12.6100964, 42.0199411 ], [ 12.6111073, 42.0198766 ], [ 12.6114386, 42.0199781 ], [ 12.6123244, 42.0203523 ], [ 12.6124075, 42.02039 ], [ 12.6124937, 42.0204278 ], [ 12.6125619, 42.0204608 ], [ 12.6126271, 42.0204937 ], [ 12.6127307, 42.0205498 ], [ 12.6127868, 42.0205825 ], [ 12.6128362, 42.0206331 ], [ 12.6128679, 42.0206743 ], [ 12.6129329, 42.0207927 ], [ 12.6129522, 42.0208426 ], [ 12.6129788, 42.0209377 ], [ 12.6129944, 42.0210056 ], [ 12.6129987, 42.0211318 ], [ 12.6130044, 42.021222 ], [ 12.6130024, 42.021357 ], [ 12.6130005, 42.0214876 ], [ 12.6129951, 42.0215505 ], [ 12.6129934, 42.0216765 ], [ 12.6129923, 42.0217891 ], [ 12.6129902, 42.0218431 ], [ 12.6129823, 42.0219735 ], [ 12.6129684, 42.0221038 ], [ 12.6129551, 42.0222161 ], [ 12.6129223, 42.0223685 ], [ 12.6128932, 42.0224985 ], [ 12.6128684, 42.0226781 ], [ 12.6128573, 42.0228129 ], [ 12.6128481, 42.0228983 ], [ 12.6128507, 42.0229884 ], [ 12.6128564, 42.0230786 ], [ 12.6128566, 42.0232362 ], [ 12.6128688, 42.023394 ], [ 12.6128644, 42.023511 ], [ 12.6128637, 42.0236101 ], [ 12.6128567, 42.023718 ], [ 12.6128506, 42.0237989 ], [ 12.6128536, 42.02388 ], [ 12.6128687, 42.0239614 ], [ 12.612899, 42.0241196 ], [ 12.6128943, 42.0242456 ], [ 12.6128899, 42.0243626 ], [ 12.6128721, 42.0244343 ], [ 12.6128681, 42.0244612 ], [ 12.6128721, 42.0245153 ], [ 12.6128734, 42.0245604 ], [ 12.6128994, 42.0246735 ], [ 12.6129136, 42.0247773 ], [ 12.6129312, 42.0248723 ], [ 12.6129285, 42.0249037 ], [ 12.6129684, 42.0249271 ], [ 12.6129803, 42.0250129 ], [ 12.6129924, 42.0250942 ], [ 12.6130099, 42.0251891 ], [ 12.6130225, 42.0252569 ], [ 12.6130325, 42.0253112 ], [ 12.6130418, 42.0253879 ], [ 12.6130444, 42.025478 ], [ 12.6130387, 42.0255499 ], [ 12.6130068, 42.0259996 ], [ 12.6131071, 42.0267086 ], [ 12.6147655, 42.0294358 ], [ 12.6146748, 42.0294384 ], [ 12.6146049, 42.0294372 ], [ 12.6146077, 42.0294681 ], [ 12.6148171, 42.0294646 ], [ 12.614773, 42.0296697 ], [ 12.6134694, 42.029778 ], [ 12.6124613, 42.0299178 ], [ 12.6105785, 42.0301932 ], [ 12.6090192, 42.0305575 ], [ 12.6077837, 42.0309746 ], [ 12.6066274, 42.0315378 ], [ 12.605612, 42.032191 ], [ 12.6048282, 42.0331477 ], [ 12.604004, 42.0338309 ], [ 12.6035323, 42.034079 ], [ 12.6033758, 42.0341613 ], [ 12.6032065, 42.0342615 ], [ 12.6028937, 42.0344466 ], [ 12.6026456, 42.0345046 ], [ 12.6024928, 42.0345403 ], [ 12.6020599, 42.0347745 ], [ 12.6015489, 42.0351676 ], [ 12.6014495, 42.035244 ], [ 12.6014008, 42.0352815 ], [ 12.6009618, 42.0355271 ], [ 12.6007957, 42.0356201 ], [ 12.6001922, 42.0359903 ], [ 12.5995095, 42.0364124 ], [ 12.5993239, 42.0365355 ], [ 12.5984689, 42.0371024 ], [ 12.5978643, 42.0374409 ], [ 12.5978044, 42.0374745 ], [ 12.5974943, 42.0376508 ], [ 12.5963296, 42.0382186 ], [ 12.5961519, 42.0383052 ], [ 12.5949952, 42.0385711 ], [ 12.5944091, 42.0389308 ], [ 12.5941911, 42.0390646 ], [ 12.5927696, 42.0399106 ], [ 12.5918022, 42.040296 ], [ 12.5917027, 42.0403357 ], [ 12.5907116, 42.0407907 ], [ 12.5903868, 42.0409397 ], [ 12.5902059, 42.0410346 ], [ 12.5898729, 42.0412092 ], [ 12.5893638, 42.041476 ], [ 12.5883574, 42.0422009 ], [ 12.588333, 42.0422281 ], [ 12.5880996, 42.0424885 ], [ 12.5876265, 42.0430162 ], [ 12.5868527, 42.0436752 ], [ 12.5862687, 42.0440852 ], [ 12.5857112, 42.0444809 ], [ 12.5846301, 42.0452486 ], [ 12.5835332, 42.0458411 ], [ 12.5826193, 42.0463605 ], [ 12.5819472, 42.0468677 ], [ 12.58133, 42.0475218 ], [ 12.5809546, 42.0478938 ], [ 12.5809122, 42.0480259 ], [ 12.580852, 42.0482138 ], [ 12.5806938, 42.0487078 ], [ 12.580456, 42.0498633 ], [ 12.5803738, 42.0501099 ], [ 12.5803074, 42.0503092 ], [ 12.58021, 42.0506049 ], [ 12.579763, 42.0512192 ], [ 12.5796233, 42.0514112 ], [ 12.5794264, 42.051872 ], [ 12.5792788, 42.0522143 ], [ 12.5792092, 42.0527457 ], [ 12.5791953, 42.0528518 ], [ 12.5792533, 42.0535208 ], [ 12.5793972, 42.0540198 ], [ 12.5794888, 42.0543374 ], [ 12.5795228, 42.0544199 ], [ 12.5796924, 42.0548308 ], [ 12.579744, 42.0549552 ], [ 12.5795177, 42.055444 ], [ 12.5788448, 42.0551961 ], [ 12.5782654, 42.0549826 ], [ 12.5776701, 42.0547633 ], [ 12.577454, 42.05468 ], [ 12.5770966, 42.0545426 ], [ 12.5770564, 42.0545803 ], [ 12.5766891, 42.0549245 ], [ 12.5765867, 42.0550223 ], [ 12.576091, 42.0556771 ], [ 12.5754321, 42.0564495 ], [ 12.5749678, 42.0566801 ], [ 12.5746439, 42.0568433 ], [ 12.5742889, 42.0569624 ], [ 12.5734818, 42.0572082 ], [ 12.5713092, 42.0581474 ], [ 12.5703615, 42.0585571 ], [ 12.5701453, 42.0607475 ], [ 12.568346, 42.0613213 ], [ 12.5686828, 42.0619951 ], [ 12.5686028, 42.0620494 ], [ 12.5683976, 42.0621886 ], [ 12.567732, 42.0625335 ], [ 12.5666956, 42.06307 ], [ 12.5651777, 42.063599 ], [ 12.5663445, 42.0655327 ], [ 12.5659779, 42.0655819 ], [ 12.5656253, 42.0656375 ], [ 12.5650595, 42.0658146 ], [ 12.5644205, 42.0660892 ], [ 12.5640493, 42.0663155 ], [ 12.5637187, 42.0665066 ], [ 12.5633217, 42.0668539 ], [ 12.5629089, 42.0672188 ], [ 12.5625512, 42.0676435 ], [ 12.5622096, 42.0681991 ], [ 12.5620751, 42.0687141 ], [ 12.562034, 42.0690779 ], [ 12.5620279, 42.0704196 ], [ 12.5620341, 42.0705728 ], [ 12.5620756, 42.070988 ], [ 12.5624098, 42.0722829 ], [ 12.5626997, 42.0731581 ], [ 12.5633608, 42.0749913 ], [ 12.5633923, 42.075037 ], [ 12.5634207, 42.0750826 ], [ 12.5634522, 42.0751283 ], [ 12.5634777, 42.0751739 ], [ 12.563503, 42.075224 ], [ 12.5635254, 42.0752695 ], [ 12.5635477, 42.0753195 ], [ 12.5635671, 42.0753649 ], [ 12.5635863, 42.0754148 ], [ 12.5636025, 42.0754647 ], [ 12.5636158, 42.0755145 ], [ 12.5636289, 42.0755643 ], [ 12.5636391, 42.0756141 ], [ 12.5636463, 42.0756638 ], [ 12.5636535, 42.0757135 ], [ 12.5636574, 42.0757676 ], [ 12.5636616, 42.0758172 ], [ 12.5636627, 42.0758667 ], [ 12.5636608, 42.0759162 ], [ 12.5636588, 42.0759702 ], [ 12.5636538, 42.0760197 ], [ 12.5636459, 42.076069 ], [ 12.5636378, 42.0761229 ], [ 12.5636268, 42.0761722 ], [ 12.5636129, 42.0762214 ], [ 12.5635989, 42.0762706 ], [ 12.5635819, 42.0763198 ], [ 12.5635649, 42.076369 ], [ 12.5635449, 42.0764181 ], [ 12.5635219, 42.0764671 ], [ 12.563499, 42.0765117 ], [ 12.563473, 42.0765607 ], [ 12.5634441, 42.0766051 ], [ 12.563415, 42.076654 ], [ 12.5633831, 42.0766983 ], [ 12.5633512, 42.0767427 ], [ 12.5633162, 42.076787 ], [ 12.5632815, 42.0768268 ], [ 12.5632435, 42.076871 ], [ 12.5632057, 42.0769107 ], [ 12.5631647, 42.0769549 ], [ 12.5631209, 42.0769944 ], [ 12.5630771, 42.077034 ], [ 12.5630334, 42.0770691 ], [ 12.5629866, 42.0771087 ], [ 12.5629369, 42.0771436 ], [ 12.5628872, 42.0771786 ], [ 12.5628375, 42.0772136 ], [ 12.562785, 42.077244 ], [ 12.5627324, 42.0772744 ], [ 12.5626769, 42.0773047 ], [ 12.5626213, 42.0773351 ], [ 12.5625658, 42.0773654 ], [ 12.5625074, 42.0773912 ], [ 12.562449, 42.0774169 ], [ 12.5623906, 42.0774427 ], [ 12.5623293, 42.0774639 ], [ 12.562268, 42.0774851 ], [ 12.5622038, 42.0775063 ], [ 12.5621425, 42.0775275 ], [ 12.5620784, 42.0775442 ], [ 12.5620143, 42.0775608 ], [ 12.5619502, 42.0775775 ], [ 12.5618833, 42.0775895 ], [ 12.5618163, 42.0776016 ], [ 12.5617524, 42.0776138 ], [ 12.5616824, 42.0776258 ], [ 12.5616157, 42.0776334 ], [ 12.5615489, 42.077641 ], [ 12.5614823, 42.077644 ], [ 12.5614126, 42.0776471 ], [ 12.561346, 42.0776502 ], [ 12.5612764, 42.0776532 ], [ 12.5608848, 42.0776989 ], [ 12.5606456, 42.0777118 ], [ 12.5601704, 42.0776522 ], [ 12.560113, 42.077651 ], [ 12.5600528, 42.0776452 ], [ 12.5599924, 42.0776439 ], [ 12.5599352, 42.0776382 ], [ 12.5598748, 42.0776369 ], [ 12.5598176, 42.0776312 ], [ 12.5597574, 42.0776254 ], [ 12.5597002, 42.0776197 ], [ 12.55964, 42.0776139 ], [ 12.5595828, 42.0776082 ], [ 12.5595226, 42.0776024 ], [ 12.5594654, 42.0775966 ], [ 12.5594051, 42.0775909 ], [ 12.5593481, 42.0775806 ], [ 12.5592879, 42.0775749 ], [ 12.5592309, 42.0775646 ], [ 12.5591706, 42.0775589 ], [ 12.5591136, 42.0775486 ], [ 12.5590566, 42.0775384 ], [ 12.5589996, 42.0775282 ], [ 12.5589394, 42.0775224 ], [ 12.5588823, 42.0775122 ], [ 12.5588255, 42.0774975 ], [ 12.5587684, 42.0774873 ], [ 12.5587114, 42.077477 ], [ 12.5586514, 42.0774667 ], [ 12.5585945, 42.077452 ], [ 12.5585375, 42.0774418 ], [ 12.5584806, 42.0774271 ], [ 12.5584266, 42.0774169 ], [ 12.5583698, 42.0774022 ], [ 12.5583129, 42.0773875 ], [ 12.5582559, 42.0773773 ], [ 12.558199, 42.0773626 ], [ 12.5581452, 42.0773479 ], [ 12.5580883, 42.0773332 ], [ 12.5580317, 42.077314 ], [ 12.5579778, 42.0772993 ], [ 12.557921, 42.0772846 ], [ 12.5578673, 42.0772654 ], [ 12.5578105, 42.0772507 ], [ 12.5577566, 42.0772361 ], [ 12.557703, 42.0772169 ], [ 12.5576493, 42.0771978 ], [ 12.5575956, 42.0771786 ], [ 12.5575388, 42.0771639 ], [ 12.5574851, 42.0771447 ], [ 12.5574315, 42.0771256 ], [ 12.5573808, 42.0771065 ], [ 12.5573272, 42.0770873 ], [ 12.5572737, 42.0770637 ], [ 12.55722, 42.0770445 ], [ 12.5571694, 42.0770254 ], [ 12.5571159, 42.0770018 ], [ 12.5570652, 42.0769827 ], [ 12.5570117, 42.076959 ], [ 12.5569611, 42.07694 ], [ 12.5569106, 42.0769164 ], [ 12.5568602, 42.0768928 ], [ 12.5568065, 42.0768736 ], [ 12.556756, 42.07685 ], [ 12.5567056, 42.0768264 ], [ 12.5566581, 42.0768029 ], [ 12.5566076, 42.0767793 ], [ 12.5565574, 42.0767512 ], [ 12.5565099, 42.0767277 ], [ 12.5564594, 42.0767041 ], [ 12.556412, 42.0766806 ], [ 12.5563617, 42.0766525 ], [ 12.5563142, 42.076629 ], [ 12.556267, 42.076601 ], [ 12.5562197, 42.0765729 ], [ 12.5561722, 42.0765494 ], [ 12.556125, 42.0765214 ], [ 12.5560777, 42.0764934 ], [ 12.5560304, 42.0764653 ], [ 12.5559862, 42.0764374 ], [ 12.5559389, 42.0764094 ], [ 12.5558946, 42.0763814 ], [ 12.5558504, 42.0763534 ], [ 12.5558031, 42.0763254 ], [ 12.552977, 42.0740588 ], [ 12.5517757, 42.0732361 ], [ 12.5515552, 42.0731549 ], [ 12.5514808, 42.0731263 ], [ 12.5510346, 42.0730987 ], [ 12.5492605, 42.0730293 ], [ 12.5474249, 42.0729856 ], [ 12.5473711, 42.0732051 ], [ 12.5472981, 42.0733746 ], [ 12.5471784, 42.0738133 ], [ 12.5470601, 42.0739819 ], [ 12.5469015, 42.0743342 ], [ 12.546671, 42.0747481 ], [ 12.546582, 42.0750974 ], [ 12.5464943, 42.0754918 ], [ 12.5464547, 42.0758917 ], [ 12.5463576, 42.0762138 ], [ 12.5461565, 42.0764932 ], [ 12.5450824, 42.076997 ], [ 12.5446483, 42.0772039 ], [ 12.544601, 42.0771758 ], [ 12.5444713, 42.077092 ], [ 12.544303, 42.0769893 ], [ 12.5441553, 42.0769006 ], [ 12.544064, 42.0768401 ], [ 12.5439726, 42.0767796 ], [ 12.5438175, 42.0767268 ], [ 12.5436685, 42.076674 ], [ 12.543514, 42.0766032 ], [ 12.5433747, 42.0765327 ], [ 12.5427704, 42.076218 ], [ 12.5410631, 42.0752764 ], [ 12.5399288, 42.0747568 ], [ 12.5388716, 42.0740406 ], [ 12.5384198, 42.0731439 ], [ 12.5381464, 42.0728501 ], [ 12.5373724, 42.0720182 ], [ 12.5373376, 42.0719814 ], [ 12.537296, 42.0719625 ], [ 12.5369785, 42.0718116 ], [ 12.5369745, 42.0719151 ], [ 12.5368407, 42.0718582 ], [ 12.5367025, 42.0717607 ], [ 12.5365085, 42.071698 ], [ 12.53635, 42.071654 ], [ 12.5361797, 42.0716054 ], [ 12.5359797, 42.0715425 ], [ 12.5357645, 42.0714794 ], [ 12.5356069, 42.0714129 ], [ 12.5355121, 42.0713659 ], [ 12.5354122, 42.0712917 ], [ 12.5353578, 42.0712705 ], [ 12.5352902, 42.071244 ], [ 12.5351824, 42.0711382 ], [ 12.5350934, 42.0710192 ], [ 12.535013, 42.0708328 ], [ 12.534945, 42.0706377 ], [ 12.5348377, 42.0703653 ], [ 12.5347324, 42.0701198 ], [ 12.5346307, 42.0698565 ], [ 12.534534, 42.0696248 ], [ 12.5344496, 42.0693843 ], [ 12.5343736, 42.069162 ], [ 12.534251, 42.0688172 ], [ 12.5341923, 42.0686944 ], [ 12.5340811, 42.0684443 ], [ 12.5339929, 42.0682263 ], [ 12.5338921, 42.0679404 ], [ 12.5338333, 42.0678221 ], [ 12.5338105, 42.0677573 ], [ 12.5337679, 42.0676361 ], [ 12.53375, 42.067397 ], [ 12.5337442, 42.0671583 ], [ 12.5337575, 42.0669694 ], [ 12.5338011, 42.0667812 ], [ 12.5338544, 42.0666518 ], [ 12.5338967, 42.0664951 ], [ 12.5339408, 42.0662935 ], [ 12.5339644, 42.0662309 ], [ 12.5339343, 42.0661492 ], [ 12.5338906, 42.0661078 ], [ 12.5338026, 42.0660383 ], [ 12.5336843, 42.0659727 ], [ 12.5335619, 42.0659341 ], [ 12.5333746, 42.0659346 ], [ 12.5332187, 42.0659807 ], [ 12.5330497, 42.0660536 ], [ 12.5329347, 42.0661367 ], [ 12.5328109, 42.0662106 ], [ 12.5326226, 42.0662381 ], [ 12.5324842, 42.0662216 ], [ 12.5324217, 42.0662743 ], [ 12.5323208, 42.0663847 ], [ 12.5321985, 42.0664991 ], [ 12.5320262, 42.0667341 ], [ 12.5320008, 42.066765 ], [ 12.531893, 42.0668978 ], [ 12.5318174, 42.0669772 ], [ 12.5317242, 42.067081 ], [ 12.5316153, 42.0672025 ], [ 12.5315312, 42.0673448 ], [ 12.5313921, 42.0675039 ], [ 12.5311759, 42.0677019 ], [ 12.5309507, 42.0678997 ], [ 12.5307164, 42.0680973 ], [ 12.5304796, 42.0682813 ], [ 12.5302341, 42.0684561 ], [ 12.5301123, 42.068533 ], [ 12.5299925, 42.0686085 ], [ 12.5297756, 42.0687479 ], [ 12.529506, 42.0689222 ], [ 12.5292274, 42.0690918 ], [ 12.5290077, 42.0692267 ], [ 12.5288176, 42.0693757 ], [ 12.5284006, 42.0696098 ], [ 12.5280604, 42.0698096 ], [ 12.5278311, 42.0699578 ], [ 12.5275618, 42.0701231 ], [ 12.5274103, 42.0702099 ], [ 12.5271877, 42.0703402 ], [ 12.5269592, 42.0704658 ], [ 12.526686, 42.070577 ], [ 12.527286, 42.0709997 ], [ 12.5272227, 42.0711514 ], [ 12.5270198, 42.0713947 ], [ 12.5268017, 42.0715656 ], [ 12.5265419, 42.0717176 ], [ 12.5263064, 42.0718701 ], [ 12.526106, 42.0720504 ], [ 12.525953, 42.0721777 ], [ 12.52577, 42.0721422 ], [ 12.5255772, 42.072048 ], [ 12.5254692, 42.0719511 ], [ 12.5253906, 42.0717963 ], [ 12.5254056, 42.0716436 ], [ 12.5253739, 42.0714493 ], [ 12.525324, 42.071178 ], [ 12.5253024, 42.0709569 ], [ 12.5252697, 42.0707086 ], [ 12.5251738, 42.0704543 ], [ 12.5251324, 42.0702778 ], [ 12.5250927, 42.0701329 ], [ 12.5249647, 42.070004 ], [ 12.5247348, 42.069855 ], [ 12.5244929, 42.0697057 ], [ 12.5242945, 42.0694447 ], [ 12.5241969, 42.0692355 ], [ 12.5240502, 42.0688901 ], [ 12.5239568, 42.0686495 ], [ 12.5238298, 42.0683405 ], [ 12.523684, 42.0681257 ], [ 12.5235198, 42.067843 ], [ 12.5233575, 42.0675874 ], [ 12.5232111, 42.0673906 ], [ 12.523033, 42.0672291 ], [ 12.5229007, 42.0671362 ], [ 12.5227848, 42.0670076 ], [ 12.5226535, 42.0668877 ], [ 12.5225513, 42.0667189 ], [ 12.5225752, 42.0665708 ], [ 12.5225735, 42.0663817 ], [ 12.5225373, 42.0662233 ], [ 12.5224538, 42.0663521 ], [ 12.5222097, 42.0665675 ], [ 12.5219362, 42.0667642 ], [ 12.5216108, 42.0669733 ], [ 12.5213433, 42.0671701 ], [ 12.5210116, 42.0673836 ], [ 12.5206642, 42.0675382 ], [ 12.5203228, 42.0676929 ], [ 12.5201946, 42.0678027 ], [ 12.519916, 42.0678957 ], [ 12.5197303, 42.0679322 ], [ 12.5195879, 42.0679427 ], [ 12.5194098, 42.0680154 ], [ 12.5190518, 42.0681292 ], [ 12.5188354, 42.0681786 ], [ 12.5186232, 42.0681965 ], [ 12.5183312, 42.0681676 ], [ 12.5181481, 42.0682132 ], [ 12.5179677, 42.0683444 ], [ 12.5178037, 42.0684444 ], [ 12.5175491, 42.0685425 ], [ 12.5173678, 42.0686196 ], [ 12.5170874, 42.0686811 ], [ 12.5168118, 42.0686976 ], [ 12.5165311, 42.0687681 ], [ 12.5163469, 42.0688406 ], [ 12.5160787, 42.0690555 ], [ 12.5160377, 42.0690975 ], [ 12.515915, 42.069223 ], [ 12.5157588, 42.0693547 ], [ 12.5154973, 42.0695517 ], [ 12.5152226, 42.0696988 ], [ 12.5150064, 42.0698202 ], [ 12.5147225, 42.0699717 ], [ 12.5144652, 42.0700607 ], [ 12.5142636, 42.0701148 ], [ 12.5141147, 42.0701386 ], [ 12.5137969, 42.0701497 ], [ 12.5135453, 42.0701713 ], [ 12.5133416, 42.0701264 ], [ 12.5131322, 42.0700723 ], [ 12.5129221, 42.0700362 ], [ 12.5126759, 42.0699949 ], [ 12.512358, 42.0699339 ], [ 12.5121449, 42.0698978 ], [ 12.5118955, 42.0698609 ], [ 12.5114945, 42.0698387 ], [ 12.5113149, 42.0697942 ], [ 12.5110258, 42.0697699 ], [ 12.5106967, 42.0697628 ], [ 12.5104429, 42.0697618 ], [ 12.5101801, 42.0697606 ], [ 12.5098546, 42.06974 ], [ 12.5096738, 42.0697271 ], [ 12.5093831, 42.0697433 ], [ 12.509092, 42.0697685 ], [ 12.5088963, 42.0697663 ], [ 12.5086631, 42.0697637 ], [ 12.5085113, 42.0697829 ], [ 12.5083383, 42.0698016 ], [ 12.5080884, 42.0698547 ], [ 12.5079721, 42.0698928 ], [ 12.5078468, 42.0699305 ], [ 12.5075422, 42.0699149 ], [ 12.507272, 42.069792 ], [ 12.507148, 42.0696407 ], [ 12.5069954, 42.0695248 ], [ 12.506898, 42.0694858 ], [ 12.5067693, 42.0694343 ], [ 12.5064828, 42.0693426 ], [ 12.5062013, 42.0692779 ], [ 12.5059104, 42.069222 ], [ 12.505579, 42.0691968 ], [ 12.5053682, 42.0691787 ], [ 12.5049797, 42.0692243 ], [ 12.5046176, 42.0692885 ], [ 12.5043608, 42.0692109 ], [ 12.504189, 42.0691216 ], [ 12.5039659, 42.0690311 ], [ 12.5036949, 42.0689307 ], [ 12.5034178, 42.0688301 ], [ 12.5030694, 42.0686244 ], [ 12.5028523, 42.0685341 ], [ 12.5026054, 42.0684342 ], [ 12.5022392, 42.0682956 ], [ 12.5019568, 42.0681769 ], [ 12.5015727, 42.0680335 ], [ 12.5012011, 42.0678768 ], [ 12.5008591, 42.0677387 ], [ 12.5006422, 42.0676439 ], [ 12.5004371, 42.0675584 ], [ 12.5002051, 42.0674633 ], [ 12.499832, 42.0673471 ], [ 12.4994814, 42.0672719 ], [ 12.499263, 42.0672176 ], [ 12.498935, 42.0671069 ], [ 12.4986883, 42.0670025 ], [ 12.4985439, 42.0669093 ], [ 12.4983077, 42.066769 ], [ 12.4981105, 42.0665576 ], [ 12.4979334, 42.0664502 ], [ 12.4976438, 42.0664394 ], [ 12.4975321, 42.0664369 ], [ 12.4971446, 42.0663789 ], [ 12.4969144, 42.0663154 ], [ 12.4966252, 42.0662956 ], [ 12.4963709, 42.0662315 ], [ 12.4962219, 42.0661787 ], [ 12.4961133, 42.0659422 ], [ 12.4960657, 42.0658466 ], [ 12.4960962, 42.0656851 ], [ 12.4961195, 42.0654785 ], [ 12.4961209, 42.0652894 ], [ 12.4960906, 42.0651357 ], [ 12.4960379, 42.0649409 ], [ 12.4959576, 42.0647545 ], [ 12.4958746, 42.0645591 ], [ 12.4958249, 42.0644409 ], [ 12.496347, 42.0624576 ], [ 12.4962465, 42.0621717 ], [ 12.4962372, 42.0620995 ], [ 12.4962823, 42.0620284 ], [ 12.4964167, 42.0619143 ], [ 12.4964833, 42.0618347 ], [ 12.496441, 42.0617572 ], [ 12.4963756, 42.0616522 ], [ 12.4963731, 42.0615621 ], [ 12.4964175, 42.0614325 ], [ 12.4964766, 42.0613122 ], [ 12.4965008, 42.0612362 ], [ 12.4964901, 42.0611234 ], [ 12.4964098, 42.0610136 ], [ 12.4963038, 42.0607906 ], [ 12.4962672, 42.0605692 ], [ 12.4962572, 42.0603618 ], [ 12.4962644, 42.0601774 ], [ 12.4962671, 42.0600333 ], [ 12.4961662, 42.059833 ], [ 12.4960894, 42.0596332 ], [ 12.496059, 42.059484 ], [ 12.4960491, 42.0593532 ], [ 12.4960768, 42.0591872 ], [ 12.4960114, 42.0589291 ], [ 12.4959655, 42.0587119 ], [ 12.4958908, 42.0585807 ], [ 12.4958724, 42.0580107 ], [ 12.4958863, 42.0576815 ], [ 12.4959394, 42.0574845 ], [ 12.4959199, 42.0572468 ], [ 12.4958467, 42.0570775 ], [ 12.4958791, 42.0568526 ], [ 12.4958779, 42.0567144 ], [ 12.4943075, 42.0566432 ], [ 12.4942312, 42.0568837 ], [ 12.4941253, 42.0571681 ], [ 12.4940296, 42.0574045 ], [ 12.493957, 42.0576234 ], [ 12.4939103, 42.0578115 ], [ 12.4938853, 42.0579866 ], [ 12.4938918, 42.0582839 ], [ 12.4938329, 42.0589355 ], [ 12.4938631, 42.0592424 ], [ 12.4938574, 42.0593872 ], [ 12.4938534, 42.0594898 ], [ 12.4938694, 42.0597738 ], [ 12.4938584, 42.0599762 ], [ 12.4938524, 42.0601292 ], [ 12.4938591, 42.0601879 ], [ 12.4938787, 42.0603819 ], [ 12.4939293, 42.0605541 ], [ 12.4939499, 42.0606447 ], [ 12.4939945, 42.0608167 ], [ 12.4940052, 42.0610061 ], [ 12.4940194, 42.0612586 ], [ 12.494006, 42.0615239 ], [ 12.4940145, 42.0618438 ], [ 12.494016, 42.0618844 ], [ 12.4940168, 42.0621701 ], [ 12.4940407, 42.0624072 ], [ 12.4940285, 42.0625646 ], [ 12.4940116, 42.0626858 ], [ 12.4939589, 42.0627972 ], [ 12.4939246, 42.0629 ], [ 12.4938921, 42.0629578 ], [ 12.4938371, 42.0630512 ], [ 12.4937842, 42.0631671 ], [ 12.4937624, 42.0632612 ], [ 12.4937208, 42.0633954 ], [ 12.4936612, 42.0635291 ], [ 12.4936276, 42.0636905 ], [ 12.4935829, 42.0638291 ], [ 12.4935309, 42.0639991 ], [ 12.4934934, 42.0641063 ], [ 12.4934276, 42.0642445 ], [ 12.4933239, 42.0644223 ], [ 12.4932623, 42.0645291 ], [ 12.4931373, 42.0647109 ], [ 12.4930862, 42.0647819 ], [ 12.4929549, 42.0649681 ], [ 12.4929097, 42.0650437 ], [ 12.4928575, 42.0651416 ], [ 12.492795, 42.0651943 ], [ 12.4927174, 42.0653231 ], [ 12.4926591, 42.0654209 ], [ 12.4924605, 42.0656327 ], [ 12.4923525, 42.0656889 ], [ 12.492157, 42.0658197 ], [ 12.4918656, 42.066007 ], [ 12.4916727, 42.0661468 ], [ 12.4914458, 42.0663085 ], [ 12.4912084, 42.0665059 ], [ 12.491018, 42.0666593 ], [ 12.4908462, 42.0668042 ], [ 12.4906096, 42.0669791 ], [ 12.4904447, 42.0671016 ], [ 12.490272, 42.0672045 ], [ 12.4902188, 42.0672362 ], [ 12.4900567, 42.0673633 ], [ 12.4898988, 42.0674589 ], [ 12.4897162, 42.0675674 ], [ 12.4895449, 42.0676988 ], [ 12.4893648, 42.0678209 ], [ 12.4892062, 42.0679345 ], [ 12.4891068, 42.0680044 ], [ 12.4889754, 42.0681186 ], [ 12.4888436, 42.0682418 ], [ 12.4887125, 42.068347 ], [ 12.4886035, 42.0684301 ], [ 12.4884412, 42.0685617 ], [ 12.488329, 42.0686493 ], [ 12.4882478, 42.068715 ], [ 12.4881008, 42.0686127 ], [ 12.4880203, 42.068584 ], [ 12.4879248, 42.0685548 ], [ 12.4878102, 42.0685478 ], [ 12.4876854, 42.0685721 ], [ 12.4875126, 42.0686629 ], [ 12.48743, 42.0687646 ], [ 12.4873476, 42.0688619 ], [ 12.4873103, 42.0689647 ], [ 12.487294, 42.0691489 ], [ 12.4873515, 42.0692988 ], [ 12.487383, 42.069421 ], [ 12.4874458, 42.0695125 ], [ 12.4875039, 42.0695723 ], [ 12.4875648, 42.0696366 ], [ 12.4875439, 42.0697082 ], [ 12.4874339, 42.0698139 ], [ 12.487343, 42.0698974 ], [ 12.4872052, 42.0700205 ], [ 12.4870477, 42.0701837 ], [ 12.4869589, 42.0702898 ], [ 12.486841, 42.0704448 ], [ 12.4867708, 42.0705378 ], [ 12.4866799, 42.0706979 ], [ 12.4866724, 42.0708103 ], [ 12.486665, 42.0709993 ], [ 12.4866108, 42.0711467 ], [ 12.4865305, 42.0712665 ], [ 12.4864467, 42.0713998 ], [ 12.4863945, 42.0714977 ], [ 12.4863123, 42.071667 ], [ 12.486265, 42.0718686 ], [ 12.4862446, 42.0720797 ], [ 12.4862417, 42.0723048 ], [ 12.486243, 42.072503 ], [ 12.4862558, 42.0727149 ], [ 12.4862433, 42.0728002 ], [ 12.4862439, 42.0729398 ], [ 12.4862046, 42.073092 ], [ 12.4860767, 42.0731928 ], [ 12.4859297, 42.0732436 ], [ 12.4857585, 42.0732938 ], [ 12.4856216, 42.0733179 ], [ 12.4854141, 42.0733674 ], [ 12.4852878, 42.0734276 ], [ 12.4852056, 42.0735204 ], [ 12.4851049, 42.0736217 ], [ 12.4849627, 42.0737807 ], [ 12.4848044, 42.0739619 ], [ 12.4846534, 42.0741116 ], [ 12.4845422, 42.0742488 ], [ 12.4844499, 42.0743683 ], [ 12.4843151, 42.0744915 ], [ 12.4841971, 42.0746465 ], [ 12.4840515, 42.0748144 ], [ 12.4839096, 42.0749644 ], [ 12.4838202, 42.075084 ], [ 12.4837046, 42.075257 ], [ 12.4836014, 42.0754214 ], [ 12.4835575, 42.0755375 ], [ 12.4834794, 42.0756799 ], [ 12.4833833, 42.0758174 ], [ 12.4832739, 42.0759095 ], [ 12.4832037, 42.075926 ], [ 12.4830715, 42.0759336 ], [ 12.4829577, 42.0759566 ], [ 12.4828309, 42.0759538 ], [ 12.4826826, 42.0759596 ], [ 12.4824802, 42.0759596 ], [ 12.4822697, 42.0759325 ], [ 12.48214, 42.0759252 ], [ 12.4819431, 42.0759388 ], [ 12.4817344, 42.0759433 ], [ 12.4815101, 42.0759608 ], [ 12.4813316, 42.0759659 ], [ 12.4811348, 42.0759751 ], [ 12.4809506, 42.0759711 ], [ 12.4807828, 42.0759359 ], [ 12.4806151, 42.0758962 ], [ 12.4804783, 42.0758391 ], [ 12.480373, 42.0757513 ], [ 12.4802194, 42.0756623 ], [ 12.4800621, 42.0755913 ], [ 12.4799425, 42.0755572 ], [ 12.4797653, 42.0755308 ], [ 12.4795514, 42.0755126 ], [ 12.479355, 42.0755128 ], [ 12.4791872, 42.0755541 ], [ 12.479036, 42.0755553 ], [ 12.478868, 42.0755246 ], [ 12.4786528, 42.0754658 ], [ 12.4785189, 42.0754133 ], [ 12.4783713, 42.0753245 ], [ 12.4782503, 42.0752498 ], [ 12.4780758, 42.0751559 ], [ 12.4779007, 42.0750755 ], [ 12.4778023, 42.0750419 ], [ 12.4776531, 42.0749935 ], [ 12.477513, 42.0749454 ], [ 12.4774114, 42.0749162 ], [ 12.4771075, 42.0748825 ], [ 12.4769231, 42.0748829 ], [ 12.4766411, 42.0748317 ], [ 12.4765449, 42.0748206 ], [ 12.4763116, 42.0748053 ], [ 12.476221, 42.0741289 ], [ 12.4763877, 42.0729892 ], [ 12.4765657, 42.0721554 ], [ 12.4769969, 42.0716695 ], [ 12.4777467, 42.0707238 ], [ 12.4787449, 42.0702208 ], [ 12.479645, 42.0698017 ], [ 12.4801179, 42.0691255 ], [ 12.4803144, 42.068147 ], [ 12.4804011, 42.0679143 ], [ 12.4805858, 42.0674184 ], [ 12.4809474, 42.0668221 ], [ 12.4812227, 42.0665661 ], [ 12.4815793, 42.0664022 ], [ 12.4820378, 42.0661407 ], [ 12.4821657, 42.0659387 ], [ 12.4824968, 42.0655144 ], [ 12.4826903, 42.0648962 ], [ 12.4828524, 42.0644771 ], [ 12.4829118, 42.0642096 ], [ 12.4827852, 42.0637182 ], [ 12.4825426, 42.0631357 ], [ 12.4823608, 42.0630066 ], [ 12.4823949, 42.0625866 ], [ 12.4823885, 42.0621884 ], [ 12.4821808, 42.0619958 ], [ 12.4818516, 42.0619891 ], [ 12.4815687, 42.0619809 ], [ 12.4807351, 42.0619249 ], [ 12.4802753, 42.0617855 ], [ 12.480246, 42.0616477 ], [ 12.4802289, 42.0612574 ], [ 12.4802101, 42.0610765 ], [ 12.4792141, 42.0610179 ], [ 12.4782356, 42.0609585 ], [ 12.4768486, 42.0609948 ], [ 12.47615, 42.0611145 ], [ 12.4747674, 42.0615313 ], [ 12.4743165, 42.0615861 ], [ 12.4726599, 42.0616097 ], [ 12.4710542, 42.0616376 ], [ 12.4695421, 42.0615899 ], [ 12.4683285, 42.0615489 ], [ 12.4671958, 42.0615081 ], [ 12.4661832, 42.0614198 ], [ 12.464464, 42.0613344 ], [ 12.4635829, 42.0613519 ], [ 12.4628949, 42.0615046 ], [ 12.4621126, 42.0613337 ], [ 12.4618103, 42.0612741 ], [ 12.461462, 42.0610544 ], [ 12.4605091, 42.0604533 ], [ 12.4590086, 42.0598997 ], [ 12.4575039, 42.0594499 ], [ 12.4556698, 42.0590954 ], [ 12.4548263, 42.0590128 ], [ 12.4541807, 42.0588747 ], [ 12.4538692, 42.058785 ], [ 12.4538303, 42.0587637 ], [ 12.4535381, 42.0586354 ], [ 12.453967, 42.0581382 ], [ 12.4542391, 42.0578219 ], [ 12.4542966, 42.0577603 ], [ 12.4547662, 42.0572092 ], [ 12.4552109, 42.0563718 ], [ 12.4556852, 42.055358 ], [ 12.455999, 42.0544751 ], [ 12.456446, 42.0532775 ], [ 12.4568836, 42.0519901 ], [ 12.4570117, 42.0512073 ], [ 12.4569876, 42.0505957 ], [ 12.4570328, 42.0501216 ], [ 12.455976, 42.0495997 ], [ 12.455432, 42.0481033 ], [ 12.455351, 42.0478918 ], [ 12.4553211, 42.0478139 ], [ 12.4549401, 42.0468034 ], [ 12.4543468, 42.0456101 ], [ 12.4541381, 42.044797 ], [ 12.4539216, 42.0441596 ], [ 12.4534481, 42.0436291 ], [ 12.4528012, 42.0431713 ], [ 12.452684, 42.0427922 ], [ 12.4527563, 42.0424973 ], [ 12.4526714, 42.0418921 ], [ 12.4522191, 42.0415005 ], [ 12.4520909, 42.0413918 ], [ 12.4520919, 42.0419524 ], [ 12.4520907, 42.0422112 ], [ 12.4514148, 42.0417903 ], [ 12.4509496, 42.0418989 ], [ 12.4509283, 42.0421472 ], [ 12.4511489, 42.0424422 ], [ 12.451282, 42.0426543 ], [ 12.451183, 42.0430715 ], [ 12.4500902, 42.0434285 ], [ 12.4498159, 42.0434818 ], [ 12.4493601, 42.0435271 ], [ 12.4489584, 42.0435739 ], [ 12.4485783, 42.0436181 ], [ 12.4482559, 42.0439115 ], [ 12.4478041, 42.0442132 ], [ 12.447754, 42.0442507 ], [ 12.4470637, 42.0444426 ], [ 12.4465454, 42.0451335 ], [ 12.446503, 42.0456751 ], [ 12.4460822, 42.046174 ], [ 12.4457826, 42.0466648 ], [ 12.4451778, 42.0466514 ], [ 12.443993, 42.0464259 ], [ 12.4421276, 42.0461397 ], [ 12.4404394, 42.0459608 ], [ 12.4382887, 42.0457462 ], [ 12.4364542, 42.0455986 ], [ 12.4343963, 42.0455342 ], [ 12.4322391, 42.0451981 ], [ 12.4304169, 42.044839 ], [ 12.4301366, 42.0447838 ], [ 12.4298025, 42.0450729 ], [ 12.4294252, 42.0459036 ], [ 12.428997, 42.0471636 ], [ 12.4286487, 42.0485202 ], [ 12.4282223, 42.0495776 ], [ 12.4281043, 42.0509768 ], [ 12.4279254, 42.0521708 ], [ 12.4272621, 42.0524023 ], [ 12.4268645, 42.0525222 ], [ 12.4265007, 42.0526366 ], [ 12.4252477, 42.0527326 ], [ 12.4235283, 42.052901 ], [ 12.4223032, 42.0532618 ], [ 12.4219683, 42.0537761 ], [ 12.4217186, 42.0550037 ], [ 12.4207681, 42.0546133 ], [ 12.4197406, 42.0540992 ], [ 12.4194542, 42.0539565 ], [ 12.4192036, 42.0538316 ], [ 12.4176185, 42.0535636 ], [ 12.4161453, 42.0536076 ], [ 12.4148014, 42.0535711 ], [ 12.413782, 42.0537275 ], [ 12.4134129, 42.0540401 ], [ 12.4135195, 42.0544512 ], [ 12.4133564, 42.0552395 ], [ 12.4126774, 42.0556469 ], [ 12.4122146, 42.0558183 ], [ 12.4115339, 42.0559826 ], [ 12.4106332, 42.0560859 ], [ 12.4102751, 42.0566189 ], [ 12.4098087, 42.0573711 ], [ 12.409556, 42.0578289 ], [ 12.4091472, 42.0583588 ], [ 12.4088612, 42.0588851 ], [ 12.4085149, 42.0593997 ], [ 12.4080272, 42.0595583 ], [ 12.4073735, 42.0595372 ], [ 12.4061049, 42.0600206 ], [ 12.404465, 42.0594075 ], [ 12.4050142, 42.059058 ], [ 12.4058283, 42.0584485 ], [ 12.4061781, 42.0580284 ], [ 12.406301, 42.0578794 ], [ 12.4064979, 42.0576407 ], [ 12.4068806, 42.0572691 ], [ 12.4072559, 42.0569023 ], [ 12.4077801, 42.0563104 ], [ 12.4078998, 42.056053 ], [ 12.4080943, 42.0556347 ], [ 12.4086964, 42.055144 ], [ 12.4091513, 42.0543876 ], [ 12.4097189, 42.0536638 ], [ 12.4105843, 42.0531428 ], [ 12.4111019, 42.052443 ], [ 12.4115366, 42.0515071 ], [ 12.4117067, 42.0506376 ], [ 12.4117363, 42.0505286 ], [ 12.4118568, 42.0501009 ], [ 12.4120523, 42.0494071 ], [ 12.4122094, 42.0483084 ], [ 12.4121079, 42.0473028 ], [ 12.4125362, 42.0460789 ], [ 12.4126589, 42.045833 ], [ 12.4127157, 42.0457192 ], [ 12.4130721, 42.0450049 ], [ 12.4130709, 42.0445592 ], [ 12.4130674, 42.0441001 ], [ 12.4130675, 42.044046 ], [ 12.4130669, 42.044019 ], [ 12.4131393, 42.0435149 ], [ 12.4131984, 42.0431056 ], [ 12.4137269, 42.0428107 ], [ 12.4138198, 42.0427592 ], [ 12.4139154, 42.0427061 ], [ 12.4144181, 42.0424795 ], [ 12.4147175, 42.0423445 ], [ 12.4152035, 42.0418618 ], [ 12.4156056, 42.0414677 ], [ 12.4156583, 42.041416 ], [ 12.4160349, 42.0410599 ], [ 12.4165335, 42.0405885 ], [ 12.4171565, 42.039845 ], [ 12.4179111, 42.0390346 ], [ 12.4186697, 42.0387508 ], [ 12.4195342, 42.0384144 ], [ 12.4204778, 42.0384538 ], [ 12.4205394, 42.0384701 ], [ 12.421396, 42.0386965 ], [ 12.4225177, 42.0386225 ], [ 12.4230571, 42.0389936 ], [ 12.4239555, 42.0385301 ], [ 12.4243328, 42.0383342 ], [ 12.4244799, 42.0382578 ], [ 12.4244584, 42.0379838 ], [ 12.4244398, 42.0377502 ], [ 12.424268, 42.0368008 ], [ 12.4243931, 42.0364324 ], [ 12.4243782, 42.0359285 ], [ 12.4243916, 42.0352798 ], [ 12.4243602, 42.0349205 ], [ 12.4244064, 42.0347976 ], [ 12.4247723, 42.0338367 ], [ 12.4251545, 42.0335326 ], [ 12.4257884, 42.033176 ], [ 12.4262453, 42.0326895 ], [ 12.4268996, 42.0320396 ], [ 12.427708, 42.0313491 ], [ 12.4282901, 42.0307194 ], [ 12.4287347, 42.0300037 ], [ 12.4288976, 42.0292289 ], [ 12.4290345, 42.0288556 ], [ 12.4290337, 42.0283784 ], [ 12.4293894, 42.0278185 ], [ 12.4291286, 42.0269843 ], [ 12.428957, 42.0267822 ], [ 12.4286627, 42.0264354 ], [ 12.4285775, 42.0259877 ], [ 12.4287902, 42.0256617 ], [ 12.428775, 42.025365 ], [ 12.4285764, 42.025364 ], [ 12.4283869, 42.0253631 ], [ 12.4276861, 42.0255822 ], [ 12.4267922, 42.025816 ], [ 12.425788, 42.0260081 ], [ 12.4249746, 42.0266042 ], [ 12.4249419, 42.0266277 ], [ 12.4240715, 42.0273291 ], [ 12.4237528, 42.0281265 ], [ 12.4235196, 42.0287593 ], [ 12.4238218, 42.0294391 ], [ 12.4242849, 42.0299656 ], [ 12.4240868, 42.0305343 ], [ 12.4239654, 42.0306708 ], [ 12.4235849, 42.0310986 ], [ 12.4232318, 42.0312712 ], [ 12.4219029, 42.0315045 ], [ 12.4200829, 42.0318155 ], [ 12.4183143, 42.0317196 ], [ 12.4181116, 42.0317432 ], [ 12.4162249, 42.031962 ], [ 12.4145217, 42.0319722 ], [ 12.4129994, 42.03195 ], [ 12.4117405, 42.031929 ], [ 12.410652, 42.0325917 ], [ 12.4096519, 42.0331032 ], [ 12.4084455, 42.0331301 ], [ 12.4075908, 42.0330055 ], [ 12.4074708, 42.032988 ], [ 12.4063309, 42.0331434 ], [ 12.4054489, 42.0342682 ], [ 12.4048505, 42.0357132 ], [ 12.4043634, 42.0361059 ], [ 12.403481, 42.0363212 ], [ 12.4012859, 42.03753 ], [ 12.399321, 42.0385248 ], [ 12.3989343, 42.0387478 ], [ 12.3984809, 42.0389935 ], [ 12.3979811, 42.0392643 ], [ 12.3972554, 42.0396576 ], [ 12.3955008, 42.0407766 ], [ 12.3940146, 42.0414375 ], [ 12.3938276, 42.0411008 ], [ 12.3932559, 42.0404205 ], [ 12.3932222, 42.0403804 ], [ 12.3930503, 42.0404125 ], [ 12.3925282, 42.0405045 ], [ 12.3914944, 42.0406431 ], [ 12.3912112, 42.0412098 ], [ 12.3909881, 42.0417837 ], [ 12.3907212, 42.0420032 ], [ 12.3910142, 42.0427284 ], [ 12.3913688, 42.0432762 ], [ 12.3912163, 42.0440146 ], [ 12.3909645, 42.0445309 ], [ 12.3902693, 42.0450737 ], [ 12.3896357, 42.0456688 ], [ 12.388989, 42.0466694 ], [ 12.3888862, 42.0468796 ], [ 12.3887482, 42.0471509 ], [ 12.3886509, 42.0473454 ], [ 12.3884976, 42.047652 ], [ 12.3880037, 42.0486301 ], [ 12.3875289, 42.0498823 ], [ 12.3872017, 42.0505583 ], [ 12.3865232, 42.0512177 ], [ 12.3855453, 42.0523542 ], [ 12.3851591, 42.0525907 ], [ 12.3841818, 42.0535246 ], [ 12.3833115, 42.0544417 ], [ 12.3833619, 42.054922 ], [ 12.3829767, 42.05519 ], [ 12.3822495, 42.0551484 ], [ 12.3814557, 42.0550053 ], [ 12.3808699, 42.0551216 ], [ 12.3803608, 42.0550781 ], [ 12.3797895, 42.0547927 ], [ 12.3797138, 42.054755 ], [ 12.379594, 42.0547315 ], [ 12.3784302, 42.0544731 ], [ 12.3777751, 42.0544302 ], [ 12.3773874, 42.0544048 ], [ 12.3764921, 42.0543952 ], [ 12.3755572, 42.0545533 ], [ 12.3749656, 42.0545752 ], [ 12.3742826, 42.0548834 ], [ 12.3734554, 42.0550339 ], [ 12.3729116, 42.0552615 ], [ 12.3729063, 42.0553014 ], [ 12.3728086, 42.0560389 ], [ 12.3728561, 42.0573928 ], [ 12.3728025, 42.0584344 ], [ 12.3725752, 42.0587337 ], [ 12.3723895, 42.0590769 ], [ 12.3717735, 42.0593111 ], [ 12.3724465, 42.0632022 ], [ 12.3725693, 42.0639121 ], [ 12.3727839, 42.0651526 ], [ 12.3726762, 42.065615 ], [ 12.3722823, 42.066392 ], [ 12.3721757, 42.067102 ], [ 12.3730528, 42.0672473 ], [ 12.3730971, 42.0683266 ], [ 12.3730308, 42.0703016 ], [ 12.372957, 42.0724955 ], [ 12.372911, 42.0759592 ], [ 12.3735653, 42.0784973 ], [ 12.3736906, 42.0801325 ], [ 12.373768, 42.0801506 ], [ 12.3739468, 42.0801925 ], [ 12.3742169, 42.0802566 ], [ 12.375048, 42.0804573 ], [ 12.3758598, 42.0804784 ], [ 12.3767272, 42.0805519 ], [ 12.3768554, 42.0805616 ], [ 12.3771585, 42.0806196 ], [ 12.3776507, 42.0807138 ], [ 12.378428, 42.0805558 ], [ 12.3792983, 42.0807553 ], [ 12.3808948, 42.0810143 ], [ 12.3814717, 42.081407 ], [ 12.3818004, 42.0816495 ], [ 12.3820282, 42.0818409 ], [ 12.3826099, 42.0821254 ], [ 12.3833112, 42.0821137 ], [ 12.3837589, 42.082226 ], [ 12.3839858, 42.0822829 ], [ 12.3843686, 42.0824435 ], [ 12.3846171, 42.0825479 ], [ 12.3859218, 42.0829866 ], [ 12.385689, 42.0831691 ], [ 12.3852745, 42.0833299 ], [ 12.3847229, 42.0834002 ], [ 12.3841534, 42.0834035 ], [ 12.3834675, 42.0840451 ], [ 12.3832848, 42.0843026 ], [ 12.3833835, 42.0846104 ], [ 12.38432, 42.0850285 ], [ 12.384488, 42.0851046 ], [ 12.3851027, 42.0850999 ], [ 12.3860307, 42.0852301 ], [ 12.3866589, 42.0854502 ], [ 12.3873889, 42.0859914 ], [ 12.3876657, 42.0861813 ], [ 12.3881346, 42.0862755 ], [ 12.3890397, 42.0861317 ], [ 12.3903248, 42.0859316 ], [ 12.3910228, 42.0861001 ], [ 12.3912531, 42.086566 ], [ 12.3914929, 42.0870092 ], [ 12.391996, 42.0875886 ], [ 12.3918291, 42.0880708 ], [ 12.3919846, 42.0885074 ], [ 12.392239, 42.0891978 ], [ 12.3926368, 42.090055 ], [ 12.3928152, 42.09068 ], [ 12.392817, 42.0911662 ], [ 12.3923777, 42.091769 ], [ 12.3917985, 42.0924841 ], [ 12.3912229, 42.093253 ], [ 12.3912924, 42.0938768 ], [ 12.3914682, 42.0944659 ], [ 12.3915642, 42.0948638 ], [ 12.3915347, 42.0951459 ], [ 12.3915182, 42.0951847 ], [ 12.3913317, 42.0952161 ], [ 12.3911338, 42.0952521 ], [ 12.3909599, 42.0952887 ], [ 12.3908075, 42.0953212 ], [ 12.3906202, 42.095317 ], [ 12.390507, 42.0953504 ], [ 12.390354, 42.0953965 ], [ 12.3901847, 42.0953971 ], [ 12.389963, 42.095347 ], [ 12.3898299, 42.0952765 ], [ 12.3897211, 42.095202 ], [ 12.3896218, 42.0951186 ], [ 12.3894867, 42.095021 ], [ 12.3894488, 42.0949886 ], [ 12.3893602, 42.0949371 ], [ 12.389259, 42.0948988 ], [ 12.3891846, 42.09487 ], [ 12.3890334, 42.0948711 ], [ 12.3889647, 42.0949236 ], [ 12.388887, 42.0949758 ], [ 12.3886565, 42.0950697 ], [ 12.3884318, 42.0951681 ], [ 12.3882404, 42.0951907 ], [ 12.3881071, 42.0951967 ], [ 12.3878691, 42.0951778 ], [ 12.3877606, 42.0951708 ], [ 12.3876213, 42.0951767 ], [ 12.3875636, 42.0952564 ], [ 12.3875041, 42.0953811 ], [ 12.3874054, 42.0955004 ], [ 12.3872874, 42.0955788 ], [ 12.3871787, 42.0956484 ], [ 12.3870425, 42.0957263 ], [ 12.38692, 42.095764 ], [ 12.3865875, 42.0958375 ], [ 12.3864715, 42.0958664 ], [ 12.3863362, 42.0959218 ], [ 12.3862453, 42.0960008 ], [ 12.3861704, 42.0961297 ], [ 12.3860665, 42.0962309 ], [ 12.3859184, 42.0963041 ], [ 12.3857558, 42.0963634 ], [ 12.3855873, 42.0964901 ], [ 12.3855916, 42.0966073 ], [ 12.3855989, 42.0967966 ], [ 12.3855745, 42.0969491 ], [ 12.3855016, 42.0971051 ], [ 12.3854285, 42.0972655 ], [ 12.3853435, 42.0974211 ], [ 12.3852477, 42.097545 ], [ 12.3850708, 42.0976581 ], [ 12.3850278, 42.0977471 ], [ 12.3849718, 42.0978584 ], [ 12.3848452, 42.0979231 ], [ 12.3847108, 42.097884 ], [ 12.3846243, 42.097855 ], [ 12.3845209, 42.0978707 ], [ 12.3844719, 42.0979596 ], [ 12.3844323, 42.0980397 ], [ 12.3843405, 42.0981412 ], [ 12.3842418, 42.0981885 ], [ 12.3841083, 42.0981269 ], [ 12.3840824, 42.0980948 ], [ 12.3839927, 42.0979982 ], [ 12.3838275, 42.0979719 ], [ 12.3836634, 42.0980672 ], [ 12.3835149, 42.0981494 ], [ 12.3833575, 42.0982269 ], [ 12.3831806, 42.0983399 ], [ 12.3829406, 42.0984425 ], [ 12.3827739, 42.0985242 ], [ 12.3826215, 42.0986288 ], [ 12.3824149, 42.0987277 ], [ 12.3822173, 42.0987547 ], [ 12.3819957, 42.0987766 ], [ 12.3817234, 42.0987839 ], [ 12.3814406, 42.0987504 ], [ 12.381285, 42.0987109 ], [ 12.3810764, 42.0986386 ], [ 12.3810276, 42.0985744 ], [ 12.3809175, 42.0985314 ], [ 12.3806479, 42.0986198 ], [ 12.3805277, 42.0986756 ], [ 12.380332, 42.0987296 ], [ 12.3800767, 42.0986878 ], [ 12.3799922, 42.0986858 ], [ 12.379818, 42.0988034 ], [ 12.3797071, 42.0988549 ], [ 12.3796026, 42.0988976 ], [ 12.3795069, 42.0989449 ], [ 12.3793342, 42.0990265 ], [ 12.3791904, 42.0990683 ], [ 12.3790552, 42.0991958 ], [ 12.3789468, 42.0993329 ], [ 12.378832, 42.0994023 ], [ 12.3786803, 42.0994168 ], [ 12.3785614, 42.0994411 ], [ 12.3784377, 42.0995824 ], [ 12.3783211, 42.0996968 ], [ 12.3781575, 42.0997786 ], [ 12.3780622, 42.0998169 ], [ 12.3779686, 42.0998869 ], [ 12.377897, 42.1000113 ], [ 12.3778414, 42.1001136 ], [ 12.3777294, 42.1002641 ], [ 12.3776466, 42.1004378 ], [ 12.3776797, 42.1005151 ], [ 12.3776164, 42.1005857 ], [ 12.3774359, 42.1005636 ], [ 12.3773178, 42.1004933 ], [ 12.3772197, 42.1004551 ], [ 12.3770583, 42.1004829 ], [ 12.3768602, 42.1005954 ], [ 12.3765784, 42.1006836 ], [ 12.3764259, 42.1007161 ], [ 12.3762666, 42.1007665 ], [ 12.3761143, 42.1007945 ], [ 12.3758606, 42.1007167 ], [ 12.3757901, 42.1006655 ], [ 12.3757088, 42.1006592 ], [ 12.3755068, 42.1007176 ], [ 12.3752063, 42.1007467 ], [ 12.3749472, 42.1007273 ], [ 12.3747729, 42.1007008 ], [ 12.3745373, 42.1006233 ], [ 12.3742918, 42.1005637 ], [ 12.3739908, 42.1005343 ], [ 12.3736406, 42.1005218 ], [ 12.3733601, 42.1005063 ], [ 12.3728717, 42.1004726 ], [ 12.3726027, 42.100471 ], [ 12.3723234, 42.1005006 ], [ 12.3720039, 42.1005518 ], [ 12.371716, 42.1005677 ], [ 12.3713045, 42.1005763 ], [ 12.3710642, 42.1005393 ], [ 12.3708875, 42.1004992 ], [ 12.3706077, 42.1004658 ], [ 12.3702281, 42.1004345 ], [ 12.3702771, 42.1002736 ], [ 12.370308, 42.1001842 ], [ 12.3703496, 42.1000546 ], [ 12.3703762, 42.0999246 ], [ 12.3702961, 42.0998147 ], [ 12.3701138, 42.099689 ], [ 12.3699193, 42.0995674 ], [ 12.3697469, 42.0994239 ], [ 12.3696423, 42.0993224 ], [ 12.3695593, 42.099208 ], [ 12.3694936, 42.0990444 ], [ 12.3694636, 42.0988906 ], [ 12.3694456, 42.0987416 ], [ 12.3694121, 42.0986012 ], [ 12.3693818, 42.0984564 ], [ 12.3692784, 42.0984 ], [ 12.3690622, 42.0983636 ], [ 12.3688049, 42.0983712 ], [ 12.3686004, 42.0984205 ], [ 12.3683903, 42.0985282 ], [ 12.3682969, 42.0985936 ], [ 12.3681675, 42.0985817 ], [ 12.3681894, 42.0983435 ], [ 12.3682216, 42.0982227 ], [ 12.3682685, 42.0980392 ], [ 12.3683184, 42.0978557 ], [ 12.3683335, 42.097784 ], [ 12.368336, 42.097649 ], [ 12.3682984, 42.0975355 ], [ 12.3681268, 42.097446 ], [ 12.3679182, 42.0974458 ], [ 12.3677864, 42.097454 ], [ 12.367666, 42.097476 ], [ 12.3675366, 42.0975361 ], [ 12.3673641, 42.0976131 ], [ 12.3672751, 42.0976471 ], [ 12.3670743, 42.0977506 ], [ 12.3668582, 42.0977861 ], [ 12.3666838, 42.0978362 ], [ 12.3666821, 42.0978767 ], [ 12.3665268, 42.0979046 ], [ 12.3663024, 42.097922 ], [ 12.3660731, 42.0979842 ], [ 12.3659045, 42.0980389 ], [ 12.3656128, 42.0981493 ], [ 12.3654122, 42.0982482 ], [ 12.3651844, 42.0983466 ], [ 12.3649776, 42.0985219 ], [ 12.3648426, 42.0986449 ], [ 12.364668, 42.0986994 ], [ 12.3644891, 42.0987133 ], [ 12.3642735, 42.0987354 ], [ 12.3639842, 42.0987873 ], [ 12.3636803, 42.0988974 ], [ 12.363398, 42.0989989 ], [ 12.3631445, 42.0990606 ], [ 12.362866, 42.0991443 ], [ 12.3626087, 42.0992239 ], [ 12.3624298, 42.0993099 ], [ 12.3622828, 42.099356 ], [ 12.3620699, 42.0993871 ], [ 12.3617984, 42.0992998 ], [ 12.3615694, 42.099209 ], [ 12.3612528, 42.0990441 ], [ 12.3610612, 42.0989272 ], [ 12.3608378, 42.0987734 ], [ 12.360666, 42.0986884 ], [ 12.3604287, 42.0985794 ], [ 12.3602214, 42.0984756 ], [ 12.3599455, 42.0983476 ], [ 12.3597503, 42.0982441 ], [ 12.3595009, 42.0981348 ], [ 12.3592536, 42.098048 ], [ 12.359066, 42.0979807 ], [ 12.3588702, 42.0979627 ], [ 12.3587115, 42.0980716 ], [ 12.3585389, 42.0982252 ], [ 12.3583499, 42.098482 ], [ 12.3582252, 42.0986457 ], [ 12.3581807, 42.0988428 ], [ 12.3581544, 42.0991124 ], [ 12.3581362, 42.0993326 ], [ 12.3581293, 42.099499 ], [ 12.3580997, 42.099701 ], [ 12.3580792, 42.0999031 ], [ 12.3580463, 42.100114 ], [ 12.3580186, 42.100343 ], [ 12.3579645, 42.1004813 ], [ 12.3579308, 42.1006382 ], [ 12.3578754, 42.10088 ], [ 12.3578368, 42.1010818 ], [ 12.3578025, 42.1012521 ], [ 12.3577269, 42.101471 ], [ 12.3576533, 42.1016404 ], [ 12.3575195, 42.1017319 ], [ 12.3574203, 42.1017206 ], [ 12.3571496, 42.1016873 ], [ 12.3568879, 42.1016543 ], [ 12.3565744, 42.1016335 ], [ 12.3562774, 42.1016492 ], [ 12.3559948, 42.1016112 ], [ 12.3556254, 42.1016251 ], [ 12.3552536, 42.1016976 ], [ 12.3550311, 42.101742 ], [ 12.3546992, 42.1017974 ], [ 12.3544526, 42.1018412 ], [ 12.3541613, 42.101866 ], [ 12.3538806, 42.1019271 ], [ 12.3536283, 42.1019618 ], [ 12.3532475, 42.1020296 ], [ 12.3529823, 42.102082 ], [ 12.3527194, 42.1021525 ], [ 12.3524727, 42.1021963 ], [ 12.3521603, 42.1022206 ], [ 12.3519308, 42.1022153 ], [ 12.351595, 42.102221 ], [ 12.3511914, 42.1021847 ], [ 12.350956, 42.1021748 ], [ 12.3506989, 42.1021778 ], [ 12.3503767, 42.1022199 ], [ 12.3501205, 42.1022725 ], [ 12.3498146, 42.10236 ], [ 12.3496019, 42.1024587 ], [ 12.3493133, 42.1025646 ], [ 12.3489605, 42.102615 ], [ 12.3486447, 42.1026482 ], [ 12.3483972, 42.1026379 ], [ 12.3480408, 42.1026297 ], [ 12.3476924, 42.1026487 ], [ 12.3474385, 42.1026473 ], [ 12.3469664, 42.1026589 ], [ 12.3467221, 42.1027163 ], [ 12.3465632, 42.1028297 ], [ 12.3464581, 42.1028858 ], [ 12.3462102, 42.1029566 ], [ 12.3460035, 42.1029833 ], [ 12.3459088, 42.1030081 ], [ 12.3457389, 42.1030943 ], [ 12.3456536, 42.1031823 ], [ 12.3455474, 42.1032654 ], [ 12.3453505, 42.1033464 ], [ 12.3451025, 42.1034938 ], [ 12.3448133, 42.1036132 ], [ 12.3446534, 42.103677 ], [ 12.3441866, 42.1037788 ], [ 12.3438958, 42.1038666 ], [ 12.3437759, 42.1038928 ], [ 12.3433372, 42.1032774 ], [ 12.3428272, 42.1025899 ], [ 12.3425776, 42.1023626 ], [ 12.3423192, 42.1021274 ], [ 12.3415026, 42.101746 ], [ 12.3407191, 42.1013456 ], [ 12.3403171, 42.1010602 ], [ 12.340493, 42.1007534 ], [ 12.3411341, 42.1000549 ], [ 12.3417237, 42.0992948 ], [ 12.3421065, 42.0987568 ], [ 12.3419191, 42.0979653 ], [ 12.3418812, 42.0979214 ], [ 12.3414655, 42.0974023 ], [ 12.3409027, 42.0970179 ], [ 12.3406792, 42.0967048 ], [ 12.3404523, 42.096054 ], [ 12.34034, 42.0957421 ], [ 12.3399621, 42.0954965 ], [ 12.339847, 42.0954522 ], [ 12.3391476, 42.0951826 ], [ 12.3383821, 42.0946781 ], [ 12.3382827, 42.0946134 ], [ 12.3382405, 42.0942545 ], [ 12.3381073, 42.0940062 ], [ 12.3374772, 42.0937499 ], [ 12.3358256, 42.0933928 ], [ 12.3342401, 42.0929436 ], [ 12.3332491, 42.0927068 ], [ 12.332824, 42.0926696 ], [ 12.3324387, 42.0924692 ], [ 12.3322906, 42.0921944 ], [ 12.332024, 42.0917069 ], [ 12.3316659, 42.0915777 ], [ 12.331304, 42.0913631 ], [ 12.3310082, 42.0910385 ], [ 12.3309964, 42.0908137 ], [ 12.3310605, 42.0906093 ], [ 12.3302473, 42.0901016 ], [ 12.33033, 42.0896309 ], [ 12.3302712, 42.0894165 ], [ 12.3299938, 42.0891995 ], [ 12.3294933, 42.089106 ], [ 12.3290609, 42.0889294 ], [ 12.3286011, 42.088488 ], [ 12.3282692, 42.0879078 ], [ 12.3281056, 42.0878071 ], [ 12.3279062, 42.0876842 ], [ 12.3276707, 42.0878036 ], [ 12.3273531, 42.088002 ], [ 12.327085, 42.0880908 ], [ 12.3253466, 42.088686 ], [ 12.3236519, 42.0891224 ], [ 12.3227153, 42.0897214 ], [ 12.3216951, 42.0903543 ], [ 12.3213393, 42.0904726 ], [ 12.3211608, 42.0900636 ], [ 12.3212066, 42.0892923 ], [ 12.3213631, 42.0883828 ], [ 12.3214236, 42.0876742 ], [ 12.3198164, 42.0870499 ], [ 12.3197035, 42.0870064 ], [ 12.3196098, 42.0869703 ], [ 12.3191561, 42.0868484 ], [ 12.3166935, 42.0862353 ], [ 12.3171423, 42.0855829 ], [ 12.3176403, 42.0849472 ], [ 12.317863, 42.0845535 ], [ 12.3180633, 42.0842371 ], [ 12.3183967, 42.0823003 ], [ 12.3188103, 42.0823199 ], [ 12.3197942, 42.0800807 ], [ 12.3203201, 42.0790839 ], [ 12.3203413, 42.0787952 ], [ 12.3201703, 42.07853 ], [ 12.3200556, 42.0784069 ], [ 12.3197614, 42.0780916 ], [ 12.3196304, 42.0776811 ], [ 12.3200179, 42.0772152 ], [ 12.3214939, 42.0758532 ], [ 12.3219105, 42.0752513 ], [ 12.3218864, 42.0751664 ], [ 12.3217611, 42.0747198 ], [ 12.3213919, 42.0743613 ], [ 12.3203716, 42.0735849 ], [ 12.3193658, 42.0728396 ], [ 12.318559, 42.0722017 ], [ 12.3176567, 42.0716149 ], [ 12.3167856, 42.0711043 ], [ 12.3157568, 42.0706568 ], [ 12.315234, 42.0703793 ], [ 12.3151726, 42.0703451 ], [ 12.3150651, 42.0701095 ], [ 12.315026, 42.0696199 ], [ 12.3150383, 42.0689127 ], [ 12.3146299, 42.0682806 ], [ 12.3145579, 42.0681881 ], [ 12.3139448, 42.0674089 ], [ 12.3136713, 42.0668135 ], [ 12.3135865, 42.0661136 ], [ 12.3135326, 42.0658674 ], [ 12.3134121, 42.0653172 ], [ 12.3126182, 42.0647053 ], [ 12.312009, 42.0641466 ], [ 12.311723, 42.0633084 ], [ 12.3114798, 42.0628291 ], [ 12.3113278, 42.0626156 ], [ 12.3109461, 42.0620791 ], [ 12.3103311, 42.0614215 ], [ 12.3096903, 42.0607331 ], [ 12.3090144, 42.0600502 ], [ 12.308925, 42.0599583 ], [ 12.3081918, 42.0593221 ], [ 12.307672, 42.0591658 ], [ 12.3068523, 42.0589195 ], [ 12.3060513, 42.0588525 ], [ 12.3042631, 42.0593363 ], [ 12.3035053, 42.0596373 ], [ 12.3027222, 42.0596959 ], [ 12.3020639, 42.0598184 ], [ 12.3016564, 42.0600868 ], [ 12.30088, 42.0602757 ], [ 12.2997295, 42.0604755 ], [ 12.2993657, 42.0606975 ], [ 12.2992164, 42.0610665 ], [ 12.2988536, 42.0617749 ], [ 12.298034, 42.0619224 ], [ 12.2979898, 42.0619258 ], [ 12.297235, 42.0618034 ], [ 12.2965792, 42.0617412 ], [ 12.2954387, 42.0611707 ], [ 12.294781, 42.0608519 ], [ 12.2943869, 42.060476 ], [ 12.2943873, 42.0603631 ], [ 12.2943897, 42.059625 ], [ 12.2948674, 42.0588008 ], [ 12.2954413, 42.0582305 ], [ 12.295877, 42.0575291 ], [ 12.2960318, 42.0572365 ], [ 12.2963929, 42.0567578 ], [ 12.2967367, 42.0561626 ], [ 12.297042, 42.05551 ], [ 12.2972617, 42.0550714 ], [ 12.2972828, 42.0548232 ], [ 12.2970403, 42.0545285 ], [ 12.2964508, 42.054622 ], [ 12.2959431, 42.0548527 ], [ 12.2955664, 42.0550301 ], [ 12.2952964, 42.055182 ], [ 12.2950216, 42.0552574 ], [ 12.2949119, 42.0552854 ], [ 12.2945446, 42.0553792 ], [ 12.2934811, 42.055842 ], [ 12.2925001, 42.0562664 ], [ 12.2916005, 42.0566434 ], [ 12.2910789, 42.0568385 ], [ 12.2906908, 42.0570432 ], [ 12.290529, 42.0571327 ], [ 12.2904676, 42.0571667 ], [ 12.2870101, 42.0585536 ], [ 12.2856002, 42.0590983 ], [ 12.2844639, 42.0593965 ], [ 12.2840019, 42.0595178 ], [ 12.2837522, 42.059597 ], [ 12.2822896, 42.0600711 ], [ 12.2808272, 42.0605497 ], [ 12.2798545, 42.0606541 ], [ 12.2790233, 42.060939 ], [ 12.2781264, 42.0613564 ], [ 12.2773058, 42.0618616 ], [ 12.2766355, 42.0622229 ], [ 12.2758714, 42.0623316 ], [ 12.2753272, 42.0624089 ], [ 12.2734318, 42.0622109 ], [ 12.2717786, 42.0617853 ], [ 12.2705529, 42.0614646 ], [ 12.2689017, 42.061093 ], [ 12.2685332, 42.060995 ], [ 12.2672347, 42.0606497 ], [ 12.266183, 42.0603915 ], [ 12.26514, 42.0600971 ], [ 12.2648334, 42.0600399 ], [ 12.2632962, 42.0597533 ], [ 12.262656, 42.0597581 ], [ 12.2622243, 42.0597929 ], [ 12.2618678, 42.0597039 ], [ 12.2620556, 42.0593744 ], [ 12.2622539, 42.0587654 ], [ 12.2621484, 42.0583407 ], [ 12.2620483, 42.0578033 ], [ 12.26208, 42.0572576 ], [ 12.2623463, 42.0563089 ], [ 12.2623166, 42.0557425 ], [ 12.2619191, 42.0550604 ], [ 12.2614293, 42.0544755 ], [ 12.26119, 42.0537844 ], [ 12.2608618, 42.0535551 ], [ 12.260928, 42.0531525 ], [ 12.261104, 42.0528143 ], [ 12.2611152, 42.0523548 ], [ 12.260975, 42.0514898 ], [ 12.2610661, 42.0504516 ], [ 12.2609162, 42.0494113 ], [ 12.2608827, 42.0485208 ], [ 12.2608743, 42.0482863 ], [ 12.2608567, 42.0477921 ], [ 12.2612511, 42.0470154 ], [ 12.2619629, 42.0465089 ], [ 12.2626149, 42.045779 ], [ 12.2633593, 42.0452175 ], [ 12.2638468, 42.0445913 ], [ 12.2638653, 42.0442305 ], [ 12.2638046, 42.043755 ], [ 12.2637855, 42.0433954 ], [ 12.2638095, 42.0429354 ], [ 12.264046, 42.0423344 ], [ 12.2645289, 42.041195 ], [ 12.2643379, 42.040516 ], [ 12.2638016, 42.0395126 ], [ 12.2636197, 42.0386625 ], [ 12.2636122, 42.0386276 ], [ 12.2634314, 42.0376918 ], [ 12.2635744, 42.0374175 ], [ 12.2635502, 42.0367248 ], [ 12.2637021, 42.0361532 ], [ 12.2639601, 42.0357361 ], [ 12.2638908, 42.0353554 ], [ 12.2634858, 42.0347591 ], [ 12.2634381, 42.0338284 ], [ 12.263376, 42.0330873 ], [ 12.2630854, 42.0318934 ], [ 12.2627185, 42.0311114 ], [ 12.2628031, 42.0306407 ], [ 12.2631288, 42.0296904 ], [ 12.2630742, 42.0286519 ], [ 12.2624867, 42.0273224 ], [ 12.2620578, 42.0264926 ], [ 12.2615725, 42.0255203 ], [ 12.2614811, 42.024663 ], [ 12.2618758, 42.0238953 ], [ 12.2619828, 42.0233745 ], [ 12.2625291, 42.0229582 ], [ 12.2630893, 42.0225776 ], [ 12.2634713, 42.0217833 ], [ 12.2634647, 42.0212702 ], [ 12.2634546, 42.0205275 ], [ 12.2632498, 42.0200651 ], [ 12.2630922, 42.0196767 ], [ 12.2630295, 42.0195221 ], [ 12.2633735, 42.0191791 ], [ 12.2635731, 42.0188312 ], [ 12.2634531, 42.018596 ], [ 12.2633515, 42.0185719 ], [ 12.2630604, 42.0185036 ], [ 12.2625919, 42.0183885 ], [ 12.2621644, 42.0182835 ], [ 12.2619108, 42.0182212 ], [ 12.261534, 42.0182014 ], [ 12.2606888, 42.018157 ], [ 12.2605597, 42.0181507 ], [ 12.2600447, 42.0181256 ], [ 12.2585158, 42.0181231 ], [ 12.2577991, 42.0181219 ], [ 12.2573569, 42.0181485 ], [ 12.2572371, 42.0181557 ], [ 12.256294, 42.0182175 ], [ 12.255392, 42.0182762 ], [ 12.2551013, 42.0182931 ], [ 12.2531173, 42.0183323 ], [ 12.2524835, 42.0183449 ], [ 12.2514599, 42.0183874 ], [ 12.2513962, 42.0183903 ], [ 12.2506874, 42.0184228 ], [ 12.2501481, 42.0184606 ], [ 12.2500034, 42.0184705 ], [ 12.2494118, 42.0185109 ], [ 12.249135, 42.0185299 ], [ 12.2472194, 42.018395 ], [ 12.2467244, 42.0182837 ], [ 12.2466506, 42.018267 ], [ 12.2453998, 42.0179963 ], [ 12.2436128, 42.0175426 ], [ 12.2435033, 42.0175314 ], [ 12.2429285, 42.0174726 ], [ 12.2428871, 42.0172332 ], [ 12.2428612, 42.0170829 ], [ 12.2428533, 42.0169161 ], [ 12.2428453, 42.0168214 ], [ 12.2428347, 42.0167175 ], [ 12.242818, 42.016546 ], [ 12.242804, 42.0163791 ], [ 12.2427871, 42.0162121 ], [ 12.2427818, 42.0161264 ], [ 12.2427738, 42.0160317 ], [ 12.2427663, 42.0158559 ], [ 12.2427643, 42.0157613 ], [ 12.2427598, 42.0156576 ], [ 12.2426954, 42.015611 ], [ 12.2426668, 42.0155023 ], [ 12.2426226, 42.0153391 ], [ 12.2425846, 42.0152391 ], [ 12.242538, 42.0151299 ], [ 12.2424864, 42.0149981 ], [ 12.2424325, 42.0148482 ], [ 12.2423968, 42.0147663 ], [ 12.2423765, 42.0146758 ], [ 12.2423478, 42.0145715 ], [ 12.2423388, 42.0144317 ], [ 12.2423551, 42.0143331 ], [ 12.2423827, 42.0142527 ], [ 12.242492, 42.0141698 ], [ 12.2426947, 42.0140891 ], [ 12.2428084, 42.0140423 ], [ 12.2429342, 42.0139958 ], [ 12.242985, 42.0139385 ], [ 12.2430081, 42.013894 ], [ 12.2429789, 42.0137312 ], [ 12.2429503, 42.0135549 ], [ 12.2429332, 42.0134599 ], [ 12.2429136, 42.0133559 ], [ 12.2429041, 42.0132971 ], [ 12.2429017, 42.0132115 ], [ 12.2429137, 42.0131443 ], [ 12.2429601, 42.0129788 ], [ 12.2429897, 42.0128534 ], [ 12.2430226, 42.0127191 ], [ 12.2430302, 42.0126833 ], [ 12.2430389, 42.0125529 ], [ 12.2430374, 42.0125169 ], [ 12.2430164, 42.0124443 ], [ 12.2429719, 42.0122856 ], [ 12.2429585, 42.0121773 ], [ 12.2429195, 42.0120322 ], [ 12.242875, 42.0118736 ], [ 12.2429538, 42.0117269 ], [ 12.2430228, 42.0115979 ], [ 12.2431054, 42.0114333 ], [ 12.2431843, 42.0112821 ], [ 12.2432766, 42.0112438 ], [ 12.2434045, 42.0111478 ], [ 12.2435831, 42.0110666 ], [ 12.2437647, 42.0109854 ], [ 12.2439495, 42.0108998 ], [ 12.2440368, 42.0109064 ], [ 12.2440589, 42.0107448 ], [ 12.2440783, 42.0105742 ], [ 12.2440988, 42.0104486 ], [ 12.2441175, 42.0102959 ], [ 12.2441371, 42.0101208 ], [ 12.2441506, 42.00995 ], [ 12.2441728, 42.009784 ], [ 12.2441799, 42.0096896 ], [ 12.2441902, 42.0095908 ], [ 12.2442102, 42.0094787 ], [ 12.2442248, 42.0093484 ], [ 12.2442409, 42.0091867 ], [ 12.2442454, 42.0090833 ], [ 12.244253, 42.0089754 ], [ 12.2442365, 42.0087994 ], [ 12.2442226, 42.0086325 ], [ 12.2442174, 42.0085423 ], [ 12.2442072, 42.0084295 ], [ 12.2441842, 42.0082623 ], [ 12.2441682, 42.0081449 ], [ 12.2441499, 42.0080093 ], [ 12.2441334, 42.0079009 ], [ 12.24412, 42.0077925 ], [ 12.2441032, 42.007621 ], [ 12.2440831, 42.0074584 ], [ 12.2440693, 42.007359 ], [ 12.2440609, 42.0072732 ], [ 12.2440438, 42.0071107 ], [ 12.2440281, 42.0069843 ], [ 12.2440209, 42.0068715 ], [ 12.2439985, 42.0066909 ], [ 12.2439853, 42.006578 ], [ 12.2439713, 42.0064831 ], [ 12.2439483, 42.006316 ], [ 12.2439286, 42.0061444 ], [ 12.2439058, 42.0059727 ], [ 12.2438677, 42.0058052 ], [ 12.2438315, 42.0056648 ], [ 12.2437909, 42.0054882 ], [ 12.2437618, 42.0053929 ], [ 12.2437295, 42.0053021 ], [ 12.243679, 42.0051433 ], [ 12.2436229, 42.0049753 ], [ 12.2435877, 42.0048799 ], [ 12.2435617, 42.0047847 ], [ 12.2435273, 42.0046713 ], [ 12.24349, 42.0045579 ], [ 12.2434342, 42.0043809 ], [ 12.2433807, 42.004222 ], [ 12.2433409, 42.004095 ], [ 12.2433034, 42.0039861 ], [ 12.2432471, 42.0038226 ], [ 12.2432026, 42.0036639 ], [ 12.2431598, 42.0035368 ], [ 12.2431067, 42.0033689 ], [ 12.2430614, 42.0032283 ], [ 12.243022, 42.0030922 ], [ 12.2429687, 42.0029289 ], [ 12.24294, 42.0028246 ], [ 12.2429071, 42.0027473 ], [ 12.2428565, 42.002593 ], [ 12.2428005, 42.0024205 ], [ 12.2427476, 42.0022481 ], [ 12.242713, 42.0020717 ], [ 12.2426907, 42.0019586 ], [ 12.2426686, 42.001841 ], [ 12.2426517, 42.001674 ], [ 12.2426406, 42.0015116 ], [ 12.2426325, 42.0013493 ], [ 12.2426186, 42.0011824 ], [ 12.2426069, 42.0010335 ], [ 12.24259, 42.0008665 ], [ 12.2425821, 42.0006997 ], [ 12.2425652, 42.0005327 ], [ 12.2425582, 42.0004155 ], [ 12.2425544, 42.0002938 ], [ 12.2425405, 42.0001269 ], [ 12.2425269, 41.9999509 ], [ 12.242515, 41.9998066 ], [ 12.2425034, 41.9996577 ], [ 12.2424958, 41.9995539 ], [ 12.242492, 41.9994323 ], [ 12.2424874, 41.9993286 ], [ 12.2424834, 41.9992114 ], [ 12.2424824, 41.9990943 ], [ 12.2424794, 41.9989547 ], [ 12.2424943, 41.99882 ], [ 12.242565, 41.9986506 ], [ 12.2425926, 41.9985702 ], [ 12.2426331, 41.9984721 ], [ 12.2426948, 41.99837 ], [ 12.2427726, 41.9982458 ], [ 12.242834, 41.9981527 ], [ 12.2429016, 41.9980553 ], [ 12.2429981, 41.997918 ], [ 12.2431104, 41.9977631 ], [ 12.2431752, 41.9976611 ], [ 12.2432618, 41.9975416 ], [ 12.2433617, 41.9973954 ], [ 12.2434229, 41.9973068 ], [ 12.2434971, 41.9971961 ], [ 12.2435839, 41.9970721 ], [ 12.2436866, 41.9969304 ], [ 12.2438018, 41.9967801 ], [ 12.2439171, 41.9966253 ], [ 12.2440054, 41.9965374 ], [ 12.2441128, 41.9964274 ], [ 12.2442013, 41.9963349 ], [ 12.2443113, 41.996234 ], [ 12.244425, 41.9961152 ], [ 12.2445448, 41.9959965 ], [ 12.2446831, 41.9958692 ], [ 12.2447648, 41.9957946 ], [ 12.2448465, 41.9957201 ], [ 12.2449509, 41.99561 ], [ 12.245039, 41.9955266 ], [ 12.245149, 41.9954256 ], [ 12.2452814, 41.9952937 ], [ 12.2454199, 41.995162 ], [ 12.2455058, 41.9950605 ], [ 12.2456079, 41.9949324 ], [ 12.24567, 41.9948213 ], [ 12.2457355, 41.9947013 ], [ 12.2457798, 41.9945853 ], [ 12.2458232, 41.9944872 ], [ 12.2458413, 41.9943481 ], [ 12.245865, 41.9942181 ], [ 12.2458759, 41.9941058 ], [ 12.2458677, 41.9940155 ], [ 12.2458444, 41.9938574 ], [ 12.2458134, 41.993735 ], [ 12.2457847, 41.9936308 ], [ 12.2457367, 41.9934856 ], [ 12.2456915, 41.9933449 ], [ 12.2456291, 41.9931813 ], [ 12.2455919, 41.9930633 ], [ 12.2455486, 41.9929497 ], [ 12.2454952, 41.9927863 ], [ 12.2454551, 41.9926683 ], [ 12.2454199, 41.9925729 ], [ 12.2453696, 41.9924096 ], [ 12.2453131, 41.9922506 ], [ 12.2452653, 41.9921009 ], [ 12.2452168, 41.9919646 ], [ 12.2451694, 41.9918059 ], [ 12.245138, 41.9916926 ], [ 12.2451126, 41.9915839 ], [ 12.2450935, 41.9914664 ], [ 12.2450738, 41.9913623 ], [ 12.245077, 41.9912183 ], [ 12.2450794, 41.9910923 ], [ 12.2450872, 41.9909124 ], [ 12.2450912, 41.9907504 ], [ 12.2451008, 41.9905975 ], [ 12.2451112, 41.9904267 ], [ 12.245128, 41.990247 ], [ 12.2451434, 41.9900987 ], [ 12.2451542, 41.9899189 ], [ 12.2451607, 41.989838 ], [ 12.2451084, 41.989373 ], [ 12.2451116, 41.9892289 ], [ 12.2451123, 41.9890714 ], [ 12.2451106, 41.9889723 ], [ 12.2451086, 41.9888777 ], [ 12.2451093, 41.9887921 ], [ 12.2451368, 41.9886442 ], [ 12.2451861, 41.9885508 ], [ 12.2452474, 41.9884577 ], [ 12.2453169, 41.9883874 ], [ 12.2458369, 41.9880847 ], [ 12.2458836, 41.9879822 ], [ 12.2459338, 41.9878664 ], [ 12.2459635, 41.9878085 ], [ 12.2460069, 41.9877105 ], [ 12.2460831, 41.9875547 ], [ 12.2461297, 41.9874523 ], [ 12.2461796, 41.9873454 ], [ 12.2462529, 41.9871851 ], [ 12.246323, 41.9870292 ], [ 12.2463795, 41.986909 ], [ 12.246446, 41.9867665 ], [ 12.2465227, 41.9865972 ], [ 12.2466053, 41.9864326 ], [ 12.2466519, 41.9863301 ], [ 12.2467048, 41.9862233 ], [ 12.2467813, 41.9860586 ], [ 12.2468578, 41.9858938 ], [ 12.2469145, 41.9857691 ], [ 12.2469778, 41.985631 ], [ 12.2470449, 41.985475 ], [ 12.247115, 41.9853191 ], [ 12.247169, 41.9851853 ], [ 12.2472327, 41.9850383 ], [ 12.2473062, 41.9848734 ], [ 12.2473797, 41.9847086 ], [ 12.2474501, 41.9845437 ], [ 12.2474902, 41.9844546 ], [ 12.2475331, 41.9843701 ], [ 12.2476122, 41.9842144 ], [ 12.2476879, 41.9840676 ], [ 12.2477703, 41.9839075 ], [ 12.2478228, 41.9838097 ], [ 12.2478626, 41.9837251 ], [ 12.2479391, 41.9835603 ], [ 12.2480245, 41.9834003 ], [ 12.2481006, 41.9832445 ], [ 12.2481729, 41.9831066 ], [ 12.248236, 41.9829731 ], [ 12.2483151, 41.9828174 ], [ 12.248365, 41.9827105 ], [ 12.2484171, 41.9826217 ], [ 12.2484966, 41.982457 ], [ 12.2485756, 41.9823058 ], [ 12.2486384, 41.9821767 ], [ 12.2486943, 41.98207 ], [ 12.2487801, 41.9819009 ], [ 12.2488622, 41.9817453 ], [ 12.2489173, 41.9816566 ], [ 12.2489691, 41.9815768 ], [ 12.2490538, 41.9814302 ], [ 12.2491476, 41.9812839 ], [ 12.2492859, 41.9811566 ], [ 12.2494149, 41.9810336 ], [ 12.2495686, 41.9808977 ], [ 12.2496776, 41.9808193 ], [ 12.2497837, 41.9807363 ], [ 12.2499552, 41.9806098 ], [ 12.2501141, 41.9804921 ], [ 12.2502761, 41.9803744 ], [ 12.2504101, 41.980274 ], [ 12.2505717, 41.9801653 ], [ 12.2507339, 41.9800431 ], [ 12.2508748, 41.9799249 ], [ 12.2510122, 41.9798156 ], [ 12.2511593, 41.9796931 ], [ 12.2512231, 41.9796136 ], [ 12.2512836, 41.9795385 ], [ 12.2513797, 41.9794102 ], [ 12.2514916, 41.9792643 ], [ 12.2516123, 41.9791231 ], [ 12.2516313, 41.9789615 ], [ 12.2516469, 41.9788087 ], [ 12.2516607, 41.978629 ], [ 12.2516637, 41.9784894 ], [ 12.2516629, 41.9783679 ], [ 12.2516644, 41.9781923 ], [ 12.251669, 41.9780168 ], [ 12.251668, 41.9778997 ], [ 12.2516696, 41.9777917 ], [ 12.2516713, 41.9776116 ], [ 12.2516785, 41.9774451 ], [ 12.2516768, 41.977274 ], [ 12.251672, 41.9771748 ], [ 12.2516757, 41.9770894 ], [ 12.2516736, 41.9769272 ], [ 12.2516692, 41.976819 ], [ 12.2516672, 41.9767244 ], [ 12.2516627, 41.9765487 ], [ 12.2516207, 41.9764036 ], [ 12.251573, 41.9762494 ], [ 12.251492, 41.9760989 ], [ 12.2514146, 41.9759349 ], [ 12.2513185, 41.975784 ], [ 12.2512705, 41.9757063 ], [ 12.2512171, 41.975615 ], [ 12.2511301, 41.9754643 ], [ 12.2510771, 41.975364 ], [ 12.251015, 41.9752634 ], [ 12.2509302, 41.9751308 ], [ 12.2508462, 41.9749802 ], [ 12.2507501, 41.9748293 ], [ 12.2506997, 41.9747381 ], [ 12.2506405, 41.9746421 ], [ 12.2505505, 41.9744913 ], [ 12.2504544, 41.9743404 ], [ 12.250375, 41.9742215 ], [ 12.2502842, 41.9740887 ], [ 12.2501907, 41.9739469 ], [ 12.2500756, 41.973818 ], [ 12.2499576, 41.9736846 ], [ 12.2498765, 41.9736061 ], [ 12.2498015, 41.9735278 ], [ 12.2497055, 41.9734444 ], [ 12.2495952, 41.9733427 ], [ 12.2494936, 41.9732502 ], [ 12.2493892, 41.9731532 ], [ 12.2492785, 41.9730605 ], [ 12.2491536, 41.9729494 ], [ 12.249055, 41.972857 ], [ 12.2489537, 41.9727555 ], [ 12.2490866, 41.9727024 ], [ 12.2492192, 41.9726853 ], [ 12.2493528, 41.972666 ], [ 12.2495889, 41.9726492 ], [ 12.2497341, 41.9726391 ], [ 12.2499037, 41.9726252 ], [ 12.249972, 41.9726196 ], [ 12.2500732, 41.9726112 ], [ 12.2502471, 41.9725659 ], [ 12.2504132, 41.9724933 ], [ 12.250518, 41.9724418 ], [ 12.2506316, 41.972395 ], [ 12.2508163, 41.9723094 ], [ 12.2510085, 41.9722599 ], [ 12.2512123, 41.9722918 ], [ 12.2513128, 41.9723393 ], [ 12.2514343, 41.9723917 ], [ 12.2515612, 41.9724578 ], [ 12.2516943, 41.9725195 ], [ 12.2518187, 41.972572 ], [ 12.251946, 41.9726291 ], [ 12.252098, 41.9726733 ], [ 12.2522556, 41.9727266 ], [ 12.2524162, 41.9727799 ], [ 12.2526038, 41.9728385 ], [ 12.2527307, 41.9729046 ], [ 12.2528692, 41.9729799 ], [ 12.2529933, 41.9730414 ], [ 12.253146, 41.9730676 ], [ 12.2533449, 41.9730724 ], [ 12.2534735, 41.9730304 ], [ 12.2536144, 41.9729798 ], [ 12.2537569, 41.9728931 ], [ 12.2539089, 41.9727977 ], [ 12.2540169, 41.9727417 ], [ 12.2541375, 41.9726726 ], [ 12.2542998, 41.9726179 ], [ 12.2544642, 41.9725813 ], [ 12.2546287, 41.9725447 ], [ 12.2548559, 41.9725232 ], [ 12.2549857, 41.9725218 ], [ 12.2551285, 41.9725212 ], [ 12.2551878, 41.9725306 ], [ 12.2552924, 41.9725471 ], [ 12.2553728, 41.9725716 ], [ 12.2555528, 41.9726659 ], [ 12.2556344, 41.9727309 ], [ 12.255722, 41.9728005 ], [ 12.2558081, 41.9729017 ], [ 12.2559031, 41.9730075 ], [ 12.2560139, 41.9731677 ], [ 12.2561223, 41.9733144 ], [ 12.2562469, 41.9734345 ], [ 12.2563829, 41.9735683 ], [ 12.2564205, 41.9736052 ], [ 12.2564582, 41.9736422 ], [ 12.2565187, 41.9737787 ], [ 12.2564991, 41.9739538 ], [ 12.2565368, 41.9740583 ], [ 12.2566079, 41.9741591 ], [ 12.2567502, 41.9742885 ], [ 12.2568313, 41.974367 ], [ 12.2569128, 41.9744365 ], [ 12.2569943, 41.974506 ], [ 12.2570816, 41.9745801 ], [ 12.2571752, 41.9746499 ], [ 12.2573859, 41.9747315 ], [ 12.2575262, 41.9747664 ], [ 12.2576538, 41.9747469 ], [ 12.2577843, 41.9747275 ], [ 12.2579937, 41.974701 ], [ 12.258209, 41.9746746 ], [ 12.2582881, 41.9746585 ], [ 12.2585204, 41.9746596 ], [ 12.2587557, 41.9746607 ], [ 12.258977, 41.9747065 ], [ 12.2590486, 41.9747262 ], [ 12.2592536, 41.9747987 ], [ 12.2593783, 41.9748467 ], [ 12.2594362, 41.9748703 ], [ 12.259512, 41.9748949 ], [ 12.2596429, 41.9749385 ], [ 12.2598067, 41.9749875 ], [ 12.2599904, 41.9749964 ], [ 12.2601079, 41.9749992 ], [ 12.2602816, 41.9749583 ], [ 12.2604869, 41.9748866 ], [ 12.2606461, 41.9748319 ], [ 12.2608087, 41.9747682 ], [ 12.2609553, 41.9747267 ], [ 12.2611206, 41.9746721 ], [ 12.2612425, 41.9746435 ], [ 12.2613702, 41.9746196 ], [ 12.2615413, 41.9746416 ], [ 12.2617153, 41.9746638 ], [ 12.2619065, 41.9747089 ], [ 12.2620506, 41.9747259 ], [ 12.2622037, 41.974743 ], [ 12.2623101, 41.9747951 ], [ 12.2624282, 41.9748564 ], [ 12.2625708, 41.9749769 ], [ 12.2626493, 41.9750463 ], [ 12.2627399, 41.975116 ], [ 12.2628731, 41.9752453 ], [ 12.2629458, 41.9753101 ], [ 12.2630239, 41.9753885 ], [ 12.2631663, 41.9755134 ], [ 12.2633267, 41.9756433 ], [ 12.2634716, 41.9757819 ], [ 12.2635428, 41.9758826 ], [ 12.2636223, 41.9759971 ], [ 12.2636633, 41.9760972 ], [ 12.2637218, 41.9762111 ], [ 12.2638386, 41.9762319 ], [ 12.2639337, 41.9761937 ], [ 12.2639081, 41.9760174 ], [ 12.2638683, 41.9758904 ], [ 12.2638315, 41.9757635 ], [ 12.2637692, 41.9756674 ], [ 12.2637124, 41.975585 ], [ 12.2636356, 41.9754751 ], [ 12.2635704, 41.975379 ], [ 12.263465, 41.9752324 ], [ 12.2633677, 41.9751085 ], [ 12.2632818, 41.9750029 ], [ 12.2632677, 41.974908 ], [ 12.2632503, 41.974822 ], [ 12.26327, 41.9747144 ], [ 12.2632927, 41.9746069 ], [ 12.2633429, 41.974491 ], [ 12.2634515, 41.9743495 ], [ 12.2635213, 41.9742701 ], [ 12.2635941, 41.9741908 ], [ 12.2637261, 41.9740679 ], [ 12.2637669, 41.9739608 ], [ 12.2637953, 41.9737904 ], [ 12.2638112, 41.9737007 ], [ 12.2638275, 41.973602 ], [ 12.2638525, 41.9734405 ], [ 12.2638842, 41.9732657 ], [ 12.2639098, 41.9730907 ], [ 12.2639328, 41.9729742 ], [ 12.2639601, 41.9728307 ], [ 12.2639704, 41.9726599 ], [ 12.2639734, 41.9725203 ], [ 12.2639832, 41.972363 ], [ 12.2639567, 41.9722768 ], [ 12.2639219, 41.9721724 ], [ 12.263819, 41.9720394 ], [ 12.263728, 41.9719111 ], [ 12.2636983, 41.9718294 ], [ 12.2636664, 41.9717295 ], [ 12.2636337, 41.9715757 ], [ 12.2636146, 41.9714581 ], [ 12.2636004, 41.9713677 ], [ 12.2635662, 41.9712499 ], [ 12.2635238, 41.9711138 ], [ 12.2635112, 41.9710549 ], [ 12.2634791, 41.9709596 ], [ 12.2634442, 41.9708597 ], [ 12.2634386, 41.9707785 ], [ 12.2634439, 41.9707246 ], [ 12.2634728, 41.9706127 ], [ 12.2635632, 41.9704753 ], [ 12.2636099, 41.9704404 ], [ 12.2636969, 41.9703563 ], [ 12.2638137, 41.9702606 ], [ 12.2640027, 41.9702156 ], [ 12.264209, 41.970189 ], [ 12.2643367, 41.9701651 ], [ 12.2644795, 41.9701414 ], [ 12.2646183, 41.9700727 ], [ 12.2647627, 41.9699411 ], [ 12.2648501, 41.9698711 ], [ 12.264938, 41.9697922 ], [ 12.2650632, 41.9696871 ], [ 12.2652128, 41.9695736 ], [ 12.2653977, 41.9694834 ], [ 12.2655083, 41.9694365 ], [ 12.2656193, 41.9693806 ], [ 12.2657902, 41.9693352 ], [ 12.2659916, 41.9692814 ], [ 12.2662013, 41.9692459 ], [ 12.2663931, 41.9692054 ], [ 12.2666092, 41.9691611 ], [ 12.2667186, 41.9691412 ], [ 12.2668725, 41.9691403 ], [ 12.267053, 41.9691536 ], [ 12.2672696, 41.9691678 ], [ 12.2674291, 41.9691761 ], [ 12.2675917, 41.9691845 ], [ 12.2676798, 41.9691686 ], [ 12.2678194, 41.9691494 ], [ 12.2679893, 41.9691264 ], [ 12.2681, 41.9690795 ], [ 12.2682104, 41.9690371 ], [ 12.2683007, 41.9689717 ], [ 12.2684032, 41.9689021 ], [ 12.2684892, 41.9687961 ], [ 12.2685754, 41.9686856 ], [ 12.2686135, 41.9685694 ], [ 12.2686553, 41.9684398 ], [ 12.268658, 41.9683048 ], [ 12.2686581, 41.9681607 ], [ 12.2686854, 41.9680173 ], [ 12.2687221, 41.9678651 ], [ 12.2687284, 41.9677166 ], [ 12.2687766, 41.9675782 ], [ 12.2688559, 41.9674855 ], [ 12.268995, 41.9674078 ], [ 12.2691463, 41.9673258 ], [ 12.2693391, 41.9672629 ], [ 12.2694335, 41.9672426 ], [ 12.2695309, 41.9672224 ], [ 12.2696222, 41.9672021 ], [ 12.2697076, 41.9671816 ], [ 12.2698172, 41.9671572 ], [ 12.2699159, 41.9671398 ], [ 12.2700936, 41.9671142 ], [ 12.2702908, 41.9670874 ], [ 12.2704417, 41.9670865 ], [ 12.2706229, 41.9670818 ], [ 12.27077, 41.9670988 ], [ 12.2709289, 41.9671206 ], [ 12.2711534, 41.967162 ], [ 12.2713269, 41.9671976 ], [ 12.2715244, 41.9672338 ], [ 12.2716476, 41.9672458 ], [ 12.2717945, 41.9672673 ], [ 12.2720109, 41.9672859 ], [ 12.2722488, 41.9672961 ], [ 12.2723212, 41.9672978 ], [ 12.2725427, 41.967267 ], [ 12.272716, 41.9672351 ], [ 12.2729163, 41.9672084 ], [ 12.2731195, 41.9671817 ], [ 12.2732348, 41.9671664 ], [ 12.2733623, 41.9671469 ], [ 12.2735526, 41.9671425 ], [ 12.2737432, 41.967129 ], [ 12.2739561, 41.967089 ], [ 12.274187, 41.9670495 ], [ 12.2743176, 41.96703 ], [ 12.2744513, 41.9670062 ], [ 12.2746823, 41.9669667 ], [ 12.2747978, 41.9669469 ], [ 12.2749223, 41.9669273 ], [ 12.2750468, 41.9669078 ], [ 12.2751958, 41.9668798 ], [ 12.2753646, 41.9668838 ], [ 12.2755543, 41.9668928 ], [ 12.2757456, 41.9669334 ], [ 12.2759727, 41.9669838 ], [ 12.2761631, 41.9670469 ], [ 12.2763833, 41.9671196 ], [ 12.276601, 41.9671788 ], [ 12.2768186, 41.967238 ], [ 12.2770364, 41.9672972 ], [ 12.2772509, 41.9673609 ], [ 12.2774655, 41.96742 ], [ 12.2776054, 41.9674638 ], [ 12.2777486, 41.9675033 ], [ 12.2779693, 41.9675625 ], [ 12.2780827, 41.9675922 ], [ 12.2782023, 41.9676176 ], [ 12.2783659, 41.967671 ], [ 12.2785883, 41.9676898 ], [ 12.278814, 41.9677041 ], [ 12.2790455, 41.9677231 ], [ 12.2792689, 41.9677194 ], [ 12.2794049, 41.9677137 ], [ 12.2795529, 41.9677082 ], [ 12.2797669, 41.9677132 ], [ 12.2798814, 41.967716 ], [ 12.2801391, 41.9677581 ], [ 12.2802671, 41.9677971 ], [ 12.2803926, 41.9678271 ], [ 12.2805363, 41.967853 ], [ 12.2806492, 41.9678918 ], [ 12.2808195, 41.9679318 ], [ 12.280996, 41.9679675 ], [ 12.281138, 41.9680339 ], [ 12.2813037, 41.9681099 ], [ 12.2814855, 41.9682313 ], [ 12.281603, 41.9683061 ], [ 12.281741, 41.9683949 ], [ 12.2818325, 41.9684421 ], [ 12.2819387, 41.9684987 ], [ 12.2821693, 41.9685402 ], [ 12.2822921, 41.9685611 ], [ 12.2824237, 41.9685867 ], [ 12.2826068, 41.9686091 ], [ 12.2827959, 41.9686315 ], [ 12.2829671, 41.9686491 ], [ 12.2831536, 41.9686625 ], [ 12.2833418, 41.9686355 ], [ 12.2834462, 41.9685929 ], [ 12.283566, 41.9685417 ], [ 12.2836926, 41.9684727 ], [ 12.2837976, 41.9683446 ], [ 12.2839038, 41.9681895 ], [ 12.2839647, 41.9681054 ], [ 12.2840288, 41.9680168 ], [ 12.284107, 41.9679511 ], [ 12.2841914, 41.9678811 ], [ 12.2843567, 41.9677544 ], [ 12.2844973, 41.9676407 ], [ 12.2846501, 41.9675227 ], [ 12.284762, 41.9674443 ], [ 12.2848838, 41.9673482 ], [ 12.2850001, 41.9672383 ], [ 12.2851384, 41.9671065 ], [ 12.2852057, 41.9670136 ], [ 12.2852706, 41.966907 ], [ 12.285348, 41.9667873 ], [ 12.2854163, 41.9666718 ], [ 12.2854972, 41.9665432 ], [ 12.285572, 41.9664144 ], [ 12.2856561, 41.9662813 ], [ 12.2857429, 41.9661572 ], [ 12.2857739, 41.9661355 ], [ 12.2858661, 41.9660251 ], [ 12.2859091, 41.965936 ], [ 12.2859477, 41.9657388 ], [ 12.28597, 41.9655682 ], [ 12.2859948, 41.9654112 ], [ 12.2860082, 41.965308 ], [ 12.2860211, 41.9652182 ], [ 12.2860386, 41.9650881 ], [ 12.2860719, 41.9649448 ], [ 12.2861138, 41.9648051 ], [ 12.28627, 41.9647558 ], [ 12.2865026, 41.9647478 ], [ 12.2867085, 41.9647302 ], [ 12.2868305, 41.964697 ], [ 12.287012, 41.9646158 ], [ 12.287184, 41.9645433 ], [ 12.2872887, 41.9644917 ], [ 12.2873903, 41.9644446 ], [ 12.2875873, 41.9643502 ], [ 12.2877778, 41.9642692 ], [ 12.2879711, 41.9641927 ], [ 12.2881642, 41.9641207 ], [ 12.2883543, 41.9640486 ], [ 12.2885596, 41.9639725 ], [ 12.2887437, 41.9639002 ], [ 12.2889051, 41.9638635 ], [ 12.2890536, 41.963849 ], [ 12.2891958, 41.9638389 ], [ 12.289238, 41.9638399 ], [ 12.2893527, 41.9638381 ], [ 12.2895538, 41.9638609 ], [ 12.2897478, 41.9639105 ], [ 12.2898905, 41.9639589 ], [ 12.2900272, 41.9640071 ], [ 12.2901728, 41.9640601 ], [ 12.2903037, 41.9641037 ], [ 12.2904257, 41.9641426 ], [ 12.2905267, 41.964181 ], [ 12.290714, 41.964244 ], [ 12.29083, 41.9642827 ], [ 12.290946, 41.9643215 ], [ 12.2911423, 41.9643892 ], [ 12.2913538, 41.9644527 ], [ 12.2915381, 41.9645156 ], [ 12.2917221, 41.9645875 ], [ 12.2918826, 41.9646453 ], [ 12.2920366, 41.964712 ], [ 12.2921669, 41.9647691 ], [ 12.2923354, 41.9648496 ], [ 12.2924208, 41.9649012 ], [ 12.2925996, 41.9650225 ], [ 12.2927047, 41.965106 ], [ 12.2928617, 41.9652448 ], [ 12.2930099, 41.9653788 ], [ 12.29313, 41.9654627 ], [ 12.2932443, 41.965542 ], [ 12.2933177, 41.9655887 ], [ 12.2934505, 41.9656594 ], [ 12.2935655, 41.9657207 ], [ 12.2937051, 41.9657735 ], [ 12.2938296, 41.965826 ], [ 12.2939989, 41.9658885 ], [ 12.294171, 41.9659556 ], [ 12.2942819, 41.9659717 ], [ 12.2943999, 41.9659655 ], [ 12.2945131, 41.9659276 ], [ 12.2946001, 41.9658666 ], [ 12.2947188, 41.9657704 ], [ 12.2948215, 41.9656962 ], [ 12.2949182, 41.965622 ], [ 12.2950058, 41.9655475 ], [ 12.2950791, 41.9654547 ], [ 12.29514, 41.9653706 ], [ 12.2952129, 41.9652867 ], [ 12.2952949, 41.9652031 ], [ 12.2954204, 41.965089 ], [ 12.2955329, 41.9649971 ], [ 12.2956326, 41.9649229 ], [ 12.2957196, 41.9648619 ], [ 12.295837, 41.9647971 ], [ 12.2959421, 41.9647366 ], [ 12.2960472, 41.964676 ], [ 12.2961281, 41.9646194 ], [ 12.2962125, 41.9645493 ], [ 12.2962907, 41.9644836 ], [ 12.2963387, 41.9644172 ], [ 12.2964284, 41.9642932 ], [ 12.2965121, 41.9641691 ], [ 12.296583, 41.9640627 ], [ 12.2966472, 41.9639697 ], [ 12.2967172, 41.9638858 ], [ 12.2968014, 41.9638202 ], [ 12.2969001, 41.9637685 ], [ 12.2970372, 41.9637357 ], [ 12.2971768, 41.9637165 ], [ 12.2973279, 41.9637111 ], [ 12.2974808, 41.9637327 ], [ 12.2975687, 41.9637933 ], [ 12.2976591, 41.9638675 ], [ 12.2977373, 41.9639458 ], [ 12.2978613, 41.9640793 ], [ 12.2979253, 41.9641349 ], [ 12.2980221, 41.9642002 ], [ 12.2981042, 41.9642562 ], [ 12.2982434, 41.964318 ], [ 12.2983799, 41.9643707 ], [ 12.2985086, 41.9643963 ], [ 12.2985781, 41.9643934 ], [ 12.298792, 41.9643985 ], [ 12.2988941, 41.9644099 ], [ 12.2989657, 41.9644296 ], [ 12.2991207, 41.9644737 ], [ 12.2992414, 41.9645441 ], [ 12.2993474, 41.9646051 ], [ 12.29948, 41.9646803 ], [ 12.2996067, 41.9647508 ], [ 12.2997221, 41.9648031 ], [ 12.2998287, 41.9648506 ], [ 12.3000133, 41.964909 ], [ 12.3001487, 41.9649167 ], [ 12.3003154, 41.9648981 ], [ 12.3004804, 41.9648479 ], [ 12.3006353, 41.9647525 ], [ 12.3007416, 41.964665 ], [ 12.3008281, 41.9645454 ], [ 12.3009057, 41.9644212 ], [ 12.3009892, 41.9643016 ], [ 12.3011205, 41.9641921 ], [ 12.3012383, 41.9641183 ], [ 12.301378, 41.9640946 ], [ 12.3015118, 41.9640707 ], [ 12.3016596, 41.9640697 ], [ 12.3018016, 41.964064 ], [ 12.3020313, 41.9640559 ], [ 12.3022516, 41.9640521 ], [ 12.3024451, 41.9640431 ], [ 12.3026351, 41.9640431 ], [ 12.3028502, 41.9640211 ], [ 12.3030501, 41.9640033 ], [ 12.3032469, 41.9639854 ], [ 12.3034345, 41.9639718 ], [ 12.3035861, 41.9639529 ], [ 12.3037316, 41.9639383 ], [ 12.3039099, 41.963929 ], [ 12.3040826, 41.9639105 ], [ 12.3041883, 41.9639085 ], [ 12.304423, 41.963923 ], [ 12.3043921, 41.9637962 ], [ 12.3043262, 41.9637136 ], [ 12.3042385, 41.9636485 ], [ 12.3041295, 41.9635874 ], [ 12.3040087, 41.963517 ], [ 12.3038884, 41.9634377 ], [ 12.3037472, 41.9633533 ], [ 12.3036148, 41.9632736 ], [ 12.3034647, 41.9631846 ], [ 12.303303, 41.9630862 ], [ 12.3031327, 41.9629741 ], [ 12.3029679, 41.9628757 ], [ 12.3027857, 41.9627633 ], [ 12.3026328, 41.9626697 ], [ 12.3024503, 41.9625618 ], [ 12.3023479, 41.9624874 ], [ 12.3022249, 41.9623989 ], [ 12.3021341, 41.9623338 ], [ 12.3020526, 41.9622643 ], [ 12.3018976, 41.9621481 ], [ 12.301801, 41.9620783 ], [ 12.3017253, 41.9620135 ], [ 12.301579, 41.9619065 ], [ 12.3014271, 41.9617903 ], [ 12.3012894, 41.9616925 ], [ 12.3011636, 41.9615995 ], [ 12.3010736, 41.9615163 ], [ 12.3009897, 41.9614333 ], [ 12.3008991, 41.9612916 ], [ 12.3008333, 41.9611369 ], [ 12.300816, 41.9610465 ], [ 12.3007925, 41.9609604 ], [ 12.3007972, 41.9608479 ], [ 12.300807, 41.9607581 ], [ 12.3008259, 41.9605964 ], [ 12.3008446, 41.9604393 ], [ 12.3008665, 41.9602777 ], [ 12.3008854, 41.960116 ], [ 12.3009051, 41.9599364 ], [ 12.3009206, 41.9597837 ], [ 12.3009361, 41.9596309 ], [ 12.3009538, 41.9594963 ], [ 12.3009667, 41.9594065 ], [ 12.3009735, 41.9593166 ], [ 12.3009962, 41.959137 ], [ 12.3010183, 41.9589709 ], [ 12.3010319, 41.9588632 ], [ 12.3010385, 41.9587778 ], [ 12.3010608, 41.9586072 ], [ 12.3010764, 41.95845 ], [ 12.3010831, 41.9582925 ], [ 12.3010826, 41.958162 ], [ 12.301067, 41.958031 ], [ 12.3010516, 41.9578956 ], [ 12.3010029, 41.9577638 ], [ 12.3009344, 41.9576001 ], [ 12.3008657, 41.9574409 ], [ 12.3008213, 41.9573498 ], [ 12.3007765, 41.9572677 ], [ 12.300699, 41.9571038 ], [ 12.3006346, 41.9569852 ], [ 12.3005819, 41.9568759 ], [ 12.3004953, 41.9567117 ], [ 12.3004046, 41.9565745 ], [ 12.3003201, 41.9564329 ], [ 12.3002203, 41.9562955 ], [ 12.3001294, 41.9561628 ], [ 12.3000093, 41.9560069 ], [ 12.2999003, 41.9558737 ], [ 12.2997174, 41.9556353 ], [ 12.2996112, 41.9555067 ], [ 12.2995284, 41.9553967 ], [ 12.2994395, 41.9552865 ], [ 12.2993565, 41.955181 ], [ 12.2992618, 41.9550662 ], [ 12.2991845, 41.9549698 ], [ 12.2990869, 41.9548505 ], [ 12.2989925, 41.9547312 ], [ 12.2988978, 41.9546164 ], [ 12.2988119, 41.9545063 ], [ 12.2987376, 41.95441 ], [ 12.2986465, 41.9542817 ], [ 12.2985818, 41.9541722 ], [ 12.2985108, 41.9540669 ], [ 12.298467, 41.9539623 ], [ 12.298429, 41.9538624 ], [ 12.2984034, 41.9537537 ], [ 12.2983837, 41.9536497 ], [ 12.2983803, 41.9535145 ], [ 12.2983826, 41.9533885 ], [ 12.2983919, 41.9532401 ], [ 12.2984008, 41.9531007 ], [ 12.2984062, 41.9529748 ], [ 12.2984115, 41.9528488 ], [ 12.2984155, 41.9526823 ], [ 12.2984197, 41.9525113 ], [ 12.298426, 41.9523629 ], [ 12.2984334, 41.9522595 ], [ 12.2984345, 41.9521604 ], [ 12.2984301, 41.9520523 ], [ 12.298422, 41.9519575 ], [ 12.2984136, 41.9518718 ], [ 12.2983963, 41.9517093 ], [ 12.2983606, 41.9515553 ], [ 12.2983339, 41.9514016 ], [ 12.298298, 41.9513242 ], [ 12.2982624, 41.9511658 ], [ 12.2982272, 41.9510704 ], [ 12.2981866, 41.9509614 ], [ 12.2981663, 41.9508708 ], [ 12.2981438, 41.9507622 ], [ 12.2981174, 41.9506715 ], [ 12.2980853, 41.9505762 ], [ 12.2980561, 41.950481 ], [ 12.2980183, 41.9503765 ], [ 12.2979792, 41.9502315 ], [ 12.2979378, 41.9500684 ], [ 12.2979014, 41.9499325 ], [ 12.2978591, 41.9497919 ], [ 12.2978222, 41.949665 ], [ 12.2977829, 41.9495245 ], [ 12.2977571, 41.9494203 ], [ 12.2977203, 41.9492934 ], [ 12.2976859, 41.94918 ], [ 12.2976516, 41.9490621 ], [ 12.2976281, 41.948976 ], [ 12.297605, 41.9488809 ], [ 12.2975593, 41.9487492 ], [ 12.2975121, 41.9485815 ], [ 12.2974777, 41.9484681 ], [ 12.2974437, 41.9483457 ], [ 12.2974096, 41.9482234 ], [ 12.2973617, 41.9480736 ], [ 12.2973271, 41.9479648 ], [ 12.2972838, 41.9478467 ], [ 12.2972223, 41.9477327 ], [ 12.297164, 41.9476142 ], [ 12.2971412, 41.9475821 ], [ 12.2971069, 41.9475363 ], [ 12.2970501, 41.9474539 ], [ 12.2969722, 41.947371 ], [ 12.2968942, 41.9472881 ], [ 12.2967928, 41.9471912 ], [ 12.2966857, 41.9470851 ], [ 12.2965577, 41.946974 ], [ 12.2964299, 41.9468585 ], [ 12.2963111, 41.9467431 ], [ 12.2961688, 41.9466136 ], [ 12.2960235, 41.9464841 ], [ 12.2958869, 41.9463639 ], [ 12.295753, 41.9462481 ], [ 12.2956311, 41.9461372 ], [ 12.2954976, 41.9460125 ], [ 12.2953756, 41.9459015 ], [ 12.2952507, 41.9457905 ], [ 12.2951492, 41.9456936 ], [ 12.2950126, 41.9455733 ], [ 12.2948848, 41.9454577 ], [ 12.2947483, 41.9453329 ], [ 12.2946297, 41.945213 ], [ 12.2945192, 41.9451159 ], [ 12.2944234, 41.945028 ], [ 12.2943335, 41.9449449 ], [ 12.2942465, 41.9448618 ], [ 12.2941157, 41.9447461 ], [ 12.2939905, 41.9446396 ], [ 12.2938863, 41.9445381 ], [ 12.2937671, 41.9444317 ], [ 12.2936625, 41.9443392 ], [ 12.2935524, 41.944233 ], [ 12.2934479, 41.944136 ], [ 12.2933499, 41.9440301 ], [ 12.2932673, 41.9439156 ], [ 12.2932244, 41.9438606 ], [ 12.293154, 41.9437418 ], [ 12.2931322, 41.9436873 ], [ 12.2930968, 41.9435964 ], [ 12.2930643, 41.9435101 ], [ 12.2930254, 41.9433605 ], [ 12.2929885, 41.9432336 ], [ 12.2929662, 41.9431205 ], [ 12.2929406, 41.9430118 ], [ 12.2929128, 41.9428851 ], [ 12.2928848, 41.9427629 ], [ 12.2928542, 41.9426316 ], [ 12.2928349, 41.9425185 ], [ 12.2928002, 41.9424096 ], [ 12.2927718, 41.9422987 ], [ 12.2927121, 41.9421419 ], [ 12.2926131, 41.9419865 ], [ 12.2925265, 41.9418944 ], [ 12.2924549, 41.9418071 ], [ 12.2923641, 41.9417419 ], [ 12.2922732, 41.9416813 ], [ 12.2921672, 41.9416202 ], [ 12.2920852, 41.9415643 ], [ 12.2919705, 41.941494 ], [ 12.2918734, 41.9414377 ], [ 12.2917614, 41.9413765 ], [ 12.2916613, 41.9413201 ], [ 12.2915257, 41.9412449 ], [ 12.2914143, 41.9411702 ], [ 12.2912995, 41.9411044 ], [ 12.291214, 41.9410574 ], [ 12.2910697, 41.9409774 ], [ 12.2909697, 41.9409165 ], [ 12.2908754, 41.9408648 ], [ 12.2907664, 41.9408037 ], [ 12.2906725, 41.9407429 ], [ 12.2905338, 41.9406721 ], [ 12.290419, 41.9406063 ], [ 12.2902895, 41.9405312 ], [ 12.2901598, 41.9404606 ], [ 12.2900246, 41.9403764 ], [ 12.2899072, 41.9403016 ], [ 12.2897865, 41.9402312 ], [ 12.2896806, 41.9401701 ], [ 12.2895746, 41.9401091 ], [ 12.2894684, 41.9400526 ], [ 12.2892889, 41.9399493 ], [ 12.2891121, 41.9398505 ], [ 12.2889593, 41.9397569 ], [ 12.288827, 41.9396772 ], [ 12.2886679, 41.9395879 ], [ 12.2885179, 41.9394988 ], [ 12.2883589, 41.9394095 ], [ 12.2882235, 41.9393297 ], [ 12.288091, 41.9392545 ], [ 12.2879734, 41.9391842 ], [ 12.2877938, 41.9390809 ], [ 12.2876762, 41.9390106 ], [ 12.2875732, 41.9389496 ], [ 12.2873911, 41.9388372 ], [ 12.2872539, 41.9387304 ], [ 12.2871398, 41.9386467 ], [ 12.2869968, 41.9385352 ], [ 12.2868594, 41.9384329 ], [ 12.2866959, 41.9383075 ], [ 12.2865591, 41.9381917 ], [ 12.2864864, 41.9381269 ], [ 12.2863739, 41.9380072 ], [ 12.2862785, 41.9379104 ], [ 12.2861517, 41.9377723 ], [ 12.2860337, 41.9376389 ], [ 12.2859266, 41.9375328 ], [ 12.2858256, 41.9374269 ], [ 12.2857389, 41.9373393 ], [ 12.2856581, 41.9372518 ], [ 12.2855257, 41.9371046 ], [ 12.2854015, 41.9369756 ], [ 12.2852916, 41.9368649 ], [ 12.2851648, 41.9367268 ], [ 12.2850781, 41.9366392 ], [ 12.285003, 41.9365609 ], [ 12.2848703, 41.9364181 ], [ 12.2847373, 41.9362844 ], [ 12.2846596, 41.936197 ], [ 12.2845902, 41.9361278 ], [ 12.2844547, 41.9359805 ], [ 12.2843539, 41.9358701 ], [ 12.2842703, 41.9357781 ], [ 12.2842079, 41.9356865 ], [ 12.2841424, 41.9355949 ], [ 12.2840693, 41.9354716 ], [ 12.284012, 41.9353284 ], [ 12.2839761, 41.9351812 ], [ 12.2839528, 41.9350186 ], [ 12.283935, 41.9348696 ], [ 12.2839152, 41.934698 ], [ 12.2838998, 41.9345625 ], [ 12.2838841, 41.9344361 ], [ 12.283861, 41.9342689 ], [ 12.283837, 41.9341243 ], [ 12.2837942, 41.9339972 ], [ 12.2837218, 41.9338559 ], [ 12.2836759, 41.9338008 ], [ 12.2835899, 41.9336952 ], [ 12.2834762, 41.9336024 ], [ 12.2832969, 41.9334946 ], [ 12.2831385, 41.9333918 ], [ 12.2829997, 41.933321 ], [ 12.2828759, 41.933255 ], [ 12.2826932, 41.9331561 ], [ 12.2825575, 41.9330853 ], [ 12.2824248, 41.9330147 ], [ 12.2822421, 41.9329158 ], [ 12.2821148, 41.9328587 ], [ 12.2820049, 41.9328201 ], [ 12.281886, 41.9327813 ], [ 12.2817821, 41.9327428 ], [ 12.2816087, 41.9327072 ], [ 12.2814534, 41.932672 ], [ 12.2812292, 41.9326261 ], [ 12.2810167, 41.9325896 ], [ 12.2808166, 41.9325443 ], [ 12.280695, 41.9324964 ], [ 12.2805851, 41.9324578 ], [ 12.2803966, 41.9323542 ], [ 12.2803917, 41.932255 ], [ 12.2803844, 41.9320886 ], [ 12.2803635, 41.9319977 ], [ 12.2802702, 41.9318514 ], [ 12.280236, 41.9318056 ], [ 12.2801078, 41.931699 ], [ 12.2799554, 41.9315963 ], [ 12.2797851, 41.9314887 ], [ 12.2796382, 41.9313997 ], [ 12.2795177, 41.9313248 ], [ 12.2793326, 41.9312123 ], [ 12.2791711, 41.9311094 ], [ 12.2790239, 41.9310249 ], [ 12.2788538, 41.9309128 ], [ 12.2787569, 41.9308519 ], [ 12.2786659, 41.9307957 ], [ 12.2784895, 41.930688 ], [ 12.2783488, 41.9305946 ], [ 12.2782077, 41.9305102 ], [ 12.2780402, 41.9304072 ], [ 12.2778759, 41.9302997 ], [ 12.277732, 41.9302107 ], [ 12.27755, 41.9300939 ], [ 12.2774177, 41.9300142 ], [ 12.2773033, 41.9299394 ], [ 12.277127, 41.9298317 ], [ 12.2769479, 41.9297193 ], [ 12.2767925, 41.9296166 ], [ 12.2766696, 41.9295281 ], [ 12.2764907, 41.9294113 ], [ 12.2763768, 41.929323 ], [ 12.2762835, 41.9292488 ], [ 12.2761936, 41.9291656 ], [ 12.2761184, 41.9290918 ], [ 12.2760409, 41.9289999 ], [ 12.2759718, 41.9289217 ], [ 12.2758804, 41.9288024 ], [ 12.2757856, 41.9286921 ], [ 12.2756976, 41.928564 ], [ 12.2755944, 41.9284399 ], [ 12.2754909, 41.9283204 ], [ 12.2754129, 41.928242 ], [ 12.2753408, 41.9281637 ], [ 12.2752507, 41.9280851 ], [ 12.2751111, 41.9279647 ], [ 12.2750259, 41.9279021 ], [ 12.2749591, 41.927853 ], [ 12.2748101, 41.9277414 ], [ 12.2746869, 41.9276619 ], [ 12.2745608, 41.9275779 ], [ 12.2743903, 41.9274748 ], [ 12.2742321, 41.9273674 ], [ 12.2741002, 41.9272787 ], [ 12.2739536, 41.9271807 ], [ 12.2739243, 41.927162 ], [ 12.2738129, 41.9270873 ], [ 12.2737076, 41.9270127 ], [ 12.2736165, 41.9269566 ], [ 12.2734378, 41.9268352 ], [ 12.2733236, 41.926756 ], [ 12.2732208, 41.9266905 ], [ 12.2730505, 41.9265829 ], [ 12.2728716, 41.9264661 ], [ 12.2727721, 41.9263962 ], [ 12.2726665, 41.9263261 ], [ 12.2725236, 41.9262146 ], [ 12.2724077, 41.9261038 ], [ 12.2722975, 41.9260021 ], [ 12.2721826, 41.9258688 ], [ 12.2720848, 41.9257584 ], [ 12.2719704, 41.9256116 ], [ 12.2718618, 41.9254739 ], [ 12.2717961, 41.9253868 ], [ 12.2717333, 41.9253043 ], [ 12.2716248, 41.9251621 ], [ 12.2715103, 41.9250198 ], [ 12.2714106, 41.9248824 ], [ 12.2713076, 41.9247538 ], [ 12.2712134, 41.92463 ], [ 12.271151, 41.9245385 ], [ 12.2710966, 41.9244696 ], [ 12.2709857, 41.9243139 ], [ 12.2708857, 41.9241854 ], [ 12.2708057, 41.92408 ], [ 12.270721, 41.9239474 ], [ 12.2706533, 41.9238377 ], [ 12.2706148, 41.9237512 ], [ 12.2705794, 41.9236603 ], [ 12.2705167, 41.9235058 ], [ 12.2704814, 41.9234149 ], [ 12.2704459, 41.9233285 ], [ 12.270392, 41.9231786 ], [ 12.2703202, 41.9230238 ], [ 12.2702541, 41.9228781 ], [ 12.2701777, 41.9227592 ], [ 12.2701099, 41.922654 ], [ 12.2699835, 41.922507 ], [ 12.269871, 41.9223872 ], [ 12.2697872, 41.9223042 ], [ 12.269715, 41.9222304 ], [ 12.2695758, 41.922101 ], [ 12.2694432, 41.9219583 ], [ 12.2693251, 41.9218294 ], [ 12.2692593, 41.9217468 ], [ 12.2692061, 41.9216509 ], [ 12.2691553, 41.9215687 ], [ 12.2691155, 41.9214417 ], [ 12.2690773, 41.9212786 ], [ 12.2690575, 41.9211071 ], [ 12.2690341, 41.9209489 ], [ 12.2689973, 41.9208219 ], [ 12.2689635, 41.9206951 ], [ 12.2689032, 41.920554 ], [ 12.2688544, 41.9204268 ], [ 12.2688023, 41.920304 ], [ 12.2687364, 41.9201538 ], [ 12.2686759, 41.9200173 ], [ 12.2686319, 41.9199172 ], [ 12.2685908, 41.9198217 ], [ 12.2685283, 41.9196626 ], [ 12.2684569, 41.9194988 ], [ 12.2683911, 41.9193441 ], [ 12.268362, 41.9192489 ], [ 12.2683235, 41.9191624 ], [ 12.268273, 41.9190036 ], [ 12.2682263, 41.9188269 ], [ 12.2682345, 41.9187055 ], [ 12.2682367, 41.918584 ], [ 12.2682149, 41.9184574 ], [ 12.2681957, 41.9183443 ], [ 12.2681361, 41.9181853 ], [ 12.2680244, 41.9180476 ], [ 12.2679333, 41.9179238 ], [ 12.2678584, 41.917841 ], [ 12.2677892, 41.9177673 ], [ 12.26766, 41.9176156 ], [ 12.2675247, 41.9174683 ], [ 12.2674006, 41.9173393 ], [ 12.2672706, 41.9172056 ], [ 12.2671377, 41.9170719 ], [ 12.267031, 41.9169568 ], [ 12.2669041, 41.9168231 ], [ 12.2667683, 41.9166848 ], [ 12.2666591, 41.9165607 ], [ 12.2665642, 41.9164548 ], [ 12.266434, 41.9163256 ], [ 12.2663099, 41.9161966 ], [ 12.2661709, 41.9160627 ], [ 12.2660989, 41.9159845 ], [ 12.2660267, 41.9159107 ], [ 12.2659026, 41.9157816 ], [ 12.2657757, 41.915648 ], [ 12.2656397, 41.9155142 ], [ 12.2655151, 41.9153987 ], [ 12.26545, 41.9152981 ], [ 12.2653878, 41.915202 ], [ 12.2653324, 41.9150881 ], [ 12.2653261, 41.9149529 ], [ 12.2653195, 41.9148267 ], [ 12.2653425, 41.9147101 ], [ 12.2653557, 41.9146033 ], [ 12.2653531, 41.9144627 ], [ 12.2653062, 41.9142905 ], [ 12.2652406, 41.9142034 ], [ 12.2651082, 41.9140562 ], [ 12.26495, 41.9139488 ], [ 12.2648509, 41.9138699 ], [ 12.2646927, 41.9137626 ], [ 12.2645791, 41.9136698 ], [ 12.2644798, 41.9135954 ], [ 12.2643558, 41.9134664 ], [ 12.2642843, 41.9133746 ], [ 12.2642615, 41.913275 ], [ 12.2642378, 41.9131934 ], [ 12.2642757, 41.9130817 ], [ 12.2643067, 41.9129924 ], [ 12.2643627, 41.9128812 ], [ 12.2644185, 41.9127744 ], [ 12.2644909, 41.9126321 ], [ 12.2645266, 41.9125023 ], [ 12.264525, 41.9123987 ], [ 12.2645198, 41.9123085 ], [ 12.2645018, 41.912164 ], [ 12.2644869, 41.9120196 ], [ 12.2644791, 41.9119203 ], [ 12.2644771, 41.9118257 ], [ 12.2644716, 41.9116725 ], [ 12.2644653, 41.9115373 ], [ 12.2644544, 41.9113704 ], [ 12.2644426, 41.9112215 ], [ 12.2644356, 41.9111043 ], [ 12.2644253, 41.9109915 ], [ 12.2644187, 41.9108652 ], [ 12.264409, 41.9107389 ], [ 12.2643948, 41.9105765 ], [ 12.2643831, 41.9104276 ], [ 12.2643663, 41.9102561 ], [ 12.2643283, 41.9100886 ], [ 12.2642866, 41.9099345 ], [ 12.2642815, 41.9098443 ], [ 12.264277, 41.9097362 ], [ 12.2642626, 41.9096503 ], [ 12.2642398, 41.9095507 ], [ 12.2642294, 41.9095099 ], [ 12.2642102, 41.9093969 ], [ 12.2641868, 41.9092993 ], [ 12.2641738, 41.9091889 ], [ 12.2641568, 41.9090939 ], [ 12.2641317, 41.9089762 ], [ 12.2641092, 41.9088676 ], [ 12.264058, 41.9087268 ], [ 12.2639924, 41.9086397 ], [ 12.2639386, 41.9085574 ], [ 12.2638245, 41.908406 ], [ 12.2637499, 41.9083187 ], [ 12.2636437, 41.9081946 ], [ 12.2635375, 41.9080705 ], [ 12.2634113, 41.9079189 ], [ 12.2633109, 41.9080111 ], [ 12.2631827, 41.9081206 ], [ 12.2630608, 41.9082212 ], [ 12.262954, 41.9083222 ], [ 12.2628567, 41.9084145 ], [ 12.262796, 41.9084941 ], [ 12.2627353, 41.9085737 ], [ 12.2626272, 41.9087062 ], [ 12.262568, 41.9086102 ], [ 12.2625175, 41.9085235 ], [ 12.2624155, 41.90844 ], [ 12.262306, 41.9084644 ], [ 12.2622135, 41.9085117 ], [ 12.2621346, 41.9086048 ], [ 12.2619988, 41.9084931 ], [ 12.2619556, 41.9084499 ], [ 12.261928, 41.9084238 ], [ 12.2618556, 41.9083546 ], [ 12.2618478, 41.9082553 ], [ 12.2617346, 41.9081536 ], [ 12.2616186, 41.9080472 ], [ 12.2615206, 41.9079413 ], [ 12.261417, 41.9078263 ], [ 12.2613665, 41.9077395 ], [ 12.2613015, 41.9076389 ], [ 12.2612465, 41.907516 ], [ 12.2611858, 41.907384 ], [ 12.2611018, 41.9072334 ], [ 12.2610201, 41.9071009 ], [ 12.2609701, 41.9070006 ], [ 12.260917, 41.9069048 ], [ 12.2608306, 41.9067406 ], [ 12.2607494, 41.9065946 ], [ 12.2606713, 41.9064486 ], [ 12.2606042, 41.9063255 ], [ 12.2605351, 41.9061797 ], [ 12.2604742, 41.9060522 ], [ 12.2604593, 41.9060223 ], [ 12.2603993, 41.9059018 ], [ 12.2603236, 41.9057694 ], [ 12.2602571, 41.9056327 ], [ 12.2602093, 41.905483 ], [ 12.2602015, 41.9053838 ], [ 12.2601935, 41.905289 ], [ 12.2602132, 41.9051094 ], [ 12.2602346, 41.9049613 ], [ 12.2602554, 41.9048267 ], [ 12.2602725, 41.90471 ], [ 12.2603039, 41.9045397 ], [ 12.2603291, 41.9043737 ], [ 12.2603467, 41.9042435 ], [ 12.2603577, 41.9041267 ], [ 12.2603783, 41.9039966 ], [ 12.2603894, 41.9038798 ], [ 12.2604147, 41.9037093 ], [ 12.2604171, 41.9035833 ], [ 12.2604187, 41.9034753 ], [ 12.2603989, 41.9033757 ], [ 12.2603813, 41.9032942 ], [ 12.2603457, 41.9031403 ], [ 12.2602798, 41.9029901 ], [ 12.2602193, 41.9028536 ], [ 12.2601611, 41.9027351 ], [ 12.2601111, 41.9026349 ], [ 12.2600362, 41.9024845 ], [ 12.2599554, 41.9023295 ], [ 12.259875, 41.9021655 ], [ 12.2598198, 41.9020471 ], [ 12.2597642, 41.9019377 ], [ 12.2597028, 41.9018236 ], [ 12.2596587, 41.901728 ], [ 12.2595535, 41.9015814 ], [ 12.2594567, 41.9014485 ], [ 12.2593367, 41.9013646 ], [ 12.2592228, 41.9012808 ], [ 12.2590676, 41.9011736 ], [ 12.2589268, 41.9010847 ], [ 12.2588125, 41.9010099 ], [ 12.2587128, 41.9009445 ], [ 12.2585428, 41.9008323 ], [ 12.258414, 41.9007437 ], [ 12.2582969, 41.9006643 ], [ 12.2581269, 41.9005522 ], [ 12.2579597, 41.9004447 ], [ 12.2577809, 41.9003278 ], [ 12.2576079, 41.9002156 ], [ 12.2574257, 41.9001077 ], [ 12.2572609, 41.9000137 ], [ 12.2570357, 41.8997832 ], [ 12.2568452, 41.8995175 ], [ 12.2567737, 41.8993582 ], [ 12.2567238, 41.8991859 ], [ 12.2566786, 41.8990452 ], [ 12.2566376, 41.8988776 ], [ 12.2565984, 41.8987371 ], [ 12.2565539, 41.8985784 ], [ 12.2565093, 41.8984243 ], [ 12.2564621, 41.898261 ], [ 12.2564167, 41.8981249 ], [ 12.2563737, 41.8980022 ], [ 12.2563534, 41.8978442 ], [ 12.2563433, 41.8977268 ], [ 12.2563361, 41.8976141 ], [ 12.2563288, 41.8975734 ], [ 12.256352, 41.8974524 ], [ 12.2563812, 41.897336 ], [ 12.2564212, 41.8971749 ], [ 12.2564545, 41.8970316 ], [ 12.2564824, 41.8968709 ], [ 12.2565033, 41.8967356 ], [ 12.2564983, 41.8966409 ], [ 12.2564497, 41.8965091 ], [ 12.2563847, 41.8964085 ], [ 12.2562804, 41.8963115 ], [ 12.2561902, 41.8962373 ], [ 12.2561396, 41.8962225 ], [ 12.255985, 41.8961018 ], [ 12.2559062, 41.8960414 ], [ 12.255819, 41.8959672 ], [ 12.2556583, 41.8958508 ], [ 12.2555709, 41.8957812 ], [ 12.2554567, 41.8957019 ], [ 12.2552962, 41.895581 ], [ 12.2551704, 41.8954924 ], [ 12.255036, 41.8953946 ], [ 12.2548724, 41.8952737 ], [ 12.2547585, 41.8951899 ], [ 12.2546446, 41.8951061 ], [ 12.254478, 41.894985 ], [ 12.2543876, 41.8949153 ], [ 12.2542766, 41.8948316 ], [ 12.2541249, 41.8947154 ], [ 12.2540285, 41.8946456 ], [ 12.2539146, 41.8945618 ], [ 12.2538649, 41.8945246 ], [ 12.2538366, 41.8944113 ], [ 12.2519522, 41.8930334 ], [ 12.2505502, 41.8920002 ], [ 12.2504276, 41.8919072 ], [ 12.2499345, 41.8915307 ], [ 12.249048, 41.890915 ], [ 12.2487007, 41.8907221 ], [ 12.2483563, 41.8905337 ], [ 12.2480366, 41.8904 ], [ 12.2475628, 41.890276 ], [ 12.2472132, 41.8902091 ], [ 12.2467196, 41.8901252 ], [ 12.2455589, 41.8899308 ], [ 12.2429543, 41.8895395 ], [ 12.2415506, 41.8893212 ], [ 12.2412365, 41.8892686 ], [ 12.2411293, 41.889239 ], [ 12.241052, 41.8892146 ], [ 12.2409424, 41.8891715 ], [ 12.2408779, 41.8891294 ], [ 12.2407869, 41.8890732 ], [ 12.2401728, 41.8885721 ], [ 12.2397309, 41.8882688 ], [ 12.2395568, 41.8881835 ], [ 12.239371, 41.888089 ], [ 12.2392505, 41.8880186 ], [ 12.2386574, 41.8878692 ], [ 12.2384404, 41.887801 ], [ 12.2383725, 41.8877678 ], [ 12.2382776, 41.887734 ], [ 12.2382357, 41.8876564 ], [ 12.2382106, 41.8876108 ], [ 12.2382012, 41.8875475 ], [ 12.2381481, 41.8874517 ], [ 12.2380849, 41.8873106 ], [ 12.2379792, 41.8871054 ], [ 12.2376991, 41.8866844 ], [ 12.2372619, 41.885994 ], [ 12.2370626, 41.8855839 ], [ 12.2370158, 41.885461 ], [ 12.2370112, 41.8853801 ], [ 12.2369927, 41.885249 ], [ 12.2369483, 41.8850904 ], [ 12.2369132, 41.8849274 ], [ 12.2368975, 41.884801 ], [ 12.2369269, 41.8846801 ], [ 12.2369464, 41.884577 ], [ 12.2369875, 41.8844609 ], [ 12.2370377, 41.884345 ], [ 12.2371209, 41.8841624 ], [ 12.2374974, 41.8832574 ], [ 12.2381569, 41.8817964 ], [ 12.238457, 41.8811237 ], [ 12.2386064, 41.8810823 ], [ 12.2388296, 41.8810066 ], [ 12.2393963, 41.8808581 ], [ 12.24007, 41.8806762 ], [ 12.2409718, 41.8804412 ], [ 12.2412401, 41.8803666 ], [ 12.2428775, 41.8799106 ], [ 12.2450119, 41.879318 ], [ 12.2460195, 41.8790045 ], [ 12.2465667, 41.8788195 ], [ 12.2470068, 41.8786724 ], [ 12.2473027, 41.8785174 ], [ 12.2475689, 41.8784203 ], [ 12.2479838, 41.87816 ], [ 12.2480984, 41.8780862 ], [ 12.2481844, 41.8780478 ], [ 12.2483421, 41.8779525 ], [ 12.2484708, 41.877834 ], [ 12.2487616, 41.8776564 ], [ 12.2491053, 41.8773674 ], [ 12.2493459, 41.8771661 ], [ 12.2494655, 41.8770474 ], [ 12.2517178, 41.8746833 ], [ 12.2518785, 41.8740973 ], [ 12.2517882, 41.8733206 ], [ 12.2526987, 41.8723203 ], [ 12.252995, 41.8722238 ], [ 12.2534194, 41.8723015 ], [ 12.2538273, 41.8724824 ], [ 12.2539026, 41.8724121 ], [ 12.255749, 41.870376 ], [ 12.258892, 41.8670335 ], [ 12.2593555, 41.8665492 ], [ 12.2609224, 41.8649116 ], [ 12.2613087, 41.8643985 ], [ 12.2615643, 41.8639858 ], [ 12.2616763, 41.8638309 ], [ 12.2617673, 41.8636754 ], [ 12.2618522, 41.8635199 ], [ 12.2619178, 41.8633954 ], [ 12.2619769, 41.8632797 ], [ 12.2620593, 41.8631151 ], [ 12.2621169, 41.8629633 ], [ 12.2621774, 41.8628162 ], [ 12.2622447, 41.8626512 ], [ 12.2622757, 41.8625619 ], [ 12.2623005, 41.8624724 ], [ 12.2623518, 41.8623295 ], [ 12.2623834, 41.8621547 ], [ 12.2624176, 41.8619889 ], [ 12.2624549, 41.8618187 ], [ 12.2624919, 41.8616575 ], [ 12.2625197, 41.8615005 ], [ 12.2625571, 41.8613303 ], [ 12.2625762, 41.8611642 ], [ 12.2625917, 41.8610081 ], [ 12.2626175, 41.8608319 ], [ 12.2626312, 41.8606521 ], [ 12.2626486, 41.8605265 ], [ 12.2626638, 41.8603827 ], [ 12.2626833, 41.8602076 ], [ 12.2627027, 41.860037 ], [ 12.2627222, 41.8598618 ], [ 12.2627383, 41.8596956 ], [ 12.2627529, 41.8595654 ], [ 12.2627709, 41.8594262 ], [ 12.26279, 41.85926 ], [ 12.2628124, 41.8590895 ], [ 12.2628289, 41.8589143 ], [ 12.2628456, 41.8587345 ], [ 12.26286, 41.8586088 ], [ 12.2628784, 41.8584606 ], [ 12.2628973, 41.858299 ], [ 12.2629166, 41.8581283 ], [ 12.2629362, 41.8579532 ], [ 12.2629523, 41.857787 ], [ 12.2629716, 41.8576163 ], [ 12.2629858, 41.8574951 ], [ 12.2630008, 41.8573559 ], [ 12.2630229, 41.8571898 ], [ 12.2630394, 41.8570146 ], [ 12.2630644, 41.8568531 ], [ 12.2630746, 41.8567542 ], [ 12.2630851, 41.8566509 ], [ 12.2631315, 41.8564809 ], [ 12.2631637, 41.8563601 ], [ 12.2632056, 41.856226 ], [ 12.2632524, 41.856047 ], [ 12.2632928, 41.8558769 ], [ 12.2633424, 41.8557025 ], [ 12.2634125, 41.855542 ], [ 12.2634758, 41.8553995 ], [ 12.2635425, 41.8552479 ], [ 12.2635886, 41.8551545 ], [ 12.2636285, 41.8550654 ], [ 12.2636681, 41.8549853 ], [ 12.2637436, 41.8548385 ], [ 12.2638195, 41.8546827 ], [ 12.2638988, 41.854518 ], [ 12.2639749, 41.8543577 ], [ 12.2640393, 41.8542602 ], [ 12.2641037, 41.8541626 ], [ 12.2642003, 41.8540163 ], [ 12.2643035, 41.8538567 ], [ 12.2644002, 41.8537059 ], [ 12.2644996, 41.8535642 ], [ 12.2645983, 41.8534405 ], [ 12.2646871, 41.8533345 ], [ 12.2648107, 41.8531889 ], [ 12.2649316, 41.8530386 ], [ 12.2650485, 41.8529109 ], [ 12.2651557, 41.8527963 ], [ 12.2652942, 41.8526555 ], [ 12.2654267, 41.8525146 ], [ 12.2655558, 41.8523826 ], [ 12.2656747, 41.8522774 ], [ 12.2657752, 41.8521807 ], [ 12.2659221, 41.8520536 ], [ 12.2660631, 41.8519264 ], [ 12.2662102, 41.8517948 ], [ 12.2663605, 41.8516588 ], [ 12.2664987, 41.851527 ], [ 12.266652, 41.8513911 ], [ 12.2667931, 41.8512593 ], [ 12.2669463, 41.8511279 ], [ 12.2670842, 41.8510006 ], [ 12.2672345, 41.8508646 ], [ 12.2673664, 41.8507371 ], [ 12.2675136, 41.8506056 ], [ 12.2676607, 41.850474 ], [ 12.2678082, 41.8503334 ], [ 12.2679553, 41.8502018 ], [ 12.2680964, 41.8500701 ], [ 12.2682468, 41.8499341 ], [ 12.2683881, 41.8497979 ], [ 12.2685294, 41.8496616 ], [ 12.2686797, 41.8495256 ], [ 12.2688272, 41.849385 ], [ 12.2689653, 41.8492532 ], [ 12.2691187, 41.8491173 ], [ 12.269263, 41.8489812 ], [ 12.2694041, 41.8488494 ], [ 12.2695482, 41.8487178 ], [ 12.2696955, 41.8485817 ], [ 12.2698332, 41.8484589 ], [ 12.2699836, 41.8483229 ], [ 12.2701216, 41.8481911 ], [ 12.2702597, 41.8480593 ], [ 12.2704067, 41.8479322 ], [ 12.2705007, 41.8478444 ], [ 12.2705978, 41.8477566 ], [ 12.2707329, 41.8476247 ], [ 12.270883, 41.8474932 ], [ 12.2710243, 41.847357 ], [ 12.2711683, 41.8472298 ], [ 12.2713157, 41.8470892 ], [ 12.2714691, 41.8469533 ], [ 12.2716134, 41.8468172 ], [ 12.2717545, 41.8466854 ], [ 12.2718611, 41.8465844 ], [ 12.2719894, 41.8464704 ], [ 12.2721369, 41.8463298 ], [ 12.2722873, 41.8461938 ], [ 12.2724314, 41.8460621 ], [ 12.2725723, 41.8459349 ], [ 12.2727162, 41.8458077 ], [ 12.2728575, 41.8456715 ], [ 12.2729295, 41.8456056 ], [ 12.273014, 41.8455311 ], [ 12.2731142, 41.8454389 ], [ 12.2732143, 41.8453512 ], [ 12.2733586, 41.8452151 ], [ 12.2734965, 41.8450878 ], [ 12.2736374, 41.8449605 ], [ 12.2737819, 41.8448199 ], [ 12.2739258, 41.8446927 ], [ 12.2740323, 41.8445962 ], [ 12.2741419, 41.8444952 ], [ 12.2742888, 41.8443681 ], [ 12.2744267, 41.8442408 ], [ 12.2745646, 41.8441135 ], [ 12.2746461, 41.8440389 ], [ 12.2747211, 41.8439731 ], [ 12.2748618, 41.8438504 ], [ 12.2750093, 41.8437098 ], [ 12.2751562, 41.8435827 ], [ 12.2752971, 41.8434555 ], [ 12.2753944, 41.8433632 ], [ 12.275479, 41.8432842 ], [ 12.2756169, 41.8431569 ], [ 12.2757518, 41.8430295 ], [ 12.2758993, 41.8428889 ], [ 12.2760498, 41.8427484 ], [ 12.2761971, 41.8426123 ], [ 12.2763193, 41.8424981 ], [ 12.2764602, 41.8423709 ], [ 12.2766103, 41.8422394 ], [ 12.2767544, 41.8421077 ], [ 12.2769107, 41.8419718 ], [ 12.2770612, 41.8418313 ], [ 12.2772085, 41.8416952 ], [ 12.2773147, 41.8416031 ], [ 12.2774278, 41.8414933 ], [ 12.2775751, 41.8413572 ], [ 12.2777284, 41.8412212 ], [ 12.277841, 41.8411203 ], [ 12.2779509, 41.8410149 ], [ 12.278092, 41.8408831 ], [ 12.2782391, 41.8407515 ], [ 12.2783613, 41.8406373 ], [ 12.2785054, 41.8405057 ], [ 12.2786495, 41.840374 ], [ 12.2787935, 41.8402423 ], [ 12.2788938, 41.8401502 ], [ 12.2790129, 41.8400404 ], [ 12.2791571, 41.8399042 ], [ 12.2792634, 41.8398122 ], [ 12.2793857, 41.839698 ], [ 12.2795299, 41.8395619 ], [ 12.2796682, 41.8394255 ], [ 12.2797998, 41.8393026 ], [ 12.2799473, 41.839162 ], [ 12.2800917, 41.8390213 ], [ 12.2802386, 41.8388942 ], [ 12.2803329, 41.8388019 ], [ 12.2804519, 41.8386921 ], [ 12.2806052, 41.8385562 ], [ 12.2807371, 41.8384287 ], [ 12.2808433, 41.8383367 ], [ 12.2809592, 41.8382314 ], [ 12.2811034, 41.8380952 ], [ 12.2812471, 41.8379725 ], [ 12.28136, 41.8378671 ], [ 12.2814978, 41.8377398 ], [ 12.2816357, 41.8376125 ], [ 12.2817766, 41.8374852 ], [ 12.2818988, 41.837371 ], [ 12.2820521, 41.8372351 ], [ 12.28219, 41.8371078 ], [ 12.2823432, 41.8369718 ], [ 12.2824399, 41.836893 ], [ 12.2825495, 41.8367921 ], [ 12.2827, 41.8366515 ], [ 12.2828299, 41.836533 ], [ 12.2829257, 41.8364408 ], [ 12.2830163, 41.8363618 ], [ 12.2831606, 41.8362257 ], [ 12.2833076, 41.8360941 ], [ 12.2834581, 41.8359535 ], [ 12.283599, 41.8358263 ], [ 12.2837402, 41.83569 ], [ 12.2838432, 41.8356024 ], [ 12.2839469, 41.8355013 ], [ 12.2840909, 41.8353696 ], [ 12.2842348, 41.8352425 ], [ 12.2843696, 41.8351151 ], [ 12.2845011, 41.8349966 ], [ 12.2845701, 41.8349307 ], [ 12.2846545, 41.8348561 ], [ 12.2847896, 41.8347242 ], [ 12.2849304, 41.834597 ], [ 12.2850717, 41.8344607 ], [ 12.2852067, 41.8343289 ], [ 12.2853569, 41.8341928 ], [ 12.2855072, 41.8340568 ], [ 12.2856575, 41.8339207 ], [ 12.2857831, 41.8337976 ], [ 12.2859363, 41.8336617 ], [ 12.2860687, 41.8335207 ], [ 12.2862038, 41.8333888 ], [ 12.2863482, 41.8332481 ], [ 12.2864712, 41.833116 ], [ 12.2866158, 41.8329708 ], [ 12.2867226, 41.8328652 ], [ 12.286845, 41.8327466 ], [ 12.2869867, 41.8326013 ], [ 12.2871187, 41.8324693 ], [ 12.2872509, 41.8323329 ], [ 12.2873359, 41.8322448 ], [ 12.2874301, 41.8321525 ], [ 12.2875659, 41.8320026 ], [ 12.2877014, 41.8318572 ], [ 12.2878308, 41.8317162 ], [ 12.2878972, 41.8316412 ], [ 12.2879792, 41.8315531 ], [ 12.2881116, 41.8314121 ], [ 12.2882532, 41.8312669 ], [ 12.2883822, 41.8311348 ], [ 12.2885084, 41.8309982 ], [ 12.288641, 41.8308528 ], [ 12.2887671, 41.8307162 ], [ 12.2889025, 41.8305753 ], [ 12.2890347, 41.8304388 ], [ 12.2891075, 41.830355 ], [ 12.2891831, 41.8302757 ], [ 12.2893121, 41.8301437 ], [ 12.2894381, 41.8300115 ], [ 12.2895733, 41.8298751 ], [ 12.2897145, 41.8297389 ], [ 12.2897617, 41.8296905 ], [ 12.2897965, 41.8296508 ], [ 12.2898879, 41.8295539 ], [ 12.2900169, 41.8294218 ], [ 12.2901462, 41.8292808 ], [ 12.2902816, 41.8291399 ], [ 12.290379, 41.8290431 ], [ 12.2904738, 41.8289373 ], [ 12.290609, 41.8288009 ], [ 12.2907354, 41.8286598 ], [ 12.2908707, 41.8285189 ], [ 12.2909589, 41.8284264 ], [ 12.2910597, 41.8283207 ], [ 12.2911951, 41.8281798 ], [ 12.2913213, 41.8280432 ], [ 12.2914565, 41.8279068 ], [ 12.291551, 41.8278055 ], [ 12.2916456, 41.8277042 ], [ 12.2916815, 41.827666 ], [ 12.2917236, 41.8276385 ], [ 12.2919189, 41.8277196 ], [ 12.2920499, 41.8277542 ], [ 12.2921508, 41.8277161 ], [ 12.2922834, 41.8275706 ], [ 12.2924156, 41.8274341 ], [ 12.2925323, 41.8273063 ], [ 12.2926553, 41.8271741 ], [ 12.2927845, 41.8270376 ], [ 12.292917, 41.8268921 ], [ 12.2929928, 41.8268083 ], [ 12.2930812, 41.8267114 ], [ 12.2932137, 41.8265659 ], [ 12.2933433, 41.8264204 ], [ 12.2934125, 41.8263499 ], [ 12.2934883, 41.8262662 ], [ 12.2936172, 41.8261341 ], [ 12.2937212, 41.826024 ], [ 12.2938504, 41.8258875 ], [ 12.2939481, 41.8257817 ], [ 12.2940399, 41.8256758 ], [ 12.2941695, 41.8255303 ], [ 12.2943018, 41.8253893 ], [ 12.2943896, 41.8253058 ], [ 12.2944876, 41.8251955 ], [ 12.2946261, 41.8250502 ], [ 12.2947271, 41.82494 ], [ 12.2948283, 41.8248253 ], [ 12.2949512, 41.8246931 ], [ 12.2950238, 41.8246138 ], [ 12.2950678, 41.8245698 ], [ 12.2949533, 41.8244996 ], [ 12.2954387, 41.8240124 ], [ 12.2961413, 41.8233073 ], [ 12.2962355, 41.8232149 ], [ 12.2978773, 41.8215564 ], [ 12.2979197, 41.8214962 ], [ 12.2978125, 41.8214329 ], [ 12.2980136, 41.8212305 ], [ 12.2987329, 41.820518 ], [ 12.2995774, 41.8196868 ], [ 12.3008175, 41.8184687 ], [ 12.3026205, 41.8166739 ], [ 12.3041245, 41.8151872 ], [ 12.3055694, 41.8137442 ], [ 12.3069265, 41.8123847 ], [ 12.3068591, 41.8123426 ], [ 12.3068371, 41.8123646 ], [ 12.3067241, 41.8124745 ], [ 12.3067431, 41.8123804 ], [ 12.3067589, 41.8122907 ], [ 12.3068347, 41.8122069 ], [ 12.306904, 41.812132 ], [ 12.3070271, 41.8119953 ], [ 12.3070785, 41.8119394 ], [ 12.3071406, 41.8118719 ], [ 12.3072384, 41.8117661 ], [ 12.3073645, 41.8116294 ], [ 12.3074502, 41.8115234 ], [ 12.3075231, 41.811435 ], [ 12.3076434, 41.8112938 ], [ 12.3077106, 41.8111963 ], [ 12.3077875, 41.8110855 ], [ 12.3078371, 41.8109786 ], [ 12.3078898, 41.8108554 ], [ 12.3079373, 41.8107423 ], [ 12.3079845, 41.8106218 ], [ 12.3080065, 41.8104557 ], [ 12.3080105, 41.8102892 ], [ 12.3080208, 41.8101859 ], [ 12.3080253, 41.8100779 ], [ 12.3080026, 41.8099738 ], [ 12.3079769, 41.8098697 ], [ 12.3079185, 41.8097557 ], [ 12.3078458, 41.8096234 ], [ 12.3077347, 41.8094722 ], [ 12.307616, 41.8093614 ], [ 12.3075587, 41.8092205 ], [ 12.3074283, 41.8091724 ], [ 12.3073186, 41.8091338 ], [ 12.3071142, 41.8090569 ], [ 12.3070022, 41.8090003 ], [ 12.3068989, 41.8089528 ], [ 12.3066952, 41.808858 ], [ 12.3065037, 41.8087589 ], [ 12.3063765, 41.8087064 ], [ 12.3062612, 41.8086587 ], [ 12.3060692, 41.8085731 ], [ 12.3061477, 41.8084939 ], [ 12.3062689, 41.8085463 ], [ 12.3070702, 41.8077828 ], [ 12.3071012, 41.8077148 ], [ 12.3071681, 41.8076983 ], [ 12.307219, 41.807704 ], [ 12.3073141, 41.8075892 ], [ 12.3073962, 41.8074965 ], [ 12.3075003, 41.8073819 ], [ 12.3076133, 41.807272 ], [ 12.3077394, 41.8071354 ], [ 12.3078367, 41.8070386 ], [ 12.3079156, 41.8069504 ], [ 12.3080445, 41.8068183 ], [ 12.3081736, 41.8066817 ], [ 12.3082552, 41.8066026 ], [ 12.308327, 41.8065412 ], [ 12.3084613, 41.8064228 ], [ 12.3085989, 41.8063 ], [ 12.308715, 41.8061856 ], [ 12.3088155, 41.8060844 ], [ 12.3089386, 41.8059477 ], [ 12.3090799, 41.8058069 ], [ 12.3092118, 41.8056749 ], [ 12.3093469, 41.8055385 ], [ 12.3093749, 41.8055103 ], [ 12.309482, 41.8054021 ], [ 12.309611, 41.80527 ], [ 12.3097496, 41.8051202 ], [ 12.3098789, 41.8049791 ], [ 12.3099958, 41.8048467 ], [ 12.3101249, 41.8047102 ], [ 12.3102568, 41.8045782 ], [ 12.3103889, 41.8044417 ], [ 12.3105144, 41.8043185 ], [ 12.3106495, 41.8041821 ], [ 12.3107344, 41.8040941 ], [ 12.3108098, 41.8040193 ], [ 12.3109419, 41.8038828 ], [ 12.3110738, 41.8037508 ], [ 12.3112179, 41.8036146 ], [ 12.311315, 41.8035223 ], [ 12.3114186, 41.8034211 ], [ 12.3114505, 41.8033769 ], [ 12.3114404, 41.8033316 ], [ 12.3113252, 41.8032794 ], [ 12.3114518, 41.8031292 ], [ 12.3115781, 41.8029881 ], [ 12.3116754, 41.8029634 ], [ 12.3118285, 41.8028274 ], [ 12.3118417, 41.8027286 ], [ 12.3118607, 41.8026345 ], [ 12.3120418, 41.8025763 ], [ 12.3122267, 41.802517 ], [ 12.3157162, 41.7990098 ], [ 12.316936, 41.797755 ], [ 12.3160609, 41.7978876 ], [ 12.313721, 41.7980806 ], [ 12.3130152, 41.7981226 ], [ 12.3121364, 41.798129 ], [ 12.3103962, 41.7980838 ], [ 12.3096522, 41.7981024 ], [ 12.3092833, 41.7980757 ], [ 12.3087257, 41.7980266 ], [ 12.3077114, 41.7978903 ], [ 12.3075055, 41.7978494 ], [ 12.307222, 41.7977932 ], [ 12.306849, 41.7977214 ], [ 12.3064922, 41.7976185 ], [ 12.3060934, 41.7975146 ], [ 12.3056411, 41.7973238 ], [ 12.3050891, 41.7970677 ], [ 12.3048955, 41.7969506 ], [ 12.3045944, 41.796813 ], [ 12.3043984, 41.7967498 ], [ 12.3040994, 41.7965627 ], [ 12.3037406, 41.7962931 ], [ 12.3033685, 41.7959827 ], [ 12.3028161, 41.7955959 ], [ 12.3022784, 41.7951465 ], [ 12.3020601, 41.7949703 ], [ 12.3017885, 41.7947027 ], [ 12.3015008, 41.7943177 ], [ 12.3012909, 41.7940156 ], [ 12.3008749, 41.7936771 ], [ 12.3004672, 41.7931407 ], [ 12.3000944, 41.7927762 ], [ 12.2997588, 41.7923738 ], [ 12.299672, 41.7923025 ], [ 12.2995035, 41.7921589 ], [ 12.298998, 41.7917327 ], [ 12.2985065, 41.7913294 ], [ 12.2981275, 41.7910413 ], [ 12.2979132, 41.7909147 ], [ 12.2976858, 41.7907427 ], [ 12.2975088, 41.7906575 ], [ 12.2972558, 41.790521 ], [ 12.2968982, 41.7903685 ], [ 12.2965786, 41.7902439 ], [ 12.2962302, 41.7901591 ], [ 12.2958742, 41.7900382 ], [ 12.2950957, 41.7899523 ], [ 12.291877, 41.7895882 ], [ 12.2908587, 41.7895507 ], [ 12.289677, 41.7895363 ], [ 12.2883919, 41.7894069 ], [ 12.2880512, 41.7893538 ], [ 12.2874817, 41.7892323 ], [ 12.2873175, 41.7892014 ], [ 12.287175, 41.7891575 ], [ 12.2870681, 41.7891234 ], [ 12.2869526, 41.7890802 ], [ 12.2868812, 41.7890605 ], [ 12.2868251, 41.7890366 ], [ 12.2867657, 41.7890172 ], [ 12.2867124, 41.7889979 ], [ 12.2866591, 41.7889787 ], [ 12.2865909, 41.7889545 ], [ 12.2865051, 41.788921 ], [ 12.2864487, 41.7889017 ], [ 12.2863807, 41.788873 ], [ 12.2863039, 41.7888397 ], [ 12.2862299, 41.7888109 ], [ 12.2861621, 41.7887778 ], [ 12.286103, 41.7887539 ], [ 12.2860412, 41.7887209 ], [ 12.2859911, 41.7886972 ], [ 12.2859263, 41.7886642 ], [ 12.2858525, 41.7886309 ], [ 12.28577, 41.7885884 ], [ 12.2857111, 41.78856 ], [ 12.2856611, 41.7885318 ], [ 12.2856112, 41.7885036 ], [ 12.2855494, 41.7884706 ], [ 12.2854878, 41.7884331 ], [ 12.2854057, 41.7883817 ], [ 12.2853381, 41.7883441 ], [ 12.2852707, 41.7883019 ], [ 12.2852209, 41.7882692 ], [ 12.2851712, 41.7882365 ], [ 12.2851038, 41.7881944 ], [ 12.2850394, 41.7881524 ], [ 12.2849721, 41.7881057 ], [ 12.2841961, 41.7874615 ], [ 12.2835555, 41.786888 ], [ 12.2830828, 41.7863995 ], [ 12.2825048, 41.7857689 ], [ 12.2819583, 41.7851751 ], [ 12.2817325, 41.7848951 ], [ 12.2814403, 41.7844784 ], [ 12.2811323, 41.7840793 ], [ 12.2808912, 41.7836639 ], [ 12.2805896, 41.7831839 ], [ 12.2804594, 41.7828476 ], [ 12.2801376, 41.7824212 ], [ 12.279894, 41.7819201 ], [ 12.2798396, 41.7817838 ], [ 12.2797534, 41.7815476 ], [ 12.2796664, 41.7811853 ], [ 12.2795025, 41.7807221 ], [ 12.279276, 41.7797486 ], [ 12.2790534, 41.7785411 ], [ 12.2789021, 41.7777089 ], [ 12.278829, 41.777374 ], [ 12.2787951, 41.7772516 ], [ 12.27874, 41.7770612 ], [ 12.2787156, 41.7767139 ], [ 12.2785639, 41.7762465 ], [ 12.2783877, 41.7756479 ], [ 12.2782666, 41.7743887 ], [ 12.27819, 41.7736395 ], [ 12.2781249, 41.7721204 ], [ 12.2780847, 41.7705119 ], [ 12.278194, 41.7687809 ], [ 12.2782074, 41.7686056 ], [ 12.2782914, 41.767617 ], [ 12.2783716, 41.7668579 ], [ 12.2784706, 41.766509 ], [ 12.2785787, 41.7662279 ], [ 12.2786547, 41.7659235 ], [ 12.2787786, 41.7655527 ], [ 12.2789603, 41.7650977 ], [ 12.2791823, 41.7646842 ], [ 12.2798207, 41.7637612 ], [ 12.2806694, 41.7627967 ], [ 12.2818172, 41.7616801 ], [ 12.2828585, 41.7608042 ], [ 12.2840638, 41.7598195 ], [ 12.2850486, 41.7589288 ], [ 12.2859488, 41.758189 ], [ 12.2860115, 41.7581275 ], [ 12.2861084, 41.7580397 ], [ 12.2862207, 41.7579433 ], [ 12.286322, 41.7578241 ], [ 12.2863733, 41.7576767 ], [ 12.2864991, 41.7575446 ], [ 12.2865324, 41.7573968 ], [ 12.286542, 41.7573115 ], [ 12.286556, 41.7571947 ], [ 12.2865808, 41.7570332 ], [ 12.2865794, 41.7569251 ], [ 12.2865893, 41.7568308 ], [ 12.2865494, 41.7566362 ], [ 12.2864876, 41.7564637 ], [ 12.2863834, 41.7562946 ], [ 12.2862474, 41.7561698 ], [ 12.2861048, 41.7559863 ], [ 12.2857836, 41.7558301 ], [ 12.2854144, 41.7556728 ], [ 12.2851071, 41.755616 ], [ 12.2848383, 41.7555736 ], [ 12.284549, 41.7555172 ], [ 12.2840524, 41.755456 ], [ 12.2835829, 41.7553953 ], [ 12.2830753, 41.7553833 ], [ 12.2825928, 41.7553449 ], [ 12.2821887, 41.7553038 ], [ 12.281734, 41.755248 ], [ 12.2812714, 41.755165 ], [ 12.2807954, 41.7550457 ], [ 12.2801251, 41.7548271 ], [ 12.279467, 41.7545324 ], [ 12.2783386, 41.7539054 ], [ 12.2782541, 41.7538492 ], [ 12.2780803, 41.7537655 ], [ 12.2770927, 41.7532288 ], [ 12.2762247, 41.7527804 ], [ 12.2751242, 41.752214 ], [ 12.2738559, 41.7516345 ], [ 12.2737904, 41.7516068 ], [ 12.2727601, 41.7511717 ], [ 12.2725421, 41.751135 ], [ 12.2722853, 41.7510929 ], [ 12.2719475, 41.7509768 ], [ 12.2716341, 41.7508522 ], [ 12.2713805, 41.7508057 ], [ 12.2710524, 41.7507439 ], [ 12.2707132, 41.7507313 ], [ 12.2704033, 41.7507374 ], [ 12.2701226, 41.7507623 ], [ 12.2698381, 41.7506655 ], [ 12.2694186, 41.7505609 ], [ 12.2687807, 41.7502891 ], [ 12.2676854, 41.7498848 ], [ 12.2661432, 41.7493167 ], [ 12.2655621, 41.7491228 ], [ 12.2648463, 41.7489166 ], [ 12.2636343, 41.7486446 ], [ 12.261491, 41.7480711 ], [ 12.259274, 41.7473248 ], [ 12.2578778, 41.7467871 ], [ 12.2569658, 41.7464591 ], [ 12.2562076, 41.7461609 ], [ 12.2556944, 41.7458884 ], [ 12.2552663, 41.745635 ], [ 12.2549212, 41.7454782 ], [ 12.2532833, 41.7450427 ], [ 12.2529525, 41.7449763 ], [ 12.2519158, 41.7447533 ], [ 12.2514586, 41.7446884 ], [ 12.2511995, 41.7446326 ], [ 12.2494455, 41.744451 ], [ 12.2485659, 41.7443534 ], [ 12.2466209, 41.7441402 ], [ 12.244189, 41.7437846 ], [ 12.2427888, 41.7434178 ], [ 12.2425657, 41.7433629 ], [ 12.2413788, 41.7430687 ], [ 12.2397819, 41.7425215 ], [ 12.2379838, 41.7419019 ], [ 12.2364677, 41.7412936 ], [ 12.2357177, 41.7409783 ], [ 12.2351798, 41.7408348 ], [ 12.2341552, 41.740684 ], [ 12.2341682, 41.7405898 ], [ 12.2342595, 41.7403533 ], [ 12.2342918, 41.7402325 ], [ 12.2344527, 41.7400563 ], [ 12.2344343, 41.7397136 ], [ 12.2346786, 41.7395191 ], [ 12.2347375, 41.7395138 ], [ 12.2348063, 41.7395222 ], [ 12.2348696, 41.739517 ], [ 12.2349099, 41.7395247 ], [ 12.2349471, 41.7395323 ], [ 12.2349805, 41.7394904 ], [ 12.2350086, 41.7394302 ], [ 12.2350312, 41.7393948 ], [ 12.2350599, 41.7393549 ], [ 12.2350763, 41.7393238 ], [ 12.2350775, 41.7392968 ], [ 12.2350578, 41.7392648 ], [ 12.2350319, 41.7392372 ], [ 12.235021, 41.7392122 ], [ 12.2350639, 41.7391929 ], [ 12.2351005, 41.7391803 ], [ 12.2351239, 41.7391606 ], [ 12.2351535, 41.7391365 ], [ 12.2351843, 41.7391193 ], [ 12.2352214, 41.7390954 ], [ 12.2352793, 41.7390765 ], [ 12.2353277, 41.7390687 ], [ 12.2353671, 41.7390606 ], [ 12.2354098, 41.7390482 ], [ 12.2354556, 41.7390312 ], [ 12.2355014, 41.7390143 ], [ 12.235538, 41.7390017 ], [ 12.2355752, 41.7389756 ], [ 12.2356066, 41.7389448 ], [ 12.235623, 41.7389137 ], [ 12.2356303, 41.7388824 ], [ 12.2356829, 41.7388476 ], [ 12.2357167, 41.7388304 ], [ 12.2357623, 41.738818 ], [ 12.235854, 41.7387842 ], [ 12.2364878, 41.7385833 ], [ 12.2368139, 41.7385506 ], [ 12.2374481, 41.7384803 ], [ 12.2379291, 41.7384108 ], [ 12.2382951, 41.7383566 ], [ 12.2385651, 41.7383001 ], [ 12.2387612, 41.7382823 ], [ 12.2388874, 41.7382853 ], [ 12.2389733, 41.7383144 ], [ 12.2389535, 41.7383544 ], [ 12.2389345, 41.7383765 ], [ 12.2389274, 41.7384033 ], [ 12.238917, 41.7384346 ], [ 12.2389059, 41.7384839 ], [ 12.2389202, 41.7385698 ], [ 12.2389467, 41.7386199 ], [ 12.2389738, 41.7386521 ], [ 12.2390059, 41.7386754 ], [ 12.2390408, 41.7387032 ], [ 12.2390819, 41.7387267 ], [ 12.2391203, 41.7387412 ], [ 12.2391704, 41.7387649 ], [ 12.2392331, 41.7387754 ], [ 12.2392867, 41.7387857 ], [ 12.2393406, 41.7387915 ], [ 12.2394033, 41.738802 ], [ 12.2394167, 41.7388384 ], [ 12.2394394, 41.7388704 ], [ 12.2394651, 41.7389026 ], [ 12.239488, 41.7389301 ], [ 12.2395074, 41.7389666 ], [ 12.2395301, 41.7389987 ], [ 12.239562, 41.7390265 ], [ 12.2395942, 41.7390453 ], [ 12.2396295, 41.7390641 ], [ 12.2396678, 41.7390831 ], [ 12.2397149, 41.7391067 ], [ 12.2397621, 41.7391259 ], [ 12.2397978, 41.7391357 ], [ 12.2398454, 41.7391459 ], [ 12.2398873, 41.7391514 ], [ 12.2399261, 41.7391568 ], [ 12.2400612, 41.7389735 ], [ 12.240739, 41.7391637 ], [ 12.240841, 41.7391381 ], [ 12.2411753, 41.73866 ], [ 12.2417358, 41.737848 ], [ 12.2419408, 41.7376966 ], [ 12.2424391, 41.7374596 ], [ 12.2441311, 41.7370433 ], [ 12.2443711, 41.7369016 ], [ 12.2445728, 41.7366486 ], [ 12.2448927, 41.7364525 ], [ 12.2449297, 41.7364834 ], [ 12.2446871, 41.7366443 ], [ 12.2445792, 41.7367758 ], [ 12.2447017, 41.7370362 ], [ 12.2448343, 41.7373783 ], [ 12.2449827, 41.7374287 ], [ 12.2455239, 41.7374407 ], [ 12.2455301, 41.7375633 ], [ 12.2453593, 41.73755 ], [ 12.2447976, 41.737493 ], [ 12.2444218, 41.7372671 ], [ 12.2442347, 41.7371723 ], [ 12.2440033, 41.7371606 ], [ 12.243301, 41.7373261 ], [ 12.2423361, 41.7375853 ], [ 12.2419339, 41.7378014 ], [ 12.2416165, 41.7381334 ], [ 12.2411554, 41.7389303 ], [ 12.2409209, 41.7393061 ], [ 12.2410617, 41.739353 ], [ 12.2411014, 41.7392699 ], [ 12.2411609, 41.7391804 ], [ 12.24121, 41.7390965 ], [ 12.2412652, 41.7389937 ], [ 12.2413427, 41.7389782 ], [ 12.2416253, 41.7396299 ], [ 12.2417061, 41.7396309 ], [ 12.2417805, 41.7396954 ], [ 12.2418691, 41.7396902 ], [ 12.2418967, 41.7397454 ], [ 12.2426962, 41.7395431 ], [ 12.2421586, 41.7383856 ], [ 12.2419762, 41.7384246 ], [ 12.241973, 41.7383962 ], [ 12.2423817, 41.7383116 ], [ 12.2422032, 41.7383735 ], [ 12.2427641, 41.7395368 ], [ 12.2427989, 41.7395175 ], [ 12.242862, 41.7394998 ], [ 12.2429705, 41.7394674 ], [ 12.243119, 41.7394271 ], [ 12.2434974, 41.7393407 ], [ 12.2429059, 41.7379917 ], [ 12.2429391, 41.7379819 ], [ 12.2435335, 41.7392811 ], [ 12.2435466, 41.7393287 ], [ 12.2438482, 41.7392483 ], [ 12.2441929, 41.7391746 ], [ 12.2436242, 41.7378678 ], [ 12.244231, 41.7391549 ], [ 12.2446198, 41.7390579 ], [ 12.2445948, 41.7390078 ], [ 12.2445596, 41.7389752 ], [ 12.2445575, 41.7389327 ], [ 12.2447824, 41.7388811 ], [ 12.2442974, 41.7377959 ], [ 12.2443314, 41.7377895 ], [ 12.2448209, 41.7388693 ], [ 12.245339, 41.7387363 ], [ 12.2450525, 41.7381011 ], [ 12.2451282, 41.7380894 ], [ 12.2452452, 41.7383911 ], [ 12.245451, 41.7384329 ], [ 12.2456858, 41.7384215 ], [ 12.2459903, 41.7384034 ], [ 12.2462307, 41.7383775 ], [ 12.2464373, 41.7383097 ], [ 12.2466255, 41.7382567 ], [ 12.2468115, 41.7381609 ], [ 12.2469724, 41.7380706 ], [ 12.247239, 41.7378812 ], [ 12.2471045, 41.7375782 ], [ 12.2471507, 41.73757 ], [ 12.2473997, 41.7380919 ], [ 12.2474499, 41.7382048 ], [ 12.2480143, 41.7380411 ], [ 12.2475075, 41.7368236 ], [ 12.2480781, 41.7380441 ], [ 12.2482604, 41.7380008 ], [ 12.2482979, 41.7381141 ], [ 12.2486361, 41.7380378 ], [ 12.2480647, 41.7367356 ], [ 12.2480988, 41.7367271 ], [ 12.2486908, 41.7380165 ], [ 12.2492037, 41.7379074 ], [ 12.2490303, 41.7374606 ], [ 12.249635, 41.7373144 ], [ 12.2492862, 41.7364823 ], [ 12.2496722, 41.7373054 ], [ 12.2502617, 41.7371623 ], [ 12.2499331, 41.7363849 ], [ 12.2498001, 41.7363969 ], [ 12.2500592, 41.7363313 ], [ 12.2500643, 41.7363569 ], [ 12.2499775, 41.7363765 ], [ 12.2503044, 41.7371519 ], [ 12.2505038, 41.7375613 ], [ 12.2510146, 41.7374108 ], [ 12.2505416, 41.7363205 ], [ 12.2510599, 41.7374009 ], [ 12.2511387, 41.7373729 ], [ 12.2515718, 41.7372826 ], [ 12.2514684, 41.7370047 ], [ 12.2511927, 41.7364021 ], [ 12.251227, 41.7364012 ], [ 12.2514999, 41.7369925 ], [ 12.2516384, 41.7369531 ], [ 12.2518589, 41.7368966 ] ], [ [ 12.4543667, 41.9002733 ], [ 12.4526728, 41.9005824 ], [ 12.4525932, 41.900387 ], [ 12.4515115, 41.9004576 ], [ 12.4507674, 41.9006032 ], [ 12.4507633, 41.9006301 ], [ 12.4508121, 41.9008428 ], [ 12.4494936, 41.9009576 ], [ 12.4491035, 41.9009895 ], [ 12.4487588, 41.9010178 ], [ 12.4487647, 41.9009842 ], [ 12.448769, 41.9009145 ], [ 12.4487853, 41.9008068 ], [ 12.4478831, 41.9006831 ], [ 12.4476916, 41.900877 ], [ 12.4478933, 41.9010346 ], [ 12.4471142, 41.9015261 ], [ 12.4466752, 41.9018045 ], [ 12.4465004, 41.901652 ], [ 12.4456903, 41.9019897 ], [ 12.4465832, 41.9024104 ], [ 12.4468204, 41.9022445 ], [ 12.4472554, 41.9025964 ], [ 12.447772, 41.9030177 ], [ 12.4475614, 41.9031616 ], [ 12.4477253, 41.9033589 ], [ 12.4483373, 41.9037327 ], [ 12.4485959, 41.9036709 ], [ 12.4487311, 41.9039846 ], [ 12.448894, 41.9043575 ], [ 12.4490434, 41.904694 ], [ 12.4488094, 41.9047428 ], [ 12.4488654, 41.9050773 ], [ 12.449233, 41.9052296 ], [ 12.4504587, 41.9058602 ], [ 12.4502476, 41.9060131 ], [ 12.450438, 41.9065306 ], [ 12.450463, 41.9065087 ], [ 12.4508697, 41.9065515 ], [ 12.4513424, 41.9066003 ], [ 12.4514006, 41.906426 ], [ 12.4514169, 41.9063948 ], [ 12.4520395, 41.9065032 ], [ 12.4520164, 41.9065522 ], [ 12.452577, 41.9067042 ], [ 12.4530818, 41.9067425 ], [ 12.4530958, 41.9066932 ], [ 12.4535084, 41.9067767 ], [ 12.4537953, 41.9068393 ], [ 12.453746, 41.9070184 ], [ 12.4546688, 41.9072325 ], [ 12.4546356, 41.9073083 ], [ 12.4547731, 41.9073383 ], [ 12.4549693, 41.9074057 ], [ 12.4550765, 41.9074396 ], [ 12.4552074, 41.9074831 ], [ 12.4553655, 41.9075226 ], [ 12.4555359, 41.9075579 ], [ 12.4555964, 41.9074016 ], [ 12.4556531, 41.9072633 ], [ 12.4556836, 41.9071019 ], [ 12.4556964, 41.9070076 ], [ 12.4557183, 41.9069135 ], [ 12.4557399, 41.9067474 ], [ 12.4557639, 41.9065993 ], [ 12.4557884, 41.9064378 ], [ 12.455894, 41.906359 ], [ 12.4560306, 41.9063351 ], [ 12.4561764, 41.9063068 ], [ 12.4564006, 41.9062757 ], [ 12.4565462, 41.9062519 ], [ 12.4566947, 41.9062327 ], [ 12.4568499, 41.9061956 ], [ 12.456981, 41.906158 ], [ 12.4571257, 41.9060802 ], [ 12.4573386, 41.9060308 ], [ 12.4575209, 41.9059943 ], [ 12.4577036, 41.9059489 ], [ 12.4577387, 41.9058236 ], [ 12.4577414, 41.9056795 ], [ 12.4577462, 41.9055581 ], [ 12.4577474, 41.9055266 ], [ 12.4577418, 41.9053643 ], [ 12.4577337, 41.9051885 ], [ 12.4577198, 41.9050081 ], [ 12.4577184, 41.904891 ], [ 12.4577089, 41.9047512 ], [ 12.4576985, 41.9046339 ], [ 12.4576934, 41.9045347 ], [ 12.4576968, 41.9044492 ], [ 12.4576874, 41.904305 ], [ 12.4576749, 41.9041651 ], [ 12.4576665, 41.9039983 ], [ 12.4576522, 41.9038269 ], [ 12.4576457, 41.9036871 ], [ 12.4576331, 41.9035473 ], [ 12.4576775, 41.9034177 ], [ 12.4578022, 41.9033889 ], [ 12.4579389, 41.9033604 ], [ 12.4579769, 41.9032397 ], [ 12.4580912, 41.9030936 ], [ 12.4581548, 41.9030095 ], [ 12.4582308, 41.9029166 ], [ 12.4582584, 41.9028271 ], [ 12.4582923, 41.9027333 ], [ 12.4583618, 41.9025773 ], [ 12.4584217, 41.9024345 ], [ 12.4584818, 41.9022872 ], [ 12.458434, 41.9021241 ], [ 12.4584073, 41.9020379 ], [ 12.4583749, 41.9019427 ], [ 12.45832, 41.9018064 ], [ 12.4582452, 41.9016426 ], [ 12.4581056, 41.9015134 ], [ 12.4580035, 41.9014301 ], [ 12.4578862, 41.9013465 ], [ 12.4577295, 41.9012709 ], [ 12.4575452, 41.9012083 ], [ 12.4573578, 41.9011456 ], [ 12.45715, 41.901141 ], [ 12.4569378, 41.9011723 ], [ 12.4568191, 41.9012012 ], [ 12.4566856, 41.9012253 ], [ 12.4564909, 41.9012705 ], [ 12.4564883, 41.9011083 ], [ 12.4564816, 41.9009731 ], [ 12.4564767, 41.9007929 ], [ 12.4564775, 41.9006218 ], [ 12.4564806, 41.9004688 ], [ 12.456482, 41.9004328 ], [ 12.4545172, 41.9005063 ], [ 12.4543667, 41.9002733 ] ] ], [ [ [ 12.3137654, 42.137079 ], [ 12.3135542, 42.1372092 ], [ 12.3132737, 42.1374052 ], [ 12.3130485, 42.1375801 ], [ 12.3127242, 42.1378111 ], [ 12.3124671, 42.1379537 ], [ 12.3120919, 42.13817 ], [ 12.3117827, 42.1383294 ], [ 12.311541, 42.1384633 ], [ 12.3110779, 42.1386865 ], [ 12.3107775, 42.1388506 ], [ 12.31049, 42.138997 ], [ 12.3101677, 42.1391785 ], [ 12.3099767, 42.1393316 ], [ 12.3097846, 42.1394397 ], [ 12.3095462, 42.1395692 ], [ 12.309313, 42.1397168 ], [ 12.3090608, 42.1398865 ], [ 12.3087667, 42.1400462 ], [ 12.3083772, 42.1402441 ], [ 12.3081183, 42.1404272 ], [ 12.3078576, 42.1405832 ], [ 12.3076749, 42.1406824 ], [ 12.3074743, 42.1408488 ], [ 12.3072424, 42.1409694 ], [ 12.3069633, 42.1409134 ], [ 12.3067586, 42.1408185 ], [ 12.3065103, 42.1406821 ], [ 12.3061701, 42.140503 ], [ 12.3059589, 42.140417 ], [ 12.3056349, 42.1402833 ], [ 12.3053806, 42.1400747 ], [ 12.3051268, 42.1398526 ], [ 12.3048342, 42.1396206 ], [ 12.3046842, 42.139518 ], [ 12.3046107, 42.1393272 ], [ 12.3046007, 42.1392774 ], [ 12.3045754, 42.1391597 ], [ 12.3043507, 42.1390374 ], [ 12.3042353, 42.1389761 ], [ 12.3039343, 42.13887 ], [ 12.3036747, 42.1387873 ], [ 12.3036299, 42.1387728 ], [ 12.3033456, 42.1387008 ], [ 12.3030358, 42.1386597 ], [ 12.3027004, 42.1385078 ], [ 12.3024656, 42.1383401 ], [ 12.30235, 42.1382834 ], [ 12.302131, 42.1380981 ], [ 12.3019439, 42.1379452 ], [ 12.3017946, 42.1378291 ], [ 12.3016758, 42.1377047 ], [ 12.3014544, 42.1375059 ], [ 12.3013525, 42.1373414 ], [ 12.3012334, 42.137154 ], [ 12.3011109, 42.1369755 ], [ 12.3010392, 42.1368117 ], [ 12.3010329, 42.1367485 ], [ 12.3010245, 42.1366245 ], [ 12.3010643, 42.1365061 ], [ 12.3011201, 42.1364039 ], [ 12.3012342, 42.1362805 ], [ 12.3013918, 42.1361311 ], [ 12.3015163, 42.1360485 ], [ 12.3016123, 42.1359246 ], [ 12.3015708, 42.1358336 ], [ 12.3014126, 42.1357128 ], [ 12.301238, 42.1356232 ], [ 12.3010692, 42.1355381 ], [ 12.3010306, 42.1355192 ], [ 12.3008894, 42.1354258 ], [ 12.300707, 42.1353405 ], [ 12.3005522, 42.1353188 ], [ 12.300501, 42.1353131 ], [ 12.3003984, 42.1354503 ], [ 12.3003224, 42.1356016 ], [ 12.3002346, 42.1358157 ], [ 12.3001594, 42.136021 ], [ 12.3001155, 42.1362001 ], [ 12.3000379, 42.1363874 ], [ 12.2999619, 42.1365387 ], [ 12.2998423, 42.1367205 ], [ 12.2997211, 42.1368662 ], [ 12.299648, 42.13695 ], [ 12.2996068, 42.1370661 ], [ 12.2994719, 42.1371671 ], [ 12.2992279, 42.1370122 ], [ 12.2991203, 42.1369106 ], [ 12.2989138, 42.1367166 ], [ 12.2987889, 42.1365966 ], [ 12.2984083, 42.1362995 ], [ 12.2982405, 42.1361199 ], [ 12.298002, 42.1359657 ], [ 12.2978, 42.1358799 ], [ 12.2976065, 42.1358078 ], [ 12.2973314, 42.1356617 ], [ 12.2970924, 42.135521 ], [ 12.2968356, 42.1353709 ], [ 12.2966827, 42.1352682 ], [ 12.2965422, 42.1351568 ], [ 12.2963244, 42.1350166 ], [ 12.2961305, 42.1348815 ], [ 12.2959481, 42.1348321 ], [ 12.2958866, 42.1349252 ], [ 12.2958003, 42.1350358 ], [ 12.2957029, 42.1352631 ], [ 12.2956452, 42.1353383 ], [ 12.295536, 42.1354888 ], [ 12.2955167, 42.1355154 ], [ 12.2954145, 42.1356435 ], [ 12.2953096, 42.1357626 ], [ 12.2951739, 42.1358945 ], [ 12.2950312, 42.1360487 ], [ 12.2948481, 42.136229 ], [ 12.2947111, 42.1363924 ], [ 12.2945996, 42.1365248 ], [ 12.294461, 42.1366521 ], [ 12.2943603, 42.1367443 ], [ 12.2942809, 42.1369046 ], [ 12.294123, 42.1372745 ], [ 12.2940419, 42.1374032 ], [ 12.2939754, 42.1374737 ], [ 12.293895, 42.1375844 ], [ 12.2937954, 42.1376495 ], [ 12.2936839, 42.137782 ], [ 12.2935929, 42.1379319 ], [ 12.2934353, 42.1379382 ], [ 12.2933339, 42.1379043 ], [ 12.2932295, 42.1378703 ], [ 12.2931851, 42.1378468 ], [ 12.2930278, 42.1377755 ], [ 12.2928781, 42.1376684 ], [ 12.2927118, 42.1375249 ], [ 12.2925833, 42.1374183 ], [ 12.2924449, 42.1372575 ], [ 12.2923391, 42.1371154 ], [ 12.2922005, 42.137031 ], [ 12.2917956, 42.1370215 ], [ 12.2915912, 42.1370617 ], [ 12.2913967, 42.1370841 ], [ 12.2911509, 42.1371008 ], [ 12.2909664, 42.1371009 ], [ 12.290753, 42.1370689 ], [ 12.2905343, 42.1370187 ], [ 12.2903814, 42.136916 ], [ 12.2902451, 42.1368498 ], [ 12.2900763, 42.1368368 ], [ 12.2898967, 42.136792 ], [ 12.2897866, 42.1367489 ], [ 12.289609, 42.1366591 ], [ 12.2894374, 42.1365695 ], [ 12.2892857, 42.1365794 ], [ 12.2890713, 42.1365699 ], [ 12.2889593, 42.1365717 ], [ 12.288799, 42.1365724 ], [ 12.2885803, 42.1365943 ], [ 12.2883, 42.1366417 ], [ 12.2881649, 42.136688 ], [ 12.2880289, 42.1366848 ], [ 12.2878214, 42.1366574 ], [ 12.2876452, 42.1366037 ], [ 12.2874509, 42.1365495 ], [ 12.2871728, 42.1364754 ], [ 12.2869849, 42.1364124 ], [ 12.2868522, 42.1363328 ], [ 12.286796, 42.1362324 ], [ 12.2867224, 42.1361856 ], [ 12.2865611, 42.1361368 ], [ 12.2864423, 42.1361565 ], [ 12.2863475, 42.1361812 ], [ 12.2861879, 42.136236 ], [ 12.2860129, 42.136262 ], [ 12.2858826, 42.1363008 ], [ 12.2857087, 42.1362652 ], [ 12.2855123, 42.1362605 ], [ 12.2853035, 42.1361437 ], [ 12.2852162, 42.1359698 ], [ 12.2851337, 42.1358463 ], [ 12.2850264, 42.1357324 ], [ 12.2851174, 42.135762 ], [ 12.2844583, 42.134948 ], [ 12.2841554, 42.1347045 ], [ 12.2842736, 42.1341833 ], [ 12.2847434, 42.1332244 ], [ 12.2850006, 42.1328163 ], [ 12.2853457, 42.1322391 ], [ 12.2856615, 42.1315456 ], [ 12.2856531, 42.1311497 ], [ 12.2854508, 42.1302955 ], [ 12.2855888, 42.1294541 ], [ 12.2853299, 42.1288627 ], [ 12.2847881, 42.1282119 ], [ 12.2846802, 42.1277917 ], [ 12.284739, 42.1272768 ], [ 12.2846027, 42.1269655 ], [ 12.2843676, 42.12663 ], [ 12.2843389, 42.1260906 ], [ 12.2841928, 42.1253699 ], [ 12.2840804, 42.1248328 ], [ 12.2839048, 42.1242435 ], [ 12.2836938, 42.1239209 ], [ 12.2835093, 42.1236425 ], [ 12.2833448, 42.123269 ], [ 12.283215, 42.1228495 ], [ 12.2829391, 42.122191 ], [ 12.2823042, 42.1213898 ], [ 12.2820349, 42.1208437 ], [ 12.2816177, 42.1202613 ], [ 12.2813196, 42.1199051 ], [ 12.2810075, 42.1194683 ], [ 12.2808821, 42.1189136 ], [ 12.2809969, 42.118325 ], [ 12.2812592, 42.1175341 ], [ 12.2813852, 42.116711 ], [ 12.2815297, 42.1159955 ], [ 12.281492, 42.1150466 ], [ 12.281614, 42.1143497 ], [ 12.2818767, 42.1135677 ], [ 12.2818848, 42.1135045 ], [ 12.2819445, 42.113021 ], [ 12.2817812, 42.1124359 ], [ 12.2828537, 42.112126 ], [ 12.2829151, 42.1121152 ], [ 12.2832835, 42.1120326 ], [ 12.2838694, 42.1116106 ], [ 12.2842746, 42.1112749 ], [ 12.2845453, 42.1108979 ], [ 12.2850369, 42.1105821 ], [ 12.2856123, 42.1104981 ], [ 12.2864512, 42.1105551 ], [ 12.2864666, 42.1108518 ], [ 12.2865214, 42.1114581 ], [ 12.2862839, 42.1129462 ], [ 12.2878348, 42.1127396 ], [ 12.2882936, 42.1139061 ], [ 12.2890138, 42.1140205 ], [ 12.289028, 42.1145424 ], [ 12.2894506, 42.115012 ], [ 12.2898664, 42.1150857 ], [ 12.2900661, 42.1145036 ], [ 12.2904016, 42.1139627 ], [ 12.2909854, 42.1135587 ], [ 12.2915062, 42.1128729 ], [ 12.2926612, 42.1127108 ], [ 12.2927056, 42.1127081 ], [ 12.2933207, 42.1126182 ], [ 12.2933082, 42.1122423 ], [ 12.2932811, 42.1114307 ], [ 12.2938739, 42.1114046 ], [ 12.294989, 42.1114671 ], [ 12.2965401, 42.1115126 ], [ 12.2976079, 42.1113333 ], [ 12.2983563, 42.1113207 ], [ 12.2992466, 42.1114212 ], [ 12.3002414, 42.1115096 ], [ 12.3005254, 42.1120732 ], [ 12.3011048, 42.1120521 ], [ 12.3016192, 42.1119292 ], [ 12.3019194, 42.1116414 ], [ 12.3020087, 42.1112651 ], [ 12.3019861, 42.1106129 ], [ 12.3019395, 42.1099479 ], [ 12.3022033, 42.1092064 ], [ 12.3024531, 42.1088795 ], [ 12.3030085, 42.1081926 ], [ 12.3032324, 42.1073668 ], [ 12.3040341, 42.1065197 ], [ 12.3046996, 42.105582 ], [ 12.3053314, 42.1046948 ], [ 12.3061388, 42.1041628 ], [ 12.3069223, 42.103897 ], [ 12.307386, 42.1041943 ], [ 12.3076174, 42.1047054 ], [ 12.3081898, 42.105801 ], [ 12.3082235, 42.1058676 ], [ 12.3083171, 42.1060484 ], [ 12.3083473, 42.1061068 ], [ 12.3083773, 42.1061648 ], [ 12.3084392, 42.1062801 ], [ 12.3090273, 42.106934 ], [ 12.3098226, 42.10778 ], [ 12.3103401, 42.1084134 ], [ 12.3109876, 42.1092501 ], [ 12.311675, 42.1098966 ], [ 12.3154595, 42.1137081 ], [ 12.3160217, 42.1143167 ], [ 12.3225435, 42.1143868 ], [ 12.3227979, 42.1143896 ], [ 12.3228989, 42.1144324 ], [ 12.3235164, 42.1147756 ], [ 12.3239319, 42.1149609 ], [ 12.3240091, 42.1149942 ], [ 12.3241534, 42.1150156 ], [ 12.3243752, 42.1149892 ], [ 12.3247113, 42.114907 ], [ 12.3261207, 42.1146112 ], [ 12.3279966, 42.1142227 ], [ 12.3289114, 42.1140414 ], [ 12.3290972, 42.1140097 ], [ 12.329241, 42.113968 ], [ 12.3294183, 42.1139226 ], [ 12.329589, 42.1138905 ], [ 12.3297042, 42.1138842 ], [ 12.3299296, 42.1138444 ], [ 12.3301089, 42.1138216 ], [ 12.3302617, 42.1137846 ], [ 12.3304964, 42.1137406 ], [ 12.3307403, 42.1136922 ], [ 12.3309448, 42.1136474 ], [ 12.3311798, 42.1135944 ], [ 12.3313414, 42.1135621 ], [ 12.3315002, 42.1135253 ], [ 12.3315795, 42.1135091 ], [ 12.3316769, 42.1134934 ], [ 12.3318542, 42.113448 ], [ 12.3319399, 42.1134229 ], [ 12.3322794, 42.1133318 ], [ 12.3325525, 42.1132346 ], [ 12.332687, 42.1132017 ], [ 12.3327814, 42.1131859 ], [ 12.3329235, 42.1131847 ], [ 12.3330744, 42.1131927 ], [ 12.3331971, 42.1132226 ], [ 12.3333821, 42.1132809 ], [ 12.3334894, 42.1133194 ], [ 12.3335943, 42.1133399 ], [ 12.333739, 42.1133522 ], [ 12.3338826, 42.113315 ], [ 12.3340982, 42.113221 ], [ 12.3342933, 42.113113 ], [ 12.3344328, 42.1130307 ], [ 12.3345776, 42.1129665 ], [ 12.3347382, 42.1128847 ], [ 12.3349017, 42.1128074 ], [ 12.3350465, 42.1127432 ], [ 12.3352112, 42.112711 ], [ 12.335318, 42.1126865 ], [ 12.3355106, 42.1126369 ], [ 12.3356996, 42.1126008 ], [ 12.3358581, 42.1125685 ], [ 12.3360688, 42.1125193 ], [ 12.3362884, 42.1124749 ], [ 12.3364253, 42.1124556 ], [ 12.3366316, 42.1124379 ], [ 12.3367368, 42.1124538 ], [ 12.3367006, 42.1126691 ], [ 12.3367108, 42.1127864 ], [ 12.336684, 42.1129209 ], [ 12.3367051, 42.1131375 ], [ 12.3366936, 42.1132678 ], [ 12.3366528, 42.1133749 ], [ 12.3365385, 42.1136514 ], [ 12.336441, 42.1138113 ], [ 12.3363771, 42.1139674 ], [ 12.3363114, 42.1140919 ], [ 12.336206, 42.1142246 ], [ 12.3361046, 42.1143348 ], [ 12.3360108, 42.1144812 ], [ 12.335756, 42.1147904 ], [ 12.3356534, 42.1149997 ], [ 12.3355825, 42.1151781 ], [ 12.3355158, 42.1153252 ], [ 12.3354469, 42.1154542 ], [ 12.335406, 42.1155658 ], [ 12.3353461, 42.115767 ], [ 12.335297, 42.115928 ], [ 12.3352585, 42.1160532 ], [ 12.3352144, 42.1162412 ], [ 12.3351942, 42.1163623 ], [ 12.33516, 42.1165281 ], [ 12.3351332, 42.1167347 ], [ 12.3351139, 42.1169053 ], [ 12.3351268, 42.1171037 ], [ 12.335144, 42.1171987 ], [ 12.335191, 42.1173754 ], [ 12.3352767, 42.1175665 ], [ 12.3353526, 42.1177033 ], [ 12.3354523, 42.1177777 ], [ 12.3355819, 42.1179338 ], [ 12.335647, 42.1180389 ], [ 12.3357169, 42.1181756 ], [ 12.3357815, 42.1183662 ], [ 12.3358392, 42.1185747 ], [ 12.3358651, 42.1186788 ], [ 12.3359161, 42.1188331 ], [ 12.3359692, 42.1190099 ], [ 12.3360579, 42.1192011 ], [ 12.3361021, 42.1193012 ], [ 12.3361752, 42.1194335 ], [ 12.3362513, 42.1196379 ], [ 12.3363068, 42.1197562 ], [ 12.3363803, 42.1199515 ], [ 12.3364379, 42.1201388 ], [ 12.3364964, 42.1202829 ], [ 12.3365518, 42.1204058 ], [ 12.336608, 42.1205782 ], [ 12.3366666, 42.1207687 ], [ 12.3366981, 42.120954 ], [ 12.3367108, 42.1210849 ], [ 12.3367682, 42.1213744 ], [ 12.3368018, 42.1215823 ], [ 12.3367996, 42.1217083 ], [ 12.3368119, 42.1219203 ], [ 12.3367907, 42.1221359 ], [ 12.3368155, 42.122267 ], [ 12.3368432, 42.1223983 ], [ 12.3368421, 42.1224973 ], [ 12.3367989, 42.1226629 ], [ 12.3366182, 42.1227893 ], [ 12.3362126, 42.123014 ], [ 12.3357305, 42.1232595 ], [ 12.3355108, 42.1233804 ], [ 12.3353569, 42.1234444 ], [ 12.3351714, 42.1235391 ], [ 12.3349771, 42.1236292 ], [ 12.3347738, 42.123719 ], [ 12.3346069, 42.1238052 ], [ 12.3343871, 42.1239262 ], [ 12.3342082, 42.1240075 ], [ 12.3340134, 42.1241111 ], [ 12.3337938, 42.1242275 ], [ 12.3335751, 42.1243215 ], [ 12.3333987, 42.1244165 ], [ 12.3332654, 42.1244944 ], [ 12.3331789, 42.1245374 ], [ 12.332993, 42.1246457 ], [ 12.3328056, 42.1247134 ], [ 12.3325707, 42.124834 ], [ 12.332401, 42.1249156 ], [ 12.3321538, 42.1250404 ], [ 12.3320237, 42.1251139 ], [ 12.3318533, 42.125209 ], [ 12.3312685, 42.1252359 ], [ 12.3310842, 42.1252317 ], [ 12.3308539, 42.1252443 ], [ 12.3305629, 42.12526 ], [ 12.3303123, 42.1252497 ], [ 12.3301097, 42.1252495 ], [ 12.3297889, 42.1252555 ], [ 12.3296062, 42.1252828 ], [ 12.3293936, 42.1253048 ], [ 12.3292091, 42.1253051 ], [ 12.3290247, 42.1253053 ], [ 12.3288885, 42.1253066 ], [ 12.3287595, 42.1253531 ], [ 12.3286513, 42.1254812 ], [ 12.3285907, 42.1255563 ], [ 12.3282874, 42.1260085 ], [ 12.3279849, 42.1264427 ], [ 12.3276725, 42.1268947 ], [ 12.3273361, 42.1273417 ], [ 12.3269433, 42.1279089 ], [ 12.3265739, 42.1284226 ], [ 12.3262328, 42.1289099 ], [ 12.3257933, 42.1295075 ], [ 12.3254653, 42.1295404 ], [ 12.325296, 42.1295364 ], [ 12.3250351, 42.1295574 ], [ 12.324741, 42.129573 ], [ 12.3246827, 42.1295942 ], [ 12.3245067, 42.1296081 ], [ 12.3243403, 42.1296087 ], [ 12.3241277, 42.1296307 ], [ 12.3239245, 42.129644 ], [ 12.3237947, 42.1296365 ], [ 12.3235853, 42.1296541 ], [ 12.3233753, 42.1296852 ], [ 12.3232299, 42.1296908 ], [ 12.3230784, 42.1296963 ], [ 12.3229302, 42.1296973 ], [ 12.3228873, 42.1295658 ], [ 12.3226048, 42.1295952 ], [ 12.322284, 42.1296012 ], [ 12.3220694, 42.1295962 ], [ 12.3218449, 42.1296135 ], [ 12.3215811, 42.1296298 ], [ 12.3213832, 42.1296612 ], [ 12.3212261, 42.1296576 ], [ 12.3209883, 42.1297015 ], [ 12.3207955, 42.1297556 ], [ 12.3205947, 42.1297824 ], [ 12.3203677, 42.1297861 ], [ 12.3203556, 42.1300019 ], [ 12.3203856, 42.1302233 ], [ 12.3203903, 42.130471 ], [ 12.3204066, 42.130728 ], [ 12.3204198, 42.1309175 ], [ 12.3204249, 42.1311562 ], [ 12.3204295, 42.131476 ], [ 12.3204153, 42.1317414 ], [ 12.3204408, 42.1319986 ], [ 12.3204804, 42.1322787 ], [ 12.3205009, 42.1325088 ], [ 12.3205103, 42.1327882 ], [ 12.3205114, 42.1330494 ], [ 12.3205062, 42.1332429 ], [ 12.3204973, 42.1335263 ], [ 12.3205233, 42.1338421 ], [ 12.320522, 42.1340177 ], [ 12.3205391, 42.1342568 ], [ 12.3205287, 42.1345042 ], [ 12.3205358, 42.1346934 ], [ 12.3205552, 42.1349506 ], [ 12.3205719, 42.1351986 ], [ 12.3205696, 42.1353967 ], [ 12.3205043, 42.1354402 ], [ 12.3203588, 42.1355898 ], [ 12.3201981, 42.1357437 ], [ 12.3200451, 42.1359292 ], [ 12.3198964, 42.1360833 ], [ 12.3197226, 42.1362594 ], [ 12.3195328, 42.1364576 ], [ 12.3193488, 42.1366604 ], [ 12.3191377, 42.1368581 ], [ 12.3190301, 42.1369726 ], [ 12.3187512, 42.1372723 ], [ 12.3185656, 42.1373715 ], [ 12.3184857, 42.137185 ], [ 12.3182712, 42.1368918 ], [ 12.3181325, 42.136668 ], [ 12.3179846, 42.1364439 ], [ 12.3177902, 42.1361782 ], [ 12.3175865, 42.1359168 ], [ 12.3174116, 42.1356875 ], [ 12.317264, 42.135531 ], [ 12.3171178, 42.1356266 ], [ 12.3168641, 42.1357603 ], [ 12.3166174, 42.1358716 ], [ 12.3163341, 42.1360631 ], [ 12.3161225, 42.1362022 ], [ 12.3158656, 42.1363403 ], [ 12.3155864, 42.1365048 ], [ 12.3153112, 42.136647 ], [ 12.3149531, 42.1368187 ], [ 12.3144858, 42.1369969 ], [ 12.3139569, 42.1372726 ], [ 12.3138515, 42.137045 ], [ 12.3137654, 42.137079 ] ] ] ] } }
]
}
