{
"type": "FeatureCollection",
"name": "rifugi_chiuso",
"features": [
{ "type": "Feature", "properties": { "fid": 1, "TIPO": "Centri Culturali e Poli Civici", "NOME": "Polo Civico Esquilino Pòleis", "INDIRIZZO": "Via Galilei, 57, Roma", "MUNICIPIO": "I", "ORARI": "n.d.", "CHIUSURA_E": "n.d.", "ACCESSIBIL": "n.d.", "ARIA_COND": "SI", "TELEFONO": "335 576 9531", "EMAIL": "polocivico2022@gmail.com", "EMAIL2": "n.d.", "SITO_WEB": "https://polocivicoesquilino.it", "GOOGLEMAPS": "https://www.google.com/maps/search/Polo+Civico+Esquilino+Via+Galilei+57+Roma", "LAT": 41.89117874, "LON": 12.5058572, "FIELD_16": null, "FIELD_17": null, "FIELD_18": null, "FIELD_19": null, "FIELD_20": null, "FIELD_21": 0 }, "geometry": { "type": "Point", "coordinates": [ 12.5058146, 41.8910474 ] } },
{ "type": "Feature", "properties": { "fid": 2, "TIPO": "Centri Culturali e Poli Civici", "NOME": "Casa della Cultura e dello Sport Silvio Di Francia", "INDIRIZZO": "Via Casilina, 665, Roma", "MUNICIPIO": "V", "ORARI": "n.d.", "CHIUSURA_E": "n.d.", "ACCESSIBIL": "n.d.", "ARIA_COND": "SI", "TELEFONO": "06 6960 6203", "EMAIL": "presidenza.mun05@comune.roma.it", "EMAIL2": "n.d.", "SITO_WEB": "https://www.comune.roma.it/web/it/municipio-v.page", "GOOGLEMAPS": "https://www.google.com/maps/search/Casa+della+Cultura+e+dello+Sport+Silvio+Di+Francia+Via+Casilina+665+Roma", "LAT": 41.87801228, "LON": 12.55077998, "FIELD_16": null, "FIELD_17": null, "FIELD_18": null, "FIELD_19": null, "FIELD_20": null, "FIELD_21": 0 }, "geometry": { "type": "Point", "coordinates": [ 12.5507463, 41.8779053 ] } },
{ "type": "Feature", "properties": { "fid": 3, "TIPO": "Aule Studio", "NOME": "Aula Studio Trionfale", "INDIRIZZO": "Via Andrea Doria, 41, Roma", "MUNICIPIO": "I", "ORARI": "Lun-Ven 10-18, Sab-Dom 10-14", "CHIUSURA_E": "Aperti tutta l'estate", "ACCESSIBIL": "NO", "ARIA_COND": "SI", "TELEFONO": "0645460461", "EMAIL": "giordanobruno@bibliotechediroma.it", "EMAIL2": "m.aquilina@bibliotechediroma.it", "SITO_WEB": "https://www.bibliotechediroma.it/opac/library/Aula%20Studio%20Trionfale/RMB$S1STUDIO", "GOOGLEMAPS": "https://www.google.com/maps/place/?q=place_id:ChIJKQKPEQBhLxMRJxFoH24WuWY", "LAT": 41.9085802, "LON": 12.4536008, "FIELD_16": "Nessuno", "FIELD_17": "82", "FIELD_18": "Con carta Biblioteche di Roma (10 euro annuali)", "FIELD_19": "Biblioteche di Roma", "FIELD_20": "Aula Civica", "FIELD_21": 0 }, "geometry": { "type": "Point", "coordinates": [ 12.4526529, 41.9095687 ] } },
{ "type": "Feature", "properties": { "fid": 4, "TIPO": "Aule Studio", "NOME": "Aula Studio Torpignattara", "INDIRIZZO": "Via di Acqua Bullicante, 2, Roma", "MUNICIPIO": "V", "ORARI": "Lun-Ven 9-19", "CHIUSURA_E": "Dal 10 al 14 agosto", "ACCESSIBIL": "Accessibile", "ARIA_COND": "SI", "TELEFONO": "0645460770", "EMAIL": "aulastudiotorpignattara@bibliotechediroma.it", "EMAIL2": "t.romano@bibliotechediroma.it", "SITO_WEB": "https://www.bibliotechediroma.it/opac/library/Aula%20Studio%20Torpignattara/RMBV2", "GOOGLEMAPS": "https://www.google.com/maps/place/?q=place_id:ChIJ-W0SJwBjLxMRjJ0pIigc3Fk", "LAT": 41.8806663, "LON": 12.5427488, "FIELD_16": "Punto prestito libri", "FIELD_17": "36", "FIELD_18": "Con carta Biblioteche di Roma (10 euro annuali)", "FIELD_19": "Biblioteche di Roma", "FIELD_20": "Aula Civica", "FIELD_21": 0 }, "geometry": { "type": "Point", "coordinates": [ 12.5427488, 41.8806663 ] } },
{ "type": "Feature", "properties": { "fid": 5, "TIPO": "Aule Studio", "NOME": "Aula Studio di Palazzo Braschi", "INDIRIZZO": "Piazza di S. Pantaleo, 10, 00186 Roma", "MUNICIPIO": "I", "ORARI": "Mar-Dom 10-19", "CHIUSURA_E": "Sempre aperta", "ACCESSIBIL": "Accessibile", "ARIA_COND": "SI", "TELEFONO": "060608", "EMAIL": "museodiroma@comune.roma.it", "EMAIL2": "n.d.", "SITO_WEB": "https://www.turismoroma.it/it/luoghi/aula-studio-del-museo-di-roma-palazzo-braschi", "GOOGLEMAPS": "https://www.google.com/maps/place/?q=place_id:ChIJbedagU9gLxMRdw-SiQm53EM", "LAT": 41.8973751, "LON": 12.4728322, "FIELD_16": "Accesso al centro documentazione museale su richiesta", "FIELD_17": "16", "FIELD_18": "WiFi museo gratuito", "FIELD_19": "Sovrintendenza Capitolina", "FIELD_20": "Aula Museale", "FIELD_21": 0 }, "geometry": { "type": "Point", "coordinates": [ 12.4727268, 41.8975665 ] } },
{ "type": "Feature", "properties": { "fid": 6, "TIPO": "Aule Studio", "NOME": "Polo Culturale di Montespaccato", "INDIRIZZO": "Via Gaetano Mazzoni, 85, Roma", "MUNICIPIO": "XIII", "ORARI": "Lun-Giov 10-18", "CHIUSURA_E": "Aperti tutta l'estate", "ACCESSIBIL": "n.d.", "ARIA_COND": "SI", "TELEFONO": "0645460411", "EMAIL": "cornelia@bibliotechediroma.it", "EMAIL2": "d.martone@bibliotechediroma.it", "SITO_WEB": "https://www.bibliotechediroma.it/opac/news/apre-il-polo-culturale-a-montespaccato/34983", "GOOGLEMAPS": "https://www.google.com/maps/place/?q=place_id:ChIJaRnx7TFfLxMRcO2QpfPdVaI", "LAT": 41.906713, "LON": 12.3935655, "FIELD_16": "Una sala a disposizione delle associazioni per mostre, eventi e iniziative culturali", "FIELD_17": "22", "FIELD_18": "Con carta Biblioteche di Roma (10 euro annuali)", "FIELD_19": "Biblioteche di Roma", "FIELD_20": "Aula Civica", "FIELD_21": 0 }, "geometry": { "type": "Point", "coordinates": [ 12.3935655, 41.906713 ] } },
{ "type": "Feature", "properties": { "fid": 7, "TIPO": "Aule Studio", "NOME": "Aula Studio del MACRO", "INDIRIZZO": "Via Nizza, 138, 00198, Roma", "MUNICIPIO": "II", "ORARI": "Mar-Ven 12-19, Sab-Dom 10-19", "CHIUSURA_E": "Aperti tutta l'estate", "ACCESSIBIL": "n.d.", "ARIA_COND": "SI", "TELEFONO": "06 696271", "EMAIL": "macro@palaexpo.it", "EMAIL2": "n.d.", "SITO_WEB": "https://www.museomacro.it/pagine/aule-studio", "GOOGLEMAPS": "https://www.google.com/maps/place/?q=place_id:ChIJx0W6xg5hLxMRtchDcLBGcM8", "LAT": 41.9130516, "LON": 12.5031409, "FIELD_16": "Bar Interno", "FIELD_17": "48", "FIELD_18": "Wifi MACRO gratuito", "FIELD_19": "Azienda Speciale Palaexpo", "FIELD_20": "Aula Museale", "FIELD_21": 0 }, "geometry": { "type": "Point", "coordinates": [ 12.5030604, 41.913623 ] } },
{ "type": "Feature", "properties": { "fid": 8, "TIPO": "Aule Studio", "NOME": "Aula Studio La Pelanda", "INDIRIZZO": "Piazza Orazio Giustiniani, 4, 00153 Roma", "MUNICIPIO": "I", "ORARI": "Lun-Dom 9:30-19:30", "CHIUSURA_E": "Aperti tutta l'estate", "ACCESSIBIL": "Accessibile", "ARIA_COND": "SI", "TELEFONO": "06 3996 7500", "EMAIL": "mattatoio@palaexpo.it", "EMAIL2": "n.d.", "SITO_WEB": "https://www.mattatoioroma.it/pagine/aula-studio-la-pelanda", "GOOGLEMAPS": "https://www.google.com/maps/place/?q=place_id:ChIJJ0HiOC9gLxMRA5QSS4xViE0", "LAT": 41.8756989, "LON": 12.4725128, "FIELD_16": "Nessuno", "FIELD_17": "28", "FIELD_18": "WiFi Palaexpo gratuito", "FIELD_19": "Azienda Speciale Palaexpo", "FIELD_20": "Aula Museale", "FIELD_21": 24 }, "geometry": { "type": "Point", "coordinates": [ 12.4732298, 41.8754736 ] } },
{ "type": "Feature", "properties": { "fid": 9, "TIPO": "Aule Studio", "NOME": "Aula Studio Palazzo delle Esposizioni", "INDIRIZZO": "Via Nazionale, 194, Roma", "MUNICIPIO": "I", "ORARI": "Mar-Dom 10-20", "CHIUSURA_E": "Aperti tutta l'estate", "ACCESSIBIL": "Accessibile", "ARIA_COND": "SI", "TELEFONO": "06 696271", "EMAIL": "palazzoesposizioni@palaexpo.it", "EMAIL2": "n.d.", "SITO_WEB": "https://www.palazzoesposizioniroma.it/pagine/aula-studio", "GOOGLEMAPS": "https://www.google.com/maps/place/?q=place_id:ChIJbxxhZa5hLxMRRjFLUna6Ylk", "LAT": 41.8994596, "LON": 12.4901464, "FIELD_16": "Bar Interno, Armadietti", "FIELD_17": "24", "FIELD_18": "WiFi gratuito", "FIELD_19": "Azienda Speciale Palaexpo", "FIELD_20": "Aula Museale", "FIELD_21": 0 }, "geometry": { "type": "Point", "coordinates": [ 12.4901464, 41.8994596 ] } },
{ "type": "Feature", "properties": { "fid": 10, "TIPO": "Aule Studio", "NOME": "Casa del Cinema", "INDIRIZZO": "Largo Marcello Mastroianni, 1, 00197 Roma", "MUNICIPIO": "II", "ORARI": "Lun-Dom 10-20", "CHIUSURA_E": "Aperti tutta l'estate", "ACCESSIBIL": "Accessibile", "ARIA_COND": "SI", "TELEFONO": "06 4040 1604", "EMAIL": "info@casadelcinema.it", "EMAIL2": "n.d.", "SITO_WEB": "https://www.casadelcinema.it", "GOOGLEMAPS": "https://www.google.com/maps/place/?q=place_id:ChIJ66WqEwFhLxMRqJKP5e4cEM0", "LAT": 41.9112819, "LON": 12.4873661, "FIELD_16": "Bar Interno, Cinema", "FIELD_17": "8", "FIELD_18": "WiFi Casa del Cinema gratuito", "FIELD_19": "Fondazione Cinema per Roma", "FIELD_20": "Aula Civica", "FIELD_21": 0 }, "geometry": { "type": "Point", "coordinates": [ 12.4877327, 41.9108518 ] } },
{ "type": "Feature", "properties": { "fid": 11, "TIPO": "Aule Studio", "NOME": "Aula Studio Auditorium \"Mattia Nicholas Liguori\"", "INDIRIZZO": "Via Pietro de Coubertin, 00196 Roma", "MUNICIPIO": "II", "ORARI": "Lun-Dom 11-18 (Dom/festivi 10-18); estate: Lun-Dom 11-20 (Dom/festivi 10-20)", "CHIUSURA_E": "Aperti tutta l'estate", "ACCESSIBIL": "Accessibile", "ARIA_COND": "SI", "TELEFONO": "060606", "EMAIL": "n.d.", "EMAIL2": "n.d.", "SITO_WEB": "https://www.auditorium.com", "GOOGLEMAPS": "https://www.google.com/maps/place/?q=place_id:ChIJO1hIJgBhLxMRC3e7i4IVekk", "LAT": 41.9295651, "LON": 12.4732798, "FIELD_16": "Nessuno", "FIELD_17": "32", "FIELD_18": "WiFi Auditorium gratuito", "FIELD_19": "Fondazione Musica per Roma", "FIELD_20": "Aula Civica", "FIELD_21": 0 }, "geometry": { "type": "Point", "coordinates": [ 12.4747018, 41.9300174 ] } },
{ "type": "Feature", "properties": { "fid": 12, "TIPO": "Aule Studio", "NOME": "Aula Studio Casa del Popolo", "INDIRIZZO": "Via di Valle Aurelia, 37, Roma", "MUNICIPIO": "XIV", "ORARI": "Lun-Ven 9-19", "CHIUSURA_E": "Dal 17 al 29 agosto", "ACCESSIBIL": "Accessibile", "ARIA_COND": "SI", "TELEFONO": "06 645460615", "EMAIL": "casadelpopolo@bibliotechediroma.it", "EMAIL2": "n.d.", "SITO_WEB": "https://www.bibliotechediroma.it/opac/library/Aula%20Studio%20Casa%20del%20Popolo/RMB$T1STUDIO", "GOOGLEMAPS": "https://www.google.com/maps/search/?api=1&query=Via+di+Valle+Aurelia+37+Roma", "LAT": 41.9087673, "LON": 12.4359238, "FIELD_16": "Nessuno", "FIELD_17": "36", "FIELD_18": "Con carta Biblioteche di Roma (10 euro annuali)", "FIELD_19": "Biblioteche di Roma", "FIELD_20": "Aula Civica", "FIELD_21": 0 }, "geometry": { "type": "Point", "coordinates": [ 12.4359238, 41.9087673 ] } },
{ "type": "Feature", "properties": { "fid": 13, "TIPO": "Aule Studio", "NOME": "La Vaccheria", "INDIRIZZO": "Via Giovanni l'Eltore, 35, Roma", "MUNICIPIO": "IX", "ORARI": "Mar-Gio 9-13, Ven-Dom 9-19", "CHIUSURA_E": "n.d.", "ACCESSIBIL": "n.d.", "ARIA_COND": "SI", "TELEFONO": "0645460490", "EMAIL": "vaccherianardi@bibliotechediroma.it", "EMAIL2": "n.d.", "SITO_WEB": "n.d.", "GOOGLEMAPS": "n.d.", "LAT": 41.8134139, "LON": 12.4581351, "FIELD_16": "Eventi Culturali occasionali", "FIELD_17": "75", "FIELD_18": "n.d.", "FIELD_19": "Municipio IX", "FIELD_20": "Aula Museale", "FIELD_21": 0 }, "geometry": { "type": "Point", "coordinates": [ 12.4581351, 41.8134139 ] } },
{ "type": "Feature", "properties": { "fid": 14, "TIPO": "Aule Studio", "NOME": "Aula Studio Sempione", "INDIRIZZO": "Piazza Sempione, 15, Roma", "MUNICIPIO": "III", "ORARI": "Lun-Ven 9-18", "CHIUSURA_E": "n.d.", "ACCESSIBIL": "n.d.", "ARIA_COND": "SI", "TELEFONO": "n.d.", "EMAIL": "n.d.", "EMAIL2": "n.d.", "SITO_WEB": "n.d.", "GOOGLEMAPS": "n.d.", "LAT": 41.9361636, "LON": 12.5351297, "FIELD_16": "n.d.", "FIELD_17": "20", "FIELD_18": "n.d.", "FIELD_19": "Municipio III", "FIELD_20": "Aula Civica", "FIELD_21": 0 }, "geometry": { "type": "Point", "coordinates": [ 12.5351297, 41.9361636 ] } },
{ "type": "Feature", "properties": { "fid": 15, "TIPO": "Aule Studio", "NOME": "Urban Center", "INDIRIZZO": "Viale Manzoni, 34, Roma", "MUNICIPIO": "V", "ORARI": "Mar-Dom 10-19", "CHIUSURA_E": "n.d.", "ACCESSIBIL": "n.d.", "ARIA_COND": "SI", "TELEFONO": "n.d.", "EMAIL": "segreteria@romaurbancenter.it", "EMAIL2": "n.d.", "SITO_WEB": "https://www.romaurbancenter.it", "GOOGLEMAPS": "n.d.", "LAT": 41.8908885, "LON": 12.5071767, "FIELD_16": "n.d.", "FIELD_17": "20", "FIELD_18": "SI", "FIELD_19": "Risorse per Roma", "FIELD_20": "Aula Civica", "FIELD_21": 0 }, "geometry": { "type": "Point", "coordinates": [ 12.5071767, 41.8908885 ] } },
{ "type": "Feature", "properties": { "fid": 16, "TIPO": "Aule Studio", "NOME": "Casina del Salvi", "INDIRIZZO": "Viale di Parco del Celio, 20, Roma", "MUNICIPIO": "I", "ORARI": "Lun-Dom 9-19", "CHIUSURA_E": "n.d.", "ACCESSIBIL": "Accessibile", "ARIA_COND": "SI", "TELEFONO": "3421231222", "EMAIL": "casinadelsalvi@outlook.it", "EMAIL2": "n.d.", "SITO_WEB": "n.d.", "GOOGLEMAPS": "n.d.", "LAT": 41.8873812, "LON": 12.4917914, "FIELD_16": "n.d.", "FIELD_17": "38", "FIELD_18": "SI", "FIELD_19": "Sovrintendenza Capitolina", "FIELD_20": "Aula Museale", "FIELD_21": 24 }, "geometry": { "type": "Point", "coordinates": [ 12.4917914, 41.8873812 ] } },
{ "type": "Feature", "properties": { "fid": 17, "TIPO": "Biblioteche", "NOME": "Biblioteca Aldo Fabrizi", "INDIRIZZO": "Via Treia, 14, Roma", "MUNICIPIO": "IV", "ORARI": "Lun-Gio 9-15", "CHIUSURA_E": "ATTUALMENTE CHIUSA per  efficientamento energetico PNRR", "ACCESSIBIL": "Accessibile", "ARIA_COND": "SI", "TELEFONO": "0645460730", "EMAIL": "aldofabrizi@bibliotechediroma.it", "EMAIL2": "n.d.", "SITO_WEB": "https://www.bibliotechediroma.it/opac/library/Biblioteca%20Aldo%20Fabrizi/RMBE2", "GOOGLEMAPS": "https://www.google.com/maps/place/?q=place_id:ChIJc6Ii8IJkLxMRvRqkWKCtoNU", "LAT": 41.9375516, "LON": 12.5851481, "FIELD_16": null, "FIELD_17": null, "FIELD_18": null, "FIELD_19": null, "FIELD_20": null, "FIELD_21": 0 }, "geometry": { "type": "Point", "coordinates": [ 12.584742, 41.9377922 ] } },
{ "type": "Feature", "properties": { "fid": 18, "TIPO": "Biblioteche", "NOME": "Biblioteca Arcipelago Auditorium", "INDIRIZZO": "Via Benedetto Croce, 50, Roma", "MUNICIPIO": "VIII", "ORARI": "Lun 9-14, Mar 9-18, Mer 12-18, Gio 9-18", "CHIUSURA_E": "Dal 10 al 22 agosto 2026", "ACCESSIBIL": "Accessibile", "ARIA_COND": "SI", "TELEFONO": "0645460710", "EMAIL": "arcipelagoauditorium@bibliotechediroma.it", "EMAIL2": "a.iezzi@bibliotechediroma.it", "SITO_WEB": "https://www.bibliotechediroma.it/opac/library/Biblioteca%20Arcipelago%20Auditorium/RMBM1", "GOOGLEMAPS": "https://www.google.com/maps/place/?q=place_id:ChIJXX29cu2LJRMR2LRkP7Z3ul4", "LAT": 41.8409745, "LON": 12.4845378, "FIELD_16": null, "FIELD_17": null, "FIELD_18": null, "FIELD_19": null, "FIELD_20": null, "FIELD_21": 0 }, "geometry": { "type": "Point", "coordinates": [ 12.4845378, 41.8409745 ] } },
{ "type": "Feature", "properties": { "fid": 19, "TIPO": "Biblioteche", "NOME": "Biblioteca Borghesiana", "INDIRIZZO": "Via Massa Silani, 7, Roma", "MUNICIPIO": "VI", "ORARI": "Lun e Ven 9-15, Mar-Mer-Gio 9-19", "CHIUSURA_E": "Dal 10 al 22 agosto 2026", "ACCESSIBIL": "Accessibile", "ARIA_COND": "SI", "TELEFONO": "0645460361", "EMAIL": "borghesiana@bibliotechediroma.it", "EMAIL2": "m.ciaffi@bibliotechediroma.it", "SITO_WEB": "https://www.bibliotechediroma.it/opac/library/Biblioteca%20Borghesiana/RMBH2", "GOOGLEMAPS": "https://www.google.com/maps/place/?q=place_id:ChIJpys7Tpx9LxMR9dIOgusIbRk", "LAT": 41.8641328, "LON": 12.688376, "FIELD_16": null, "FIELD_17": null, "FIELD_18": null, "FIELD_19": null, "FIELD_20": null, "FIELD_21": 0 }, "geometry": { "type": "Point", "coordinates": [ 12.6883471, 41.8640672 ] } },
{ "type": "Feature", "properties": { "fid": 20, "TIPO": "Biblioteche", "NOME": "Biblioteca Casa dei Bimbi", "INDIRIZZO": "Via Libero Leonardi, 153, Roma", "MUNICIPIO": "VII", "ORARI": "Lun-Mar-Gio 9-19, Ven 9-13, Sab (2 al mese) 9-13", "CHIUSURA_E": "Dal 17 al 29 agosto 2026", "ACCESSIBIL": "Accessibile", "ARIA_COND": "SI", "TELEFONO": "0645460381", "EMAIL": "casabimbi@bibliotechediroma.it", "EMAIL2": "l.desantis@bibliotechediroma.it", "SITO_WEB": "https://www.bibliotechediroma.it/opac/library/Biblioteca%20Casa%20dei%20Bimbi/RMBL3", "GOOGLEMAPS": "https://www.google.com/maps/place/?q=place_id:ChIJEb3rNCGIJRMRqwS7fi2kYyk", "LAT": 41.8520659, "LON": 12.5925212, "FIELD_16": null, "FIELD_17": null, "FIELD_18": null, "FIELD_19": null, "FIELD_20": null, "FIELD_21": 0 }, "geometry": { "type": "Point", "coordinates": [ 12.5925212, 41.8520659 ] } },
{ "type": "Feature", "properties": { "fid": 21, "TIPO": "Biblioteche", "NOME": "Biblioteca Casa della Memoria e della Storia", "INDIRIZZO": "Via di San Francesco di Sales, 5, Roma", "MUNICIPIO": "I", "ORARI": "Mar-Ven 10-18", "CHIUSURA_E": "Dal 10 al 22 agosto 2026", "ACCESSIBIL": "Accessibile", "ARIA_COND": "SI", "TELEFONO": "0645460503", "EMAIL": "casadellamemoria@bibliotechediroma.it", "EMAIL2": "p.ruffini@bibliotechediroma.it", "SITO_WEB": "https://www.bibliotechediroma.it/opac/library/Biblioteca%20Casa%20della%20Memoria%20e%20della%20Storia/RMBA5", "GOOGLEMAPS": "https://www.google.com/maps/place/?q=place_id:ChIJfyBDlUFgLxMRu5c0cbTDM-g", "LAT": 41.8941324, "LON": 12.4634148, "FIELD_16": null, "FIELD_17": null, "FIELD_18": null, "FIELD_19": null, "FIELD_20": null, "FIELD_21": 0 }, "geometry": { "type": "Point", "coordinates": [ 12.4636205, 41.8941344 ] } },
{ "type": "Feature", "properties": { "fid": 22, "TIPO": "Biblioteche", "NOME": "Biblioteca Colli Portuensi", "INDIRIZZO": "Viale dei Colli Portuensi, 275, Roma", "MUNICIPIO": "XII", "ORARI": "Lun 13-18, Mar-Mer-Ven 9-14, Gio 9:30-18", "CHIUSURA_E": "Dal 17 al 29 agosto 2026", "ACCESSIBIL": "Accesso parziale", "ARIA_COND": "SI", "TELEFONO": "0645460401", "EMAIL": "colliportuensi@bibliotechediroma.it", "EMAIL2": "b.ambrosi@bibliotechediroma.it", "SITO_WEB": "https://www.bibliotechediroma.it/opac/library/Biblioteca%20Colli%20Portuensi/RMBR1", "GOOGLEMAPS": "https://www.google.com/maps/place/?q=place_id:ChIJGTHjAayKJRMRokJ65i7v6h8", "LAT": 41.8663523, "LON": 12.4439199, "FIELD_16": null, "FIELD_17": null, "FIELD_18": null, "FIELD_19": null, "FIELD_20": null, "FIELD_21": 0 }, "geometry": { "type": "Point", "coordinates": [ 12.4448781, 41.8676055 ] } },
{ "type": "Feature", "properties": { "fid": 23, "TIPO": "Biblioteche", "NOME": "Biblioteca Collina della Pace", "INDIRIZZO": "Via Massa Silani, 7, Roma", "MUNICIPIO": "VI", "ORARI": "Lun-Gio 9-19, Ven 9-15:30", "CHIUSURA_E": "Dal 10 al 22 agosto 2026", "ACCESSIBIL": "Accessibile", "ARIA_COND": "SI", "TELEFONO": "0645460740", "EMAIL": "collinadellapace@bibliotechediroma.it", "EMAIL2": "p.tinchitella@bibliotechediroma.it", "SITO_WEB": "https://www.bibliotechediroma.it/opac/library/Biblioteca%20Collina%20della%20Pace/RMBH3", "GOOGLEMAPS": "https://www.google.com/maps/place/?q=place_id:ChIJMWxs1ZV9LxMRq4fyUiLj5V8", "LAT": 41.8641328, "LON": 12.688376, "FIELD_16": null, "FIELD_17": null, "FIELD_18": null, "FIELD_19": null, "FIELD_20": null, "FIELD_21": 0 }, "geometry": { "type": "Point", "coordinates": [ 12.688376, 41.8641328 ] } },
{ "type": "Feature", "properties": { "fid": 24, "TIPO": "Biblioteche", "NOME": "Biblioteca Cornelia", "INDIRIZZO": "Largo Giuseppe Meroldi 4", "MUNICIPIO": "XIII", "ORARI": "Lun-Ven 10-19, Sab 10-14", "CHIUSURA_E": "Dal 10 al 22 agosto 2026", "ACCESSIBIL": "Accessibile", "ARIA_COND": "SI", "TELEFONO": "0645460411", "EMAIL": "cornelia@bibliotechediroma.it", "EMAIL2": "d.martone@bibliotechediroma.it", "SITO_WEB": "https://www.bibliotechediroma.it/opac/library/Biblioteca%20Cornelia/RMBT2", "GOOGLEMAPS": "https://www.google.com/maps/place/?q=place_id:ChIJCd1F0qhfLxMRT_OjQaIEqbk", "LAT": 41.9070368, "LON": 12.3935141, "FIELD_16": null, "FIELD_17": null, "FIELD_18": null, "FIELD_19": null, "FIELD_20": null, "FIELD_21": 0 }, "geometry": { "type": "Point", "coordinates": [ 12.3935315, 41.9070702 ] } },
{ "type": "Feature", "properties": { "fid": 25, "TIPO": "Biblioteche", "NOME": "Biblioteca Ennio Flaiano", "INDIRIZZO": "Via Monte Ruggero, 39, Roma", "MUNICIPIO": "III", "ORARI": "Mar-Gio 9-18, Ven 9-14", "CHIUSURA_E": "Dal 17 al 29 agosto 2026", "ACCESSIBIL": "Accessibile", "ARIA_COND": "SI", "TELEFONO": "0645460431", "EMAIL": "ennioflaiano@bibliotechediroma.it", "EMAIL2": "i.rollo@bibliotechediroma.it", "SITO_WEB": "https://www.bibliotechediroma.it/opac/library/Biblioteca%20Ennio%20Flaiano/RMBD1", "GOOGLEMAPS": "https://www.google.com/maps/place/?q=place_id:ChIJXevadAJkLxMRB7oaBrEyc38", "LAT": 41.9470452, "LON": 12.5309297, "FIELD_16": null, "FIELD_17": null, "FIELD_18": null, "FIELD_19": null, "FIELD_20": null, "FIELD_21": 0 }, "geometry": { "type": "Point", "coordinates": [ 12.5310389, 41.9471357 ] } },
{ "type": "Feature", "properties": { "fid": 26, "TIPO": "Biblioteche", "NOME": "Biblioteca Enzo Tortora", "INDIRIZZO": "Via N. Zabaglia, 27b, Roma", "MUNICIPIO": "I", "ORARI": "Mar-Mer 12:30-18:30, Gio-Ven 9-15", "CHIUSURA_E": "Dal 17 al 29 agosto 2026", "ACCESSIBIL": "Accessibile", "ARIA_COND": "SI", "TELEFONO": "0645460601", "EMAIL": "enzotortora@bibliotechediroma.it", "EMAIL2": "m.mancinelli@bibliotechediroma.it", "SITO_WEB": "https://www.bibliotechediroma.it/opac/library/Biblioteca%20Enzo%20Tortora/RMBA3", "GOOGLEMAPS": "https://www.google.com/maps/place/?q=place_id:ChIJnwtOWC5gLxMRnHH98FHPXZ4", "LAT": 41.93323963, "LON": 12.56038024, "FIELD_16": null, "FIELD_17": null, "FIELD_18": null, "FIELD_19": null, "FIELD_20": null, "FIELD_21": 0 }, "geometry": { "type": "Point", "coordinates": [ 12.4779043, 41.8769687 ] } },
{ "type": "Feature", "properties": { "fid": 27, "TIPO": "Biblioteche", "NOME": "Biblioteca Europea", "INDIRIZZO": "Via Savoia, 13, Roma", "MUNICIPIO": "II", "ORARI": "Lun 13-19, Mar e Gio 9-19, Mer e Ven 9-15, Sab 9-13", "CHIUSURA_E": "Dal 3 al 29 agosto 2026", "ACCESSIBIL": "Accessibile", "ARIA_COND": "SI", "TELEFONO": "0645460680", "EMAIL": "europea@bibliotechediroma.it", "EMAIL2": "m.jedrusik@bibliotechediroma.it", "SITO_WEB": "https://www.bibliotechediroma.it/opac/library/Biblioteca%20Europea/RMBA1", "GOOGLEMAPS": "https://www.google.com/maps/place/?q=place_id:ChIJZ3Qb-w5hLxMRIdIa1CN4WMw", "LAT": 41.9130882, "LON": 12.4987169, "FIELD_16": null, "FIELD_17": null, "FIELD_18": null, "FIELD_19": null, "FIELD_20": null, "FIELD_21": 0 }, "geometry": { "type": "Point", "coordinates": [ 12.4987169, 41.9130882 ] } },
{ "type": "Feature", "properties": { "fid": 28, "TIPO": "Biblioteche", "NOME": "Biblioteca Fabrizio Giovenale", "INDIRIZZO": "Via Fermo Corni", "MUNICIPIO": "IV", "ORARI": "Mar-Gio 9-13", "CHIUSURA_E": "Sempre aperta", "ACCESSIBIL": "Accessibile", "ARIA_COND": "SI", "TELEFONO": "0645460751", "EMAIL": "fabriziogiovenale@bibliotechediroma.it", "EMAIL2": "s.perziano@bibliotechediroma.it", "SITO_WEB": "https://www.bibliotechediroma.it/opac/library/Biblioteca%20Fabrizio%20Giovenale/RMBWA", "GOOGLEMAPS": "https://www.google.com/maps/place/?q=place_id:ChIJEX0AEY9jLxMRLiM7QLQ7Nio", "LAT": 41.932645, "LON": 12.5607389, "FIELD_16": null, "FIELD_17": null, "FIELD_18": null, "FIELD_19": null, "FIELD_20": null, "FIELD_21": 0 }, "geometry": { "type": "Point", "coordinates": [ 12.5603843, 41.9331264 ] } },
{ "type": "Feature", "properties": { "fid": 29, "TIPO": "Biblioteche", "NOME": "Biblioteca Flaminia", "INDIRIZZO": "Via Cesare Fracassini, 9, Roma", "MUNICIPIO": "II", "ORARI": "Lun 14-19, Mar e Gio 9-13/14-19, Mer e Ven 9-15, Sab 9-13", "CHIUSURA_E": "Dal 17 al 29 agosto 2026", "ACCESSIBIL": "Accessibile", "ARIA_COND": "SI", "TELEFONO": "0645460441", "EMAIL": "flaminia@bibliotechediroma.it", "EMAIL2": "a.spagnamusso@bibliotechediroma.it", "SITO_WEB": "https://www.bibliotechediroma.it/opac/library/Biblioteca%20Flaminia/RMBB3", "GOOGLEMAPS": "https://www.google.com/maps/place/?q=place_id:ChIJedBdMe9gLxMRmYPa6O1qkFk", "LAT": 41.9234312, "LON": 12.470938, "FIELD_16": null, "FIELD_17": null, "FIELD_18": null, "FIELD_19": null, "FIELD_20": null, "FIELD_21": 0 }, "geometry": { "type": "Point", "coordinates": [ 12.4704859, 41.923406 ] } },
{ "type": "Feature", "properties": { "fid": 30, "TIPO": "Biblioteche", "NOME": "Biblioteca Franco Basaglia", "INDIRIZZO": "Via Federico Borromeo, 67, Roma", "MUNICIPIO": "XIV", "ORARI": "Temporaneamente chiusa per lavori PNRR", "CHIUSURA_E": "ATTUALMENTE CHIUSA per  efficientamento energetico PNRR", "ACCESSIBIL": "Accessibile", "ARIA_COND": "SI", "TELEFONO": "0645460369", "EMAIL": "francobasaglia@bibliotechediroma.it", "EMAIL2": "r.castiglione@bibliotechediroma.it", "SITO_WEB": "https://www.bibliotechediroma.it/opac/library/Biblioteca%20Franco%20Basaglia/RMBU1", "GOOGLEMAPS": "https://www.google.com/maps/place/?q=place_id:ChIJ6dxHcUpeLxMRbeXyvUVqsI0", "LAT": 41.9185555, "LON": 12.4145025, "FIELD_16": null, "FIELD_17": null, "FIELD_18": null, "FIELD_19": null, "FIELD_20": null, "FIELD_21": 0 }, "geometry": { "type": "Point", "coordinates": [ 12.4144528, 41.9181942 ] } },
{ "type": "Feature", "properties": { "fid": 31, "TIPO": "Biblioteche", "NOME": "Biblioteca Galline Bianche", "INDIRIZZO": "Via Sulbiate, Roma", "MUNICIPIO": "XV", "ORARI": "Lun-Mer-Ven 9-15, Mar 9-19, Gio 12-19", "CHIUSURA_E": "Dal 17 al 29 agosto 2026", "ACCESSIBIL": "Accessibile", "ARIA_COND": "SI", "TELEFONO": "0645460450", "EMAIL": "gallinebianche@bibliotechediroma.it", "EMAIL2": "s.menchinelli@bibliotechediroma.it", "SITO_WEB": "https://www.bibliotechediroma.it/opac/library/Biblioteca%20Galline%20Bianche/RMBV1", "GOOGLEMAPS": "https://www.google.com/maps/place/?q=place_id:ChIJ9RMsb01mLxMRS5MzhVW_R54", "LAT": 42.0302727, "LON": 12.4661943, "FIELD_16": null, "FIELD_17": null, "FIELD_18": null, "FIELD_19": null, "FIELD_20": null, "FIELD_21": 0 }, "geometry": { "type": "Point", "coordinates": [ 12.4661951, 42.0302722 ] } },
{ "type": "Feature", "properties": { "fid": 32, "TIPO": "Biblioteche", "NOME": "Biblioteca Gianni Rodari", "INDIRIZZO": "Via F. Tovaglieri, 237/A, Roma", "MUNICIPIO": "V", "ORARI": "Mar 9-15, Mer 12-18, Gio 9-15, Ven 12-18", "CHIUSURA_E": "ATTUALMENTE CHIUSA per  efficientamento energetico PNRR", "ACCESSIBIL": "Accessibile", "ARIA_COND": "SI", "TELEFONO": "0645460571", "EMAIL": "giannirodari@bibliotechediroma.it", "EMAIL2": "-", "SITO_WEB": "https://www.bibliotechediroma.it/opac/library/Biblioteca%20Gianni%20Rodari/RMBG1", "GOOGLEMAPS": "https://www.google.com/maps/place/?q=place_id:ChIJf-isDO5iLxMRgkoECXMAkfw", "LAT": 41.88157208, "LON": 12.58873171, "FIELD_16": null, "FIELD_17": null, "FIELD_18": null, "FIELD_19": null, "FIELD_20": null, "FIELD_21": 0 }, "geometry": { "type": "Point", "coordinates": [ 12.589094, 41.8812397 ] } },
{ "type": "Feature", "properties": { "fid": 33, "TIPO": "Biblioteche", "NOME": "Biblioteca Giordano Bruno", "INDIRIZZO": "Via Giordano Bruno, 47, Roma", "MUNICIPIO": "I", "ORARI": "Mar-Gio 9-19; Ven 9-15; Sab 9-13", "CHIUSURA_E": "Dal 17 al 29 agosto 2026", "ACCESSIBIL": "NO", "ARIA_COND": "SI", "TELEFONO": "0645460461", "EMAIL": "giordanobruno@bibliotechediroma.it", "EMAIL2": "m.aquilina@bibliotechediroma.it", "SITO_WEB": "https://www.bibliotechediroma.it/opac/library/Biblioteca%20Giordano%20Bruno/RMBS1", "GOOGLEMAPS": "https://www.google.com/maps/place/?q=place_id:ChIJXTtI1YlgLxMREZDijai5iSM", "LAT": 41.9113437, "LON": 12.4519162, "FIELD_16": null, "FIELD_17": null, "FIELD_18": null, "FIELD_19": null, "FIELD_20": null, "FIELD_21": 0 }, "geometry": { "type": "Point", "coordinates": [ 12.4520285, 41.911165 ] } },
{ "type": "Feature", "properties": { "fid": 34, "TIPO": "Biblioteche", "NOME": "Biblioteca Goffredo Mameli", "INDIRIZZO": "Via del Pigneto, 22, Roma", "MUNICIPIO": "V", "ORARI": "Lun 10-14, Mar 14-18, Mer 10-14, Gio 14-18", "CHIUSURA_E": "Dal 17 al 29 agosto 2026", "ACCESSIBIL": "Accessibile", "ARIA_COND": "SI", "TELEFONO": "0645460541", "EMAIL": "goffredomameli@bibliotechediroma.it", "EMAIL2": "d.ukmar@bibliotechediroma.it", "SITO_WEB": "https://www.bibliotechediroma.it/opac/library/Biblioteca%20Goffredo%20Mameli/RMBF1", "GOOGLEMAPS": "https://www.google.com/maps/place/?q=place_id:ChIJWfvFDophLxMRAkXAdmYX094", "LAT": 41.8892932, "LON": 12.5245254, "FIELD_16": null, "FIELD_17": null, "FIELD_18": null, "FIELD_19": null, "FIELD_20": null, "FIELD_21": 0 }, "geometry": { "type": "Point", "coordinates": [ 12.5245254, 41.8892932 ] } },
{ "type": "Feature", "properties": { "fid": 35, "TIPO": "Biblioteche", "NOME": "Biblioteca Guglielmo Marconi", "INDIRIZZO": "Via Gerolamo Cardano, 135, Roma", "MUNICIPIO": "XI", "ORARI": "Lun 14-19, Mar-Mer-Gio-Ven 10-19, Sab 10-14", "CHIUSURA_E": "Sempre aperta", "ACCESSIBIL": "Accessibile", "ARIA_COND": "SI", "TELEFONO": "0645460301", "EMAIL": "guglielmomarconi@bibliotechediroma.it", "EMAIL2": "c.poma@bibliotechediroma.it", "SITO_WEB": "https://www.bibliotechediroma.it/opac/library/Biblioteca%20Guglielmo%20Marconi/RMBQ1", "GOOGLEMAPS": "https://www.google.com/maps/place/?q=place_id:ChIJESWjvZmKJRMR2hKVtfMy8-E", "LAT": 41.8622576, "LON": 12.4652255, "FIELD_16": null, "FIELD_17": null, "FIELD_18": null, "FIELD_19": null, "FIELD_20": null, "FIELD_21": 0 }, "geometry": { "type": "Point", "coordinates": [ 12.4652268, 41.8623351 ] } },
{ "type": "Feature", "properties": { "fid": 36, "TIPO": "Biblioteche", "NOME": "Biblioteca Joyce Lussu", "INDIRIZZO": "Via Costantino, 49A, Roma", "MUNICIPIO": "VIII", "ORARI": "Mar-Ven 10-19, Sab 9-13", "CHIUSURA_E": "Sempre aperta", "ACCESSIBIL": "Accessibile", "ARIA_COND": "SI", "TELEFONO": "0645460351", "EMAIL": "joycelussu@bibliotechediroma.it", "EMAIL2": "f.crivelli@bibliotechediroma.it", "SITO_WEB": "https://www.bibliotechediroma.it/opac/library/Biblioteca%20Joyce%20Lussu/RMBM2", "GOOGLEMAPS": "https://www.google.com/maps/place/?q=place_id:ChIJORzRgyWLJRMRuFG8Dg04e6I", "LAT": 41.8573083, "LON": 12.4845277, "FIELD_16": null, "FIELD_17": null, "FIELD_18": null, "FIELD_19": null, "FIELD_20": null, "FIELD_21": 0 }, "geometry": { "type": "Point", "coordinates": [ 12.4860717, 41.8569154 ] } },
{ "type": "Feature", "properties": { "fid": 37, "TIPO": "Biblioteche", "NOME": "Biblioteca Laurentina", "INDIRIZZO": "Piazzale Elsa Morante, Roma", "MUNICIPIO": "IX", "ORARI": "Lun e Ven 9-15:30, Mar-Mer-Gio 12-19, Sab 9-13", "CHIUSURA_E": "Dal 10 al 22 agosto 2026", "ACCESSIBIL": "Accessibile", "ARIA_COND": "SI", "TELEFONO": "0645460760", "EMAIL": "laurentina@bibliotechediroma.it", "EMAIL2": "a.benedetti@bibliotechediroma.it", "SITO_WEB": "https://www.bibliotechediroma.it/opac/library/Biblioteca%20Laurentina/RMBN2", "GOOGLEMAPS": "https://www.google.com/maps/place/?q=place_id:ChIJ-0IYPBOLJRMR4BDqXVSi2Gc", "LAT": 41.8127668, "LON": 12.4681304, "FIELD_16": null, "FIELD_17": null, "FIELD_18": null, "FIELD_19": null, "FIELD_20": null, "FIELD_21": 0 }, "geometry": { "type": "Point", "coordinates": [ 12.4681316, 41.8127646 ] } },
{ "type": "Feature", "properties": { "fid": 38, "TIPO": "Biblioteche", "NOME": "Biblioteca Nelson Mandela", "INDIRIZZO": "Via La Spezia, 21, Roma", "MUNICIPIO": "VII", "ORARI": "Mar-Mer-Gio 9-18", "CHIUSURA_E": "Dal 10 al 22 agosto 2027", "ACCESSIBIL": "Accesso parziale - temporaneamente non accessibile", "ARIA_COND": "SI", "TELEFONO": "0645460341", "EMAIL": "nelsonmandela@bibliotechediroma.it", "EMAIL2": "a.langellotti@bibliotechediroma.it", "SITO_WEB": "https://www.bibliotechediroma.it/opac/library/Biblioteca%20Nelson%20Mandela/RMBI1", "GOOGLEMAPS": "https://www.google.com/maps/place/?q=place_id:ChIJbRVesJRhLxMRRRHnHJs3HQE", "LAT": 41.8858883, "LON": 12.5117103, "FIELD_16": null, "FIELD_17": null, "FIELD_18": null, "FIELD_19": null, "FIELD_20": null, "FIELD_21": 0 }, "geometry": { "type": "Point", "coordinates": [ 12.5117067, 41.8859057 ] } },
{ "type": "Feature", "properties": { "fid": 39, "TIPO": "Biblioteche", "NOME": "Biblioteca Penazzato", "INDIRIZZO": "Via D. Penazzato, 112, Roma", "MUNICIPIO": "V", "ORARI": "Mar e Gio 9-13", "CHIUSURA_E": "Dal 10 al 22 agosto 2028", "ACCESSIBIL": "Accessibile", "ARIA_COND": "SI", "TELEFONO": "0645460531", "EMAIL": "penazzato@bibliotechediroma.it", "EMAIL2": "m.valentini@bibliotechediroma.it", "SITO_WEB": "https://www.bibliotechediroma.it/opac/library/Biblioteca%20Penazzato/RMBF2", "GOOGLEMAPS": "https://www.google.com/maps/place/?q=place_id:ChIJt0b_yVJiLxMRRpqcU24Qm5g", "LAT": 41.89859, "LON": 12.566076, "FIELD_16": null, "FIELD_17": null, "FIELD_18": null, "FIELD_19": null, "FIELD_20": null, "FIELD_21": 0 }, "geometry": { "type": "Point", "coordinates": [ 12.566076, 41.89859 ] } },
{ "type": "Feature", "properties": { "fid": 40, "TIPO": "Biblioteche", "NOME": "Biblioteca Pier Paolo Pasolini", "INDIRIZZO": "Viale dei Caduti per la Resistenza, 410/A, Roma", "MUNICIPIO": "IX", "ORARI": "Lun-Mer-Ven 9-14, Mar e Gio 9-19, Sab 9-13", "CHIUSURA_E": "Dal 17 al 29 agosto 2026", "ACCESSIBIL": "Accessibile", "ARIA_COND": "SI", "TELEFONO": "0645460521", "EMAIL": "pasolini@bibliotechediroma.it", "EMAIL2": "f.depasquale@bibliotechediroma.it", "SITO_WEB": "https://www.bibliotechediroma.it/opac/library/Biblioteca%20Pier%20Paolo%20Pasolini/RMBN1", "GOOGLEMAPS": "https://www.google.com/maps/place/?q=place_id:ChIJR8PwfK2MJRMRPpEjcWHegeU", "LAT": 41.7799279, "LON": 12.4400626, "FIELD_16": null, "FIELD_17": null, "FIELD_18": null, "FIELD_19": null, "FIELD_20": null, "FIELD_21": 0 }, "geometry": { "type": "Point", "coordinates": [ 12.4455906, 41.7880113 ] } },
{ "type": "Feature", "properties": { "fid": 41, "TIPO": "Biblioteche", "NOME": "Biblioteca Raffaello", "INDIRIZZO": "Via Tuscolana, 1111, Roma", "MUNICIPIO": "VII", "ORARI": "Lun 9-14, Mar 13-19, Mer 9-14, Gio 13-19", "CHIUSURA_E": "Dal 10 al 22 agosto 2026", "ACCESSIBIL": "Accessibile", "ARIA_COND": "SI", "TELEFONO": "0645460551", "EMAIL": "raffaello@bibliotechediroma.it", "EMAIL2": "m.consalvi@bibliotechediroma.it", "SITO_WEB": "https://www.bibliotechediroma.it/opac/library/Biblioteca%20Raffaello/RMBL1", "GOOGLEMAPS": "https://www.google.com/maps/place/?q=place_id:ChIJh8FVL9GJJRMRq8e9FBFXlfk", "LAT": 41.8440626, "LON": 12.5834264, "FIELD_16": null, "FIELD_17": null, "FIELD_18": null, "FIELD_19": null, "FIELD_20": null, "FIELD_21": 0 }, "geometry": { "type": "Point", "coordinates": [ 12.5830677, 41.8441111 ] } },
{ "type": "Feature", "properties": { "fid": 42, "TIPO": "Biblioteche", "NOME": "Biblioteca Renato Nicolini", "INDIRIZZO": "Via M. Mazzacurati, 76, Roma", "MUNICIPIO": "XI", "ORARI": "Lun-Mer-Ven 8-14, Mar e Gio 9-19, Sab 9-13", "CHIUSURA_E": "Dal 17 al 29 agosto 2026", "ACCESSIBIL": "Accessibile", "ARIA_COND": "SI", "TELEFONO": "0645460421", "EMAIL": "renatonicolini@bibliotechediroma.it", "EMAIL2": "a.perini@bibliotechediroma.it", "SITO_WEB": "https://www.bibliotechediroma.it/opac/library/Biblioteca%20Renato%20Nicolini/RMBQ2", "GOOGLEMAPS": "https://www.google.com/maps/place/?q=place_id:ChIJY7FapRf1JRMR7DNpOQm2ihU", "LAT": 41.8503741, "LON": 12.4138368, "FIELD_16": null, "FIELD_17": null, "FIELD_18": null, "FIELD_19": null, "FIELD_20": null, "FIELD_21": 0 }, "geometry": { "type": "Point", "coordinates": [ 12.413813, 41.8500708 ] } },
{ "type": "Feature", "properties": { "fid": 43, "TIPO": "Biblioteche", "NOME": "Biblioteca Rugantino", "INDIRIZZO": "Via Rugantino, 113, Roma", "MUNICIPIO": "VII", "ORARI": "Mar-Mer-Gio 9-18", "CHIUSURA_E": "ATTUALMENTE CHIUSA per  efficientamento energetico PNRR", "ACCESSIBIL": "Accessibile", "ARIA_COND": "SI", "TELEFONO": "0645460591", "EMAIL": "rugantino@bibliotechediroma.it", "EMAIL2": "t.romano@bibliotechediroma.it", "SITO_WEB": "https://www.bibliotechediroma.it/opac/library/Biblioteca%20Rugantino/RMBH1", "GOOGLEMAPS": "https://www.google.com/maps/place/?q=place_id:ChIJJSadAodiLxMROwfRiKsfGPg", "LAT": 41.8652704, "LON": 12.5779994, "FIELD_16": null, "FIELD_17": null, "FIELD_18": null, "FIELD_19": null, "FIELD_20": null, "FIELD_21": 0 }, "geometry": { "type": "Point", "coordinates": [ 12.5781096, 41.8654499 ] } },
{ "type": "Feature", "properties": { "fid": 44, "TIPO": "Biblioteche", "NOME": "Biblioteca Sandro Onofri", "INDIRIZZO": "Largo del Capelvenere, 7/8, Roma", "MUNICIPIO": "X", "ORARI": "Lun-Mar 9-19, Mer-Gio-Ven 9-15, Sab 9-13", "CHIUSURA_E": "Dal 17 al 29 agosto 2026", "ACCESSIBIL": "Accessibile", "ARIA_COND": "SI", "TELEFONO": "0645460641", "EMAIL": "sandronofri@bibliotechediroma.it", "EMAIL2": "a.buonocore@bibliotechediroma.it", "SITO_WEB": "https://www.bibliotechediroma.it/opac/library/Biblioteca%20Sandro%20Onofri/RMBO1", "GOOGLEMAPS": "https://www.google.com/maps/place/?q=place_id:ChIJg20KGQDzJRMRDjND2kjxyhw", "LAT": 41.7846301, "LON": 12.3611208, "FIELD_16": null, "FIELD_17": null, "FIELD_18": null, "FIELD_19": null, "FIELD_20": null, "FIELD_21": 0 }, "geometry": { "type": "Point", "coordinates": [ 12.3611208, 41.7846301 ] } },
{ "type": "Feature", "properties": { "fid": 45, "TIPO": "Biblioteche", "NOME": "Biblioteca Vaccheria Nardi", "INDIRIZZO": "Via Grotta di Gregna, 37, Roma", "MUNICIPIO": "IV", "ORARI": "Mar e Gio 9-18, Sab 9-13", "CHIUSURA_E": "Dal 10 al 22 agosto 2026", "ACCESSIBIL": "Accessibile", "ARIA_COND": "SI", "TELEFONO": "0645460490", "EMAIL": "vaccherianardi@bibliotechediroma.it", "EMAIL2": "e.moltoni@bibliotechediroma.it", "SITO_WEB": "https://www.bibliotechediroma.it/opac/library/Biblioteca%20Vaccheria%20Nardi/RMBE1", "GOOGLEMAPS": "https://www.google.com/maps/place/?q=place_id:ChIJebU1VKNjLxMRG-u3nLUH-Vg", "LAT": 41.9137532, "LON": 12.5654258, "FIELD_16": null, "FIELD_17": null, "FIELD_18": null, "FIELD_19": null, "FIELD_20": null, "FIELD_21": 0 }, "geometry": { "type": "Point", "coordinates": [ 12.5654258, 41.9137532 ] } },
{ "type": "Feature", "properties": { "fid": 46, "TIPO": "Biblioteche", "NOME": "Biblioteca Valle Aurelia", "INDIRIZZO": "Viale di Valle Aurelia, 129, Roma", "MUNICIPIO": "XIII", "ORARI": "Mar e Gio 9-13", "CHIUSURA_E": "ATTUALMENTE CHIUSA per  efficientamento energetico PNRR", "ACCESSIBIL": "Accessibile", "ARIA_COND": "SI", "TELEFONO": "0645460611", "EMAIL": "valleaurelia@bibliotechediroma.it", "EMAIL2": "p.barrella@bibliotechediroma.it", "SITO_WEB": "https://www.bibliotechediroma.it/opac/library/Biblioteca%20Valle%20Aurelia/RMBT1", "GOOGLEMAPS": "https://www.google.com/maps/place/?q=place_id:ChIJn8iA7tdfLxMRvjKhLfodrJs", "LAT": 41.9049616, "LON": 12.4372052, "FIELD_16": null, "FIELD_17": null, "FIELD_18": null, "FIELD_19": null, "FIELD_20": null, "FIELD_21": 0 }, "geometry": { "type": "Point", "coordinates": [ 12.4372052, 41.9049616 ] } },
{ "type": "Feature", "properties": { "fid": 47, "TIPO": "Biblioteche", "NOME": "Biblioteca Villa Leopardi", "INDIRIZZO": "Via Makallé", "MUNICIPIO": "II", "ORARI": "Lun-Mar 12-18, Mer-Gio 9-15", "CHIUSURA_E": "ATTUALMENTE CHIUSA per  efficientamento energetico PNRR", "ACCESSIBIL": "Accessibile", "ARIA_COND": "SI", "TELEFONO": "0645460621", "EMAIL": "villaleopardi@bibliotechediroma.it", "EMAIL2": "a.tucci@bibliotechediroma.it", "SITO_WEB": "https://www.bibliotechediroma.it/opac/library/Biblioteca%20Villa%20Leopardi/RMBB1", "GOOGLEMAPS": "https://www.google.com/maps/place/?q=place_id:ChIJ-_TJ71xhLxMRyZZoJP1WRco", "LAT": 41.9272832, "LON": 12.5214932, "FIELD_16": null, "FIELD_17": null, "FIELD_18": null, "FIELD_19": null, "FIELD_20": null, "FIELD_21": 0 }, "geometry": { "type": "Point", "coordinates": [ 12.5211284, 41.9270689 ] } },
{ "type": "Feature", "properties": { "fid": 48, "TIPO": "Biblioteche", "NOME": "Casa delle Traduzioni", "INDIRIZZO": "Via degli Avignonesi, 32, Roma", "MUNICIPIO": "I", "ORARI": "Mar e Gio 9-15", "CHIUSURA_E": "Dal 15 luglio al 15 settembre 2026", "ACCESSIBIL": "Accesso parziale", "ARIA_COND": "SI", "TELEFONO": "0645460723", "EMAIL": "casadelletraduzioni@bibliotechediroma.it", "EMAIL2": "g.seller@bibliotechediroma.it", "SITO_WEB": "https://www.bibliotechediroma.it/opac/library/Biblioteca%20Casa%20delle%20Traduzioni/RMBA6", "GOOGLEMAPS": "https://www.google.com/maps/place/?q=place_id:ChIJd1Vbf6thLxMR59eEcgoUsoc", "LAT": 41.9031098, "LON": 12.4877395, "FIELD_16": null, "FIELD_17": null, "FIELD_18": null, "FIELD_19": null, "FIELD_20": null, "FIELD_21": 0 }, "geometry": { "type": "Point", "coordinates": [ 12.4867387, 41.9028863 ] } },
{ "type": "Feature", "properties": { "fid": 49, "TIPO": "Biblioteche", "NOME": "Teatro Biblioteca Quarticciolo", "INDIRIZZO": "Via Castellaneta, 10, Roma", "MUNICIPIO": "V", "ORARI": "Mar-Ven 9-19, Sab 9-14", "CHIUSURA_E": "ATTUALMENTE CHIUSA per  efficientamento energetico PNRR", "ACCESSIBIL": "Accessibile", "ARIA_COND": "SI", "TELEFONO": "0645460701", "EMAIL": "quarticciolo@bibliotechediroma.it", "EMAIL2": "t.perna@bibliotechediroma.it", "SITO_WEB": "https://www.bibliotechediroma.it/opac/library/Teatro%20Biblioteca%20Quarticciolo/RMBG2", "GOOGLEMAPS": "https://www.google.com/maps/place/?q=place_id:ChIJ70UOvfhiLxMRprV7KQwoEcI", "LAT": 41.891324, "LON": 12.5760357, "FIELD_16": null, "FIELD_17": null, "FIELD_18": null, "FIELD_19": null, "FIELD_20": null, "FIELD_21": 0 }, "geometry": { "type": "Point", "coordinates": [ 12.5760357, 41.891324 ] } },
{ "type": "Feature", "properties": { "fid": 50, "TIPO": "Musei Gratuiti Residenti", "NOME": "Galleria d'Arte Moderna", "INDIRIZZO": "VIA FRANCESCO CRISPI, 24 Roma", "MUNICIPIO": "I", "ORARI": "Mar-Dom 10:00-18:30, 24-31 dic 10:00-14:00", "CHIUSURA_E": "Aperti tutta l'estate", "ACCESSIBIL": "Accessibile", "ARIA_COND": "SI", "TELEFONO": "060608", "EMAIL": "info@galleriaartemodernaroma.it", "EMAIL2": "n.d.", "SITO_WEB": "https://www.galleriaartemodernaroma.it/", "GOOGLEMAPS": "https://www.google.com/maps/place/?q=place_id:ChIJs1xibKthLxMRQgvtYGIBT1g", "LAT": 41.90366, "LON": 12.4857, "FIELD_16": null, "FIELD_17": null, "FIELD_18": null, "FIELD_19": null, "FIELD_20": null, "FIELD_21": 0 }, "geometry": { "type": "Point", "coordinates": [ 12.4857, 41.90366 ] } },
{ "type": "Feature", "properties": { "fid": 51, "TIPO": "Musei Gratuiti Residenti", "NOME": "Musei Capitolini", "INDIRIZZO": "PIAZZA DEL CAMPIDOGLIO, 1 Roma", "MUNICIPIO": "I", "ORARI": "Tutti i giorni 9:30-19:30, 24-31 dic 9:30-14:00, 1 gen 11:00-20:00", "CHIUSURA_E": "Aperti tutta l'estate", "ACCESSIBIL": "Accessibile", "ARIA_COND": "SI", "TELEFONO": "060608", "EMAIL": "info.museicapitolini@comune.roma.it", "EMAIL2": "n.d.", "SITO_WEB": "https://www.museicapitolini.org/", "GOOGLEMAPS": "https://www.google.com/maps/place/?q=place_id:ChIJ8-wGeU9gLxMR--zJtnpGod4", "LAT": 41.89354, "LON": 12.48287, "FIELD_16": null, "FIELD_17": null, "FIELD_18": null, "FIELD_19": null, "FIELD_20": null, "FIELD_21": 0 }, "geometry": { "type": "Point", "coordinates": [ 12.48287, 41.89354 ] } },
{ "type": "Feature", "properties": { "fid": 52, "TIPO": "Musei Gratuiti Residenti", "NOME": "Museo dell'Ara Pacis", "INDIRIZZO": "LUNGOTEVERE IN AUGUSTA, 52 Roma", "MUNICIPIO": "I", "ORARI": "Mar-Dom 10:00-18:00, 24-31 dic 9:00-14:00, 1 gen 11:00-16:00", "CHIUSURA_E": "Aperti tutta l'estate", "ACCESSIBIL": "Accessibile", "ARIA_COND": "SI", "TELEFONO": "060608", "EMAIL": "info.arapacis@comune.roma.it", "EMAIL2": "n.d.", "SITO_WEB": "https://www.arapacis.it/", "GOOGLEMAPS": "https://www.google.com/maps/place/?q=place_id:ChIJgciXqkRgLxMRT8Pu1MtrIxE", "LAT": 41.90928, "LON": 12.47355, "FIELD_16": null, "FIELD_17": null, "FIELD_18": null, "FIELD_19": null, "FIELD_20": null, "FIELD_21": 0 }, "geometry": { "type": "Point", "coordinates": [ 12.47355, 41.90928 ] } },
{ "type": "Feature", "properties": { "fid": 53, "TIPO": "Musei Gratuiti Residenti", "NOME": "Planetario e Museo Astronomico", "INDIRIZZO": "PIAZZA GIOVANNI AGNELLI, 10 Roma", "MUNICIPIO": "IX", "ORARI": "Mar-Dom 9:00-19:00, 24-31 dic 9:00-14:00", "CHIUSURA_E": "Aperti tutta l'estate", "ACCESSIBIL": "Percorso accessibile da Piazza Giovanni Agnelli 10", "ARIA_COND": "SI", "TELEFONO": "060608", "EMAIL": "info@planetarioroma.it", "EMAIL2": "n.d.", "SITO_WEB": "https://www.planetarioroma.it/", "GOOGLEMAPS": "https://www.google.com/maps/place/?q=place_id:ChIJ37KaafGLJRMRsgY0OT_Uf0c", "LAT": 41.83142, "LON": 12.47789, "FIELD_16": null, "FIELD_17": null, "FIELD_18": null, "FIELD_19": null, "FIELD_20": null, "FIELD_21": 0 }, "geometry": { "type": "Point", "coordinates": [ 12.47789, 41.83142 ] } },
{ "type": "Feature", "properties": { "fid": 54, "TIPO": "Musei Gratuiti Residenti", "NOME": "Museo Civico di Zoologia", "INDIRIZZO": "VIA ULISSE ALDROVANDI, 18 Roma", "MUNICIPIO": "II", "ORARI": "Mar-Dom 9:00-19:00, 24-31 dic 9:00-14:00", "CHIUSURA_E": "Aperti tutta l'estate", "ACCESSIBIL": "Accessibile", "ARIA_COND": "SI (impianto soggetto a manutenzione stagionale; verificare disponibilità sul sito prima della visita)", "TELEFONO": "060608", "EMAIL": "info@museodizoologia.it", "EMAIL2": "n.d.", "SITO_WEB": "https://www.museodizoologia.it/", "GOOGLEMAPS": "https://www.google.com/maps/place/?q=place_id:ChIJ3dLNixxhLxMRf32Jbrs9KBk", "LAT": 41.91931, "LON": 12.48873, "FIELD_16": null, "FIELD_17": null, "FIELD_18": null, "FIELD_19": null, "FIELD_20": null, "FIELD_21": 0 }, "geometry": { "type": "Point", "coordinates": [ 12.48873, 41.91931 ] } },
{ "type": "Feature", "properties": { "fid": 55, "TIPO": "Centri Anziani (CSAQ)", "NOME": "Ostia Lido", "INDIRIZZO": "Lungomare Paolo Toscanelli, 180", "MUNICIPIO": "Municipio X", "ORARI": "n.d.", "CHIUSURA_E": "n.d.", "ACCESSIBIL": "n.d.", "ARIA_COND": "SI", "TELEFONO": "n.d.", "EMAIL": "n.d.", "EMAIL2": "n.d.", "SITO_WEB": "n.d.", "GOOGLEMAPS": "https://www.google.com/maps/search/Centro%20Anziani%20Ostia%20Lido%20Lungomare%20Paolo%20Toscanelli%2C%20180%20Roma", "LAT": 41.7315341, "LON": 12.2724969, "FIELD_16": "Funzionante", "FIELD_17": "n.d.", "FIELD_18": "n.d.", "FIELD_19": "n.d.", "FIELD_20": "n.d.", "FIELD_21": 0 }, "geometry": { "type": "Point", "coordinates": [ 12.2771092, 41.7292944 ] } },
{ "type": "Feature", "properties": { "fid": 56, "TIPO": "Centri Anziani (CSAQ)", "NOME": "Mario Sarlo - Infernetto", "INDIRIZZO": "Via Francesco Balilla Pratella,", "MUNICIPIO": "Municipio X", "ORARI": "n.d.", "CHIUSURA_E": "n.d.", "ACCESSIBIL": "n.d.", "ARIA_COND": "SI", "TELEFONO": "n.d.", "EMAIL": "n.d.", "EMAIL2": "n.d.", "SITO_WEB": "n.d.", "GOOGLEMAPS": "https://www.google.com/maps/search/Centro%20Anziani%20Mario%20Sarlo%20-%20Infernetto%20Via%20Francesco%20Balilla%20Pratella%2C%20Roma", "LAT": 41.7479436, "LON": 12.3636849, "FIELD_16": "Funzionante", "FIELD_17": "n.d.", "FIELD_18": "n.d.", "FIELD_19": "n.d.", "FIELD_20": "n.d.", "FIELD_21": 0 }, "geometry": { "type": "Point", "coordinates": [ 12.3639148, 41.7481288 ] } },
{ "type": "Feature", "properties": { "fid": 57, "TIPO": "Centri Anziani (CSAQ)", "NOME": "Ostia Antica", "INDIRIZZO": "Piazza Gregoriopoli, 2", "MUNICIPIO": "Municipio X", "ORARI": "n.d.", "CHIUSURA_E": "n.d.", "ACCESSIBIL": "n.d.", "ARIA_COND": "SI", "TELEFONO": "n.d.", "EMAIL": "n.d.", "EMAIL2": "n.d.", "SITO_WEB": "n.d.", "GOOGLEMAPS": "https://www.google.com/maps/search/Centro%20Anziani%20Ostia%20Antica%20Piazza%20Gregoriopoli%2C%202%20Roma", "LAT": 41.7603081, "LON": 12.3028716, "FIELD_16": "Funzionante", "FIELD_17": "n.d.", "FIELD_18": "n.d.", "FIELD_19": "n.d.", "FIELD_20": "n.d.", "FIELD_21": 0 }, "geometry": { "type": "Point", "coordinates": [ 12.302839, 41.7603491 ] } },
{ "type": "Feature", "properties": { "fid": 58, "TIPO": "Centri Anziani (CSAQ)", "NOME": "Falcognana", "INDIRIZZO": "Via Zaccaria Betti, 57", "MUNICIPIO": "Municipio IX", "ORARI": "n.d.", "CHIUSURA_E": "n.d.", "ACCESSIBIL": "n.d.", "ARIA_COND": "SI", "TELEFONO": "n.d.", "EMAIL": "n.d.", "EMAIL2": "n.d.", "SITO_WEB": "n.d.", "GOOGLEMAPS": "https://www.google.com/maps/search/Centro%20Anziani%20Falcognana%20Via%20Zaccaria%20Betti%2C%2057%20Roma", "LAT": 41.7637211, "LON": 12.5550197, "FIELD_16": "n.d.", "FIELD_17": "n.d.", "FIELD_18": "n.d.", "FIELD_19": "n.d.", "FIELD_20": "648,04", "FIELD_21": 0 }, "geometry": { "type": "Point", "coordinates": [ 12.556632, 41.7638457 ] } },
{ "type": "Feature", "properties": { "fid": 59, "TIPO": "Centri Anziani (CSAQ)", "NOME": "Trigoria Benedetto Rossi", "INDIRIZZO": "Via Gustavo D’Arpe, 48", "MUNICIPIO": "Municipio IX", "ORARI": "n.d.", "CHIUSURA_E": "n.d.", "ACCESSIBIL": "n.d.", "ARIA_COND": "SI", "TELEFONO": "n.d.", "EMAIL": "n.d.", "EMAIL2": "n.d.", "SITO_WEB": "n.d.", "GOOGLEMAPS": "https://www.google.com/maps/search/Centro%20Anziani%20Trigoria%20Benedetto%20Rossi%20Via%20Gustavo%20D%E2%80%99Arpe%2C%2048%20Roma", "LAT": 41.7649103, "LON": 12.4768014, "FIELD_16": "n.d.", "FIELD_17": "n.d.", "FIELD_18": "n.d.", "FIELD_19": "n.d.", "FIELD_20": "n.d.", "FIELD_21": 0 }, "geometry": { "type": "Point", "coordinates": [ 12.4750491, 41.7654106 ] } },
{ "type": "Feature", "properties": { "fid": 60, "TIPO": "Centri Anziani (CSAQ)", "NOME": "Tor de Cenci Aldo Serafinelli", "INDIRIZZO": "Via Vittorio Veltroni, 104", "MUNICIPIO": "Municipio IX", "ORARI": "n.d.", "CHIUSURA_E": "n.d.", "ACCESSIBIL": "n.d.", "ARIA_COND": "SI", "TELEFONO": "n.d.", "EMAIL": "n.d.", "EMAIL2": "n.d.", "SITO_WEB": "n.d.", "GOOGLEMAPS": "https://www.google.com/maps/search/Centro%20Anziani%20Tor%20de%20Cenci%20Aldo%20Serafinelli%20Via%20Vittorio%20Veltroni%2C%20104%20Roma", "LAT": 41.7749707, "LON": 12.4392099, "FIELD_16": "n.d.", "FIELD_17": "n.d.", "FIELD_18": "n.d.", "FIELD_19": "n.d.", "FIELD_20": "215", "FIELD_21": 0 }, "geometry": { "type": "Point", "coordinates": [ 12.439976, 41.7745059 ] } },
{ "type": "Feature", "properties": { "fid": 61, "TIPO": "Centri Anziani (CSAQ)", "NOME": "San Giorgio Acilia", "INDIRIZZO": "Via Gino Bonichi, 3, Acilia, Roma", "MUNICIPIO": "Municipio X", "ORARI": "n.d.", "CHIUSURA_E": "n.d.", "ACCESSIBIL": "n.d.", "ARIA_COND": "SI", "TELEFONO": "n.d.", "EMAIL": "n.d.", "EMAIL2": "n.d.", "SITO_WEB": "n.d.", "GOOGLEMAPS": "https://www.google.com/maps/search/Centro%20Anziani%20San%20Giorgio%20Acilia%20Via%20G.%20Bonichi%2C%20Roma", "LAT": 41.7794892, "LON": 12.3572531, "FIELD_16": "Funzionante", "FIELD_17": "n.d.", "FIELD_18": "n.d.", "FIELD_19": "n.d.", "FIELD_20": "n.d.", "FIELD_21": 0 }, "geometry": { "type": "Point", "coordinates": [ 12.3585613, 41.7769708 ] } },
{ "type": "Feature", "properties": { "fid": 62, "TIPO": "Centri Anziani (CSAQ)", "NOME": "Dragona", "INDIRIZZO": "Via Carlo Casini,", "MUNICIPIO": "Municipio X", "ORARI": "n.d.", "CHIUSURA_E": "n.d.", "ACCESSIBIL": "n.d.", "ARIA_COND": "SI", "TELEFONO": "n.d.", "EMAIL": "n.d.", "EMAIL2": "n.d.", "SITO_WEB": "n.d.", "GOOGLEMAPS": "https://www.google.com/maps/search/Centro%20Anziani%20Dragona%20Via%20Carlo%20Casini%2C%20Roma", "LAT": 41.7823223, "LON": 12.3374219, "FIELD_16": "Funzionante", "FIELD_17": "n.d.", "FIELD_18": "n.d.", "FIELD_19": "n.d.", "FIELD_20": "n.d.", "FIELD_21": 0 }, "geometry": { "type": "Point", "coordinates": [ 12.337926, 41.7813773 ] } },
{ "type": "Feature", "properties": { "fid": 63, "TIPO": "Centri Anziani (CSAQ)", "NOME": "Acilia", "INDIRIZZO": "Piazza dei Sicani,", "MUNICIPIO": "Municipio X", "ORARI": "n.d.", "CHIUSURA_E": "n.d.", "ACCESSIBIL": "n.d.", "ARIA_COND": "SI", "TELEFONO": "n.d.", "EMAIL": "n.d.", "EMAIL2": "n.d.", "SITO_WEB": "n.d.", "GOOGLEMAPS": "https://www.google.com/maps/search/Centro%20Anziani%20Acilia%20Piazza%20dei%20Sicani%2C%20Roma", "LAT": 41.78453, "LON": 12.3642673, "FIELD_16": "Funzionante", "FIELD_17": "n.d.", "FIELD_18": "n.d.", "FIELD_19": "n.d.", "FIELD_20": "n.d.", "FIELD_21": 0 }, "geometry": { "type": "Point", "coordinates": [ 12.3645392, 41.7845815 ] } },
{ "type": "Feature", "properties": { "fid": 64, "TIPO": "Centri Anziani (CSAQ)", "NOME": "Dragoncello", "INDIRIZZO": "Via Vincenzo Petra, 5", "MUNICIPIO": "Municipio X", "ORARI": "n.d.", "CHIUSURA_E": "n.d.", "ACCESSIBIL": "n.d.", "ARIA_COND": "SI", "TELEFONO": "n.d.", "EMAIL": "n.d.", "EMAIL2": "n.d.", "SITO_WEB": "n.d.", "GOOGLEMAPS": "https://www.google.com/maps/search/Centro%20Anziani%20Dragoncello%20Via%20Vincenzo%20Petra%2C%205%20Roma", "LAT": 41.7882472, "LON": 12.343788, "FIELD_16": "Funzionante", "FIELD_17": "n.d.", "FIELD_18": "n.d.", "FIELD_19": "n.d.", "FIELD_20": "n.d.", "FIELD_21": 0 }, "geometry": { "type": "Point", "coordinates": [ 12.3419995, 41.7869518 ] } },
{ "type": "Feature", "properties": { "fid": 65, "TIPO": "Centri Anziani (CSAQ)", "NOME": "Spinaceto", "INDIRIZZO": "Via Carlo Avolio, 60", "MUNICIPIO": "Municipio IX", "ORARI": "n.d.", "CHIUSURA_E": "n.d.", "ACCESSIBIL": "n.d.", "ARIA_COND": "SI", "TELEFONO": "n.d.", "EMAIL": "n.d.", "EMAIL2": "n.d.", "SITO_WEB": "n.d.", "GOOGLEMAPS": "https://www.google.com/maps/search/Centro%20Anziani%20Spinaceto%20Via%20Carlo%20Avolio%2C%2060%20Roma", "LAT": 41.789232, "LON": 12.4440587, "FIELD_16": "n.d.", "FIELD_17": "n.d.", "FIELD_18": "n.d.", "FIELD_19": "n.d.", "FIELD_20": "258", "FIELD_21": 0 }, "geometry": { "type": "Point", "coordinates": [ 12.4436461, 41.7890356 ] } },
{ "type": "Feature", "properties": { "fid": 66, "TIPO": "Centri Anziani (CSAQ)", "NOME": "Morena", "INDIRIZZO": "Via Stazione di Ciampino, 31", "MUNICIPIO": "Municipio VII", "ORARI": "n.d.", "CHIUSURA_E": "n.d.", "ACCESSIBIL": "n.d.", "ARIA_COND": "SI", "TELEFONO": "n.d.", "EMAIL": "n.d.", "EMAIL2": "n.d.", "SITO_WEB": "n.d.", "GOOGLEMAPS": "https://www.google.com/maps/search/Centro%20Anziani%20Morena%20Via%20Stazione%20di%20Ciampino%2C%2031%20Roma", "LAT": 41.8131092, "LON": 12.6178622, "FIELD_16": "Funzionante", "FIELD_17": "8 unità (Samsung, Midea, Vaillant, Simat)", "FIELD_18": "n.d.", "FIELD_19": "n.d.", "FIELD_20": "n.d.", "FIELD_21": 0 }, "geometry": { "type": "Point", "coordinates": [ 12.6122129, 41.8097158 ] } },
{ "type": "Feature", "properties": { "fid": 67, "TIPO": "Centri Anziani (CSAQ)", "NOME": "Centroni", "INDIRIZZO": "Via del Fosso di Sant’Andrea, 81", "MUNICIPIO": "Municipio VII", "ORARI": "n.d.", "CHIUSURA_E": "n.d.", "ACCESSIBIL": "n.d.", "ARIA_COND": "SI", "TELEFONO": "n.d.", "EMAIL": "n.d.", "EMAIL2": "n.d.", "SITO_WEB": "n.d.", "GOOGLEMAPS": "https://www.google.com/maps/search/Centro%20Anziani%20Centroni%20Via%20del%20Fosso%20di%20Sant%E2%80%99Andrea%2C%2081%20Roma", "LAT": 41.8119152, "LON": 12.6305465, "FIELD_16": "Funzionante", "FIELD_17": "n.d.", "FIELD_18": "Assente (N.P.)", "FIELD_19": "n.d.", "FIELD_20": "n.d.", "FIELD_21": 0 }, "geometry": { "type": "Point", "coordinates": [ 12.6337587, 41.8100557 ] } },
{ "type": "Feature", "properties": { "fid": 68, "TIPO": "Centri Anziani (CSAQ)", "NOME": "Fonte Ostiense", "INDIRIZZO": "Via Enrico Pea, 5", "MUNICIPIO": "Municipio IX", "ORARI": "n.d.", "CHIUSURA_E": "n.d.", "ACCESSIBIL": "n.d.", "ARIA_COND": "SI", "TELEFONO": "n.d.", "EMAIL": "n.d.", "EMAIL2": "n.d.", "SITO_WEB": "n.d.", "GOOGLEMAPS": "https://www.google.com/maps/search/Centro%20Anziani%20Fonte%20Ostiense%20Via%20Enrico%20Pea%2C%205%20Roma", "LAT": 41.8137166, "LON": 12.4776854, "FIELD_16": "n.d.", "FIELD_17": "n.d.", "FIELD_18": "n.d.", "FIELD_19": "n.d.", "FIELD_20": "n.d.", "FIELD_21": 0 }, "geometry": { "type": "Point", "coordinates": [ 12.4779446, 41.8131811 ] } },
{ "type": "Feature", "properties": { "fid": 69, "TIPO": "Centri Anziani (CSAQ)", "NOME": "Cecchignola", "INDIRIZZO": "Via Abigaille Zanetta, 69", "MUNICIPIO": "Municipio IX", "ORARI": "n.d.", "CHIUSURA_E": "n.d.", "ACCESSIBIL": "n.d.", "ARIA_COND": "SI", "TELEFONO": "n.d.", "EMAIL": "n.d.", "EMAIL2": "n.d.", "SITO_WEB": "n.d.", "GOOGLEMAPS": "https://www.google.com/maps/search/Centro%20Anziani%20Cecchignola%20Via%20Abigaille%20Zanetta%2C%2069%20Roma", "LAT": 41.8146386, "LON": 12.5071913, "FIELD_16": "n.d.", "FIELD_17": "n.d.", "FIELD_18": "n.d.", "FIELD_19": "n.d.", "FIELD_20": "127,10", "FIELD_21": 0 }, "geometry": { "type": "Point", "coordinates": [ 12.5056393, 41.8148022 ] } },
{ "type": "Feature", "properties": { "fid": 70, "TIPO": "Centri Anziani (CSAQ)", "NOME": "Decima Torrino", "INDIRIZZO": "Via Roberto Lordi, 7", "MUNICIPIO": "Municipio IX", "ORARI": "n.d.", "CHIUSURA_E": "n.d.", "ACCESSIBIL": "n.d.", "ARIA_COND": "SI", "TELEFONO": "n.d.", "EMAIL": "n.d.", "EMAIL2": "n.d.", "SITO_WEB": "n.d.", "GOOGLEMAPS": "https://www.google.com/maps/search/Centro%20Anziani%20Decima%20Torrino%20Via%20Roberto%20Lordi%2C%207%20Roma", "LAT": 41.8209672, "LON": 12.4427459, "FIELD_16": "n.d.", "FIELD_17": "n.d.", "FIELD_18": "n.d.", "FIELD_19": "n.d.", "FIELD_20": "649,86", "FIELD_21": 0 }, "geometry": { "type": "Point", "coordinates": [ 12.442261, 41.8205677 ] } },
{ "type": "Feature", "properties": { "fid": 71, "TIPO": "Centri Anziani (CSAQ)", "NOME": "Laurentino Marcella ed Oscar Sinigaglia", "INDIRIZZO": "Via Laurentina, 631", "MUNICIPIO": "Municipio IX", "ORARI": "n.d.", "CHIUSURA_E": "n.d.", "ACCESSIBIL": "n.d.", "ARIA_COND": "SI", "TELEFONO": "n.d.", "EMAIL": "n.d.", "EMAIL2": "n.d.", "SITO_WEB": "n.d.", "GOOGLEMAPS": "https://www.google.com/maps/search/Centro%20Anziani%20Laurentino%20Marcella%20ed%20Oscar%20Sinigaglia%20Via%20Laurentina%2C%20631%20Roma", "LAT": 41.8216854, "LON": 12.4809071, "FIELD_16": "n.d.", "FIELD_17": "n.d.", "FIELD_18": "n.d.", "FIELD_19": "n.d.", "FIELD_20": "370,81", "FIELD_21": 0 }, "geometry": { "type": "Point", "coordinates": [ 12.4809788, 41.8216701 ] } },
{ "type": "Feature", "properties": { "fid": 72, "TIPO": "Centri Anziani (CSAQ)", "NOME": "Colle di Mezzo", "INDIRIZZO": "Via Alfonso Di Legge, 39", "MUNICIPIO": "Municipio IX", "ORARI": "n.d.", "CHIUSURA_E": "n.d.", "ACCESSIBIL": "n.d.", "ARIA_COND": "SI", "TELEFONO": "n.d.", "EMAIL": "n.d.", "EMAIL2": "n.d.", "SITO_WEB": "n.d.", "GOOGLEMAPS": "https://www.google.com/maps/search/Centro%20Anziani%20Colle%20di%20Mezzo%20Via%20Alfonso%20Di%20Legge%2C%2039%20Roma", "LAT": 41.8238815, "LON": 12.4916133, "FIELD_16": "n.d.", "FIELD_17": "n.d.", "FIELD_18": "n.d.", "FIELD_19": "n.d.", "FIELD_20": "483", "FIELD_21": 0 }, "geometry": { "type": "Point", "coordinates": [ 12.4908239, 41.8236453 ] } },
{ "type": "Feature", "properties": { "fid": 73, "TIPO": "Centri Anziani (CSAQ)", "NOME": "Piana del Sole", "INDIRIZZO": "Viale di Pescina Gagliarda, Roma", "MUNICIPIO": "Municipio XI", "ORARI": "n.d.", "CHIUSURA_E": "n.d.", "ACCESSIBIL": "n.d.", "ARIA_COND": "SI", "TELEFONO": "n.d.", "EMAIL": "n.d.", "EMAIL2": "n.d.", "SITO_WEB": "n.d.", "GOOGLEMAPS": "https://www.google.com/maps/search/Centro%20Anziani%20Piana%20del%20Sole%20Viale%20di%20Pescina%20Gagliarda%20%2Csnc%20Roma", "LAT": 41.8249931, "LON": 12.3042101, "FIELD_16": "Funzionante", "FIELD_17": "4 split 9.000 BTU", "FIELD_18": "Non presente", "FIELD_19": "n.d.", "FIELD_20": "227,31", "FIELD_21": 0 }, "geometry": { "type": "Point", "coordinates": [ 12.3065035, 41.8260446 ] } },
{ "type": "Feature", "properties": { "fid": 74, "TIPO": "Centri Anziani (CSAQ)", "NOME": "Granai di Nerva", "INDIRIZZO": "Via Tazio Nuvolari, 250", "MUNICIPIO": "Municipio VIII", "ORARI": "n.d.", "CHIUSURA_E": "n.d.", "ACCESSIBIL": "n.d.", "ARIA_COND": "SI", "TELEFONO": "n.d.", "EMAIL": "n.d.", "EMAIL2": "n.d.", "SITO_WEB": "n.d.", "GOOGLEMAPS": "https://www.google.com/maps/search/Centro%20Anziani%20Granai%20di%20Nerva%20Via%20Tazio%20Nuvolari%2C%20250%20Roma", "LAT": 41.8358317, "LON": 12.5038863, "FIELD_16": "Parzialmente Funzionante", "FIELD_17": "n.d.", "FIELD_18": "n.d.", "FIELD_19": "n.d.", "FIELD_20": "163,64", "FIELD_21": 0 }, "geometry": { "type": "Point", "coordinates": [ 12.5039534, 41.8355426 ] } },
{ "type": "Feature", "properties": { "fid": 75, "TIPO": "Centri Anziani (CSAQ)", "NOME": "Quarto Miglio", "INDIRIZZO": "Via di Quarto Miglio, 39", "MUNICIPIO": "Municipio VII", "ORARI": "n.d.", "CHIUSURA_E": "n.d.", "ACCESSIBIL": "n.d.", "ARIA_COND": "SI", "TELEFONO": "n.d.", "EMAIL": "n.d.", "EMAIL2": "n.d.", "SITO_WEB": "n.d.", "GOOGLEMAPS": "https://www.google.com/maps/search/Centro%20Anziani%20Quarto%20Miglio%20Via%20di%20Quarto%20Miglio%2C%2039%20Roma", "LAT": 41.8448293, "LON": 12.5472485, "FIELD_16": "Funzionante", "FIELD_17": "n.d.", "FIELD_18": "n.d.", "FIELD_19": "n.d.", "FIELD_20": "n.d.", "FIELD_21": 0 }, "geometry": { "type": "Point", "coordinates": [ 12.5514203, 41.8392425 ] } },
{ "type": "Feature", "properties": { "fid": 76, "TIPO": "Centri Anziani (CSAQ)", "NOME": "IV Miglio", "INDIRIZZO": "Via di Quarto Miglio, 39", "MUNICIPIO": "Municipio VII", "ORARI": "n.d.", "CHIUSURA_E": "n.d.", "ACCESSIBIL": "n.d.", "ARIA_COND": "SI", "TELEFONO": "n.d.", "EMAIL": "n.d.", "EMAIL2": "n.d.", "SITO_WEB": "n.d.", "GOOGLEMAPS": "https://www.google.com/maps/search/Centro%20Anziani%20IV%20Miglio%20Via%20di%20Quarto%20Miglio%2C%2039%20Roma", "LAT": 41.8448293, "LON": 12.5472485, "FIELD_16": "n.d.", "FIELD_17": "n.d.", "FIELD_18": "n.d.", "FIELD_19": "n.d.", "FIELD_20": "144,47", "FIELD_21": 0 }, "geometry": { "type": "Point", "coordinates": [ 12.5514203, 41.8392425 ] } },
{ "type": "Feature", "properties": { "fid": 77, "TIPO": "Centri Anziani (CSAQ)", "NOME": "Mario Roma", "INDIRIZZO": "Via Piero Calamandrei, 95", "MUNICIPIO": "Municipio XI", "ORARI": "n.d.", "CHIUSURA_E": "n.d.", "ACCESSIBIL": "n.d.", "ARIA_COND": "SI", "TELEFONO": "n.d.", "EMAIL": "n.d.", "EMAIL2": "n.d.", "SITO_WEB": "n.d.", "GOOGLEMAPS": "https://www.google.com/maps/search/Centro%20Anziani%20Mario%20Roma%20Via%20Piero%20Calamandrei%2C%2095%20Roma", "LAT": 41.844469, "LON": 12.4392751, "FIELD_16": "Funzionante", "FIELD_17": "n.d.", "FIELD_18": "Termosifoni (Dip. Infrastrutture)", "FIELD_19": "n.d.", "FIELD_20": "n.d.", "FIELD_21": 0 }, "geometry": { "type": "Point", "coordinates": [ 12.440671, 41.8424072 ] } },
{ "type": "Feature", "properties": { "fid": 78, "TIPO": "Centri Anziani (CSAQ)", "NOME": "Serafino Mancini", "INDIRIZZO": "Via Greve, 61", "MUNICIPIO": "Municipio XI", "ORARI": "n.d.", "CHIUSURA_E": "n.d.", "ACCESSIBIL": "n.d.", "ARIA_COND": "SI", "TELEFONO": "n.d.", "EMAIL": "n.d.", "EMAIL2": "n.d.", "SITO_WEB": "n.d.", "GOOGLEMAPS": "https://www.google.com/maps/search/Centro%20Anziani%20Serafino%20Mancini%20Via%20Greve%2C%2061%20Roma", "LAT": 41.8427741, "LON": 12.4584806, "FIELD_16": "Parzialmente Funzionante", "FIELD_17": "n.d.", "FIELD_18": "Termosifoni (Municipio XI)", "FIELD_19": "n.d.", "FIELD_20": "125,93", "FIELD_21": 0 }, "geometry": { "type": "Point", "coordinates": [ 12.4582211, 41.8425432 ] } },
{ "type": "Feature", "properties": { "fid": 79, "TIPO": "Centri Anziani (CSAQ)", "NOME": "Bocciofila", "INDIRIZZO": "Via Greve 35", "MUNICIPIO": "Municipio XI", "ORARI": "n.d.", "CHIUSURA_E": "n.d.", "ACCESSIBIL": "n.d.", "ARIA_COND": "SI", "TELEFONO": "n.d.", "EMAIL": "n.d.", "EMAIL2": "n.d.", "SITO_WEB": "n.d.", "GOOGLEMAPS": "https://www.google.com/maps/search/Centro%20Anziani%20Bocciofila%20Via%20Greve%2035%20Roma", "LAT": 41.8440004, "LON": 12.4599349, "FIELD_16": "Parzialmente Funzionante", "FIELD_17": "n.d.", "FIELD_18": "n.d.", "FIELD_19": "n.d.", "FIELD_20": "n.d.", "FIELD_21": 0 }, "geometry": { "type": "Point", "coordinates": [ 12.4576634, 41.8426362 ] } },
{ "type": "Feature", "properties": { "fid": 80, "TIPO": "Centri Anziani (CSAQ)", "NOME": "Parco Schuster Elena Inguaggiato e Rosario Mocciaro", "INDIRIZZO": "Via Ostiense, 182", "MUNICIPIO": "Municipio VIII", "ORARI": "n.d.", "CHIUSURA_E": "n.d.", "ACCESSIBIL": "n.d.", "ARIA_COND": "SI", "TELEFONO": "n.d.", "EMAIL": "n.d.", "EMAIL2": "n.d.", "SITO_WEB": "n.d.", "GOOGLEMAPS": "https://www.google.com/maps/search/Centro%20Anziani%20Parco%20Schuster%20Elena%20Inguaggiato%20e%20Rosario%20Mocciaro%20Via%20Ostiense%2C%20182%20Roma", "LAT": 41.8609118, "LON": 12.4770306, "FIELD_16": "Funzionante", "FIELD_17": "n.d.", "FIELD_18": "n.d.", "FIELD_19": "n.d.", "FIELD_20": "n.d.", "FIELD_21": 0 }, "geometry": { "type": "Point", "coordinates": [ 12.4712195, 41.8454576 ] } },
{ "type": "Feature", "properties": { "fid": 81, "TIPO": "Centri Anziani (CSAQ)", "NOME": "Casale Ceribelli", "INDIRIZZO": "Viale Pico della Mirandola, 48", "MUNICIPIO": "Municipio VIII", "ORARI": "n.d.", "CHIUSURA_E": "n.d.", "ACCESSIBIL": "n.d.", "ARIA_COND": "SI", "TELEFONO": "n.d.", "EMAIL": "n.d.", "EMAIL2": "n.d.", "SITO_WEB": "n.d.", "GOOGLEMAPS": "https://www.google.com/maps/search/Centro%20Anziani%20Casale%20Ceribelli%20Viale%20Pico%20della%20Mirandola%2C%2048%20Roma", "LAT": 41.8460311, "LON": 12.4853267, "FIELD_16": "Parzialmente Funzionante", "FIELD_17": "n.d.", "FIELD_18": "n.d.", "FIELD_19": "n.d.", "FIELD_20": "252,80", "FIELD_21": 0 }, "geometry": { "type": "Point", "coordinates": [ 12.4859237, 41.8462431 ] } },
{ "type": "Feature", "properties": { "fid": 82, "TIPO": "Centri Anziani (CSAQ)", "NOME": "Nuovo Corviale", "INDIRIZZO": "Largo Emilio Quadrelli, 5", "MUNICIPIO": "Municipio XI", "ORARI": "n.d.", "CHIUSURA_E": "n.d.", "ACCESSIBIL": "n.d.", "ARIA_COND": "SI", "TELEFONO": "n.d.", "EMAIL": "n.d.", "EMAIL2": "n.d.", "SITO_WEB": "n.d.", "GOOGLEMAPS": "https://www.google.com/maps/search/Centro%20Anziani%20Nuovo%20Corviale%20Largo%20Emilio%20Quadrelli%2C%205%20Roma", "LAT": 41.8494205, "LON": 12.4111923, "FIELD_16": "Funzionante", "FIELD_17": "n.d.", "FIELD_18": "Termosifoni (Dip. Infrastrutture)", "FIELD_19": "n.d.", "FIELD_20": "195", "FIELD_21": 0 }, "geometry": { "type": "Point", "coordinates": [ 12.4113547, 41.8484766 ] } },
{ "type": "Feature", "properties": { "fid": 83, "TIPO": "Centri Anziani (CSAQ)", "NOME": "Parrocchietta", "INDIRIZZO": "Via Seravezza, 2", "MUNICIPIO": "Municipio XI", "ORARI": "n.d.", "CHIUSURA_E": "n.d.", "ACCESSIBIL": "n.d.", "ARIA_COND": "SI", "TELEFONO": "n.d.", "EMAIL": "n.d.", "EMAIL2": "n.d.", "SITO_WEB": "n.d.", "GOOGLEMAPS": "https://www.google.com/maps/search/Centro%20Anziani%20Parrocchietta%20Via%20Seravezza%2C%202%20Roma", "LAT": 41.8507267, "LON": 12.4380805, "FIELD_16": "Funzionante", "FIELD_17": "n.d.", "FIELD_18": "Pompa di calore (installata 2025, fondi Giubileo)", "FIELD_19": "n.d.", "FIELD_20": "136", "FIELD_21": 0 }, "geometry": { "type": "Point", "coordinates": [ 12.4380629, 41.8505609 ] } },
{ "type": "Feature", "properties": { "fid": 84, "TIPO": "Centri Anziani (CSAQ)", "NOME": "Cinecittà Est", "INDIRIZZO": "Largo Zappalà, 2", "MUNICIPIO": "Municipio VII", "ORARI": "n.d.", "CHIUSURA_E": "n.d.", "ACCESSIBIL": "n.d.", "ARIA_COND": "SI", "TELEFONO": "n.d.", "EMAIL": "n.d.", "EMAIL2": "n.d.", "SITO_WEB": "n.d.", "GOOGLEMAPS": "https://www.google.com/maps/search/Centro%20Anziani%20Cinecitt%C3%A0%20Est%20Largo%20Zappal%C3%A0%2C%202%20Roma", "LAT": 41.8517998, "LON": 12.59441, "FIELD_16": "Funzionante", "FIELD_17": "3 unità Hitachi", "FIELD_18": "n.d.", "FIELD_19": "n.d.", "FIELD_20": "n.d.", "FIELD_21": 0 }, "geometry": { "type": "Point", "coordinates": [ 12.5944083, 41.8517865 ] } },
{ "type": "Feature", "properties": { "fid": 85, "TIPO": "Centri Anziani (CSAQ)", "NOME": "Cinecittà", "INDIRIZZO": "Piazza di Cinecittà, 11", "MUNICIPIO": "Municipio VII", "ORARI": "n.d.", "CHIUSURA_E": "n.d.", "ACCESSIBIL": "n.d.", "ARIA_COND": "SI", "TELEFONO": "n.d.", "EMAIL": "n.d.", "EMAIL2": "n.d.", "SITO_WEB": "n.d.", "GOOGLEMAPS": "https://www.google.com/maps/search/Centro%20Anziani%20Cinecitt%C3%A0%20Piazza%20di%20Cinecitt%C3%A0%2C%2011%20Roma", "LAT": 41.853182, "LON": 12.5681476, "FIELD_16": "Insufficiente", "FIELD_17": "1 sola unità funzionante", "FIELD_18": "n.d.", "FIELD_19": "n.d.", "FIELD_20": "n.d.", "FIELD_21": 0 }, "geometry": { "type": "Point", "coordinates": [ 12.5701611, 41.8540072 ] } },
{ "type": "Feature", "properties": { "fid": 86, "TIPO": "Centri Anziani (CSAQ)", "NOME": "Vasca Navale", "INDIRIZZO": "Via della Vasca Navale, 107", "MUNICIPIO": "Municipio VIII", "ORARI": "n.d.", "CHIUSURA_E": "n.d.", "ACCESSIBIL": "n.d.", "ARIA_COND": "SI", "TELEFONO": "n.d.", "EMAIL": "n.d.", "EMAIL2": "n.d.", "SITO_WEB": "n.d.", "GOOGLEMAPS": "https://www.google.com/maps/search/Centro%20Anziani%20Vasca%20Navale%20Via%20della%20Vasca%20Navale%2C%20107%20Roma", "LAT": 41.854747, "LON": 12.4662813, "FIELD_16": "Funzionante", "FIELD_17": "n.d.", "FIELD_18": "n.d.", "FIELD_19": "n.d.", "FIELD_20": "n.d.", "FIELD_21": 0 }, "geometry": { "type": "Point", "coordinates": [ 12.4661881, 41.8546885 ] } },
{ "type": "Feature", "properties": { "fid": 87, "TIPO": "Centri Anziani (CSAQ)", "NOME": "San Michele", "INDIRIZZO": "Piazzale Tosti,", "MUNICIPIO": "Municipio VIII", "ORARI": "n.d.", "CHIUSURA_E": "n.d.", "ACCESSIBIL": "n.d.", "ARIA_COND": "SI", "TELEFONO": "n.d.", "EMAIL": "n.d.", "EMAIL2": "n.d.", "SITO_WEB": "n.d.", "GOOGLEMAPS": "https://www.google.com/maps/search/Centro%20Anziani%20San%20Michele%20Piazzale%20Tosti%2C%20Roma", "LAT": 41.8573031, "LON": 12.5012879, "FIELD_16": "Funzionante", "FIELD_17": "n.d.", "FIELD_18": "n.d.", "FIELD_19": "n.d.", "FIELD_20": "n.d.", "FIELD_21": 0 }, "geometry": { "type": "Point", "coordinates": [ 12.5013015, 41.857232 ] } },
{ "type": "Feature", "properties": { "fid": 88, "TIPO": "Centri Anziani (CSAQ)", "NOME": "Bocciofila", "INDIRIZZO": "Via degli Irlandesi", "MUNICIPIO": "Municipio XI", "ORARI": "n.d.", "CHIUSURA_E": "n.d.", "ACCESSIBIL": "n.d.", "ARIA_COND": "SI", "TELEFONO": "n.d.", "EMAIL": "n.d.", "EMAIL2": "n.d.", "SITO_WEB": "n.d.", "GOOGLEMAPS": "https://www.google.com/maps/search/Centro%20Anziani%20Bocciofila%20Via%20degli%20Irlandesi%20Roma", "LAT": 41.857382, "LON": 12.4506099, "FIELD_16": "Parzialmente Funzionante", "FIELD_17": "n.d.", "FIELD_18": "n.d.", "FIELD_19": "n.d.", "FIELD_20": "n.d.", "FIELD_21": 0 }, "geometry": { "type": "Point", "coordinates": [ 12.450469, 41.8577232 ] } },
{ "type": "Feature", "properties": { "fid": 89, "TIPO": "Centri Anziani (CSAQ)", "NOME": "Ciricillo", "INDIRIZZO": "Via degli Irlandesi, 46", "MUNICIPIO": "Municipio XI", "ORARI": "n.d.", "CHIUSURA_E": "n.d.", "ACCESSIBIL": "n.d.", "ARIA_COND": "SI", "TELEFONO": "n.d.", "EMAIL": "n.d.", "EMAIL2": "n.d.", "SITO_WEB": "n.d.", "GOOGLEMAPS": "https://www.google.com/maps/search/Centro%20Anziani%20Ciricillo%20Via%20degli%20Irlandesi%2C%2046%20Roma", "LAT": 41.8582111, "LON": 12.449974, "FIELD_16": "Parzialmente Funzionante", "FIELD_17": "n.d.", "FIELD_18": "Termosifoni (Dip. Infrastrutture)", "FIELD_19": "n.d.", "FIELD_20": "n.d.", "FIELD_21": 0 }, "geometry": { "type": "Point", "coordinates": [ 12.450469, 41.8577232 ] } },
{ "type": "Feature", "properties": { "fid": 90, "TIPO": "Centri Anziani (CSAQ)", "NOME": "Torrenova Tor Vergata", "INDIRIZZO": "Via della Tenuta di Torrenova, 124", "MUNICIPIO": "Municipio VI", "ORARI": "n.d.", "CHIUSURA_E": "n.d.", "ACCESSIBIL": "n.d.", "ARIA_COND": "SI", "TELEFONO": "n.d.", "EMAIL": "n.d.", "EMAIL2": "n.d.", "SITO_WEB": "n.d.", "GOOGLEMAPS": "https://www.google.com/maps/search/Centro%20Anziani%20Torrenova%20Tor%20Vergata%20Via%20della%20Tenuta%20di%20Torrenova%2C%20124%20Roma", "LAT": 41.858336, "LON": 12.6182629, "FIELD_16": "Funzionante", "FIELD_17": "Condizionatori nuovi (2022)", "FIELD_18": "Caldaia centralizzata", "FIELD_19": "n.d.", "FIELD_20": "n.d.", "FIELD_21": 0 }, "geometry": { "type": "Point", "coordinates": [ 12.6191038, 41.8578606 ] } },
{ "type": "Feature", "properties": { "fid": 91, "TIPO": "Centri Anziani (CSAQ)", "NOME": "Giovanni XXIII", "INDIRIZZO": "Via della tenuta di Torrenova, 126", "MUNICIPIO": "Municipio VI", "ORARI": "n.d.", "CHIUSURA_E": "n.d.", "ACCESSIBIL": "n.d.", "ARIA_COND": "SI", "TELEFONO": "n.d.", "EMAIL": "n.d.", "EMAIL2": "n.d.", "SITO_WEB": "n.d.", "GOOGLEMAPS": "https://www.google.com/maps/search/Centro%20Anziani%20Giovanni%20XXIII%20Via%20della%20tenuta%20di%20Torrenova%2C%20126%20Roma", "LAT": 41.8583688, "LON": 12.6184461, "FIELD_16": "Funzionante", "FIELD_17": "Condizionatori nuovi (2022)", "FIELD_18": "Caldaia centralizzata", "FIELD_19": "n.d.", "FIELD_20": "n.d.", "FIELD_21": 0 }, "geometry": { "type": "Point", "coordinates": [ 12.6197499, 41.8587228 ] } },
{ "type": "Feature", "properties": { "fid": 92, "TIPO": "Centri Anziani (CSAQ)", "NOME": "Largo Spartaco", "INDIRIZZO": "Largo Spartaco, 13", "MUNICIPIO": "Municipio VII", "ORARI": "n.d.", "CHIUSURA_E": "n.d.", "ACCESSIBIL": "n.d.", "ARIA_COND": "SI", "TELEFONO": "n.d.", "EMAIL": "n.d.", "EMAIL2": "n.d.", "SITO_WEB": "n.d.", "GOOGLEMAPS": "https://www.google.com/maps/search/Centro%20Anziani%20Largo%20Spartaco%20Largo%20Spartaco%2C%2013%20Roma", "LAT": 41.8591264, "LON": 12.5521186, "FIELD_16": "Funzionante", "FIELD_17": "5 unità (Bosch + Samsung)", "FIELD_18": "n.d.", "FIELD_19": "n.d.", "FIELD_20": "79,31", "FIELD_21": 0 }, "geometry": { "type": "Point", "coordinates": [ 12.5522417, 41.8589982 ] } },
{ "type": "Feature", "properties": { "fid": 93, "TIPO": "Centri Anziani (CSAQ)", "NOME": "Commodilla", "INDIRIZZO": "Via di Commodilla, 15", "MUNICIPIO": "Municipio VIII", "ORARI": "n.d.", "CHIUSURA_E": "n.d.", "ACCESSIBIL": "n.d.", "ARIA_COND": "SI", "TELEFONO": "n.d.", "EMAIL": "n.d.", "EMAIL2": "n.d.", "SITO_WEB": "n.d.", "GOOGLEMAPS": "https://www.google.com/maps/search/Centro%20Anziani%20Commodilla%20Via%20di%20Commodilla%2C%2015%20Roma", "LAT": 41.8596005, "LON": 12.4838713, "FIELD_16": "Funzionante", "FIELD_17": "n.d.", "FIELD_18": "n.d.", "FIELD_19": "n.d.", "FIELD_20": "250", "FIELD_21": 0 }, "geometry": { "type": "Point", "coordinates": [ 12.483579, 41.859469 ] } },
{ "type": "Feature", "properties": { "fid": 94, "TIPO": "Centri Anziani (CSAQ)", "NOME": "Villaggio Breda", "INDIRIZZO": "Via Grotte Celoni, 27, Roma", "MUNICIPIO": "Municipio VI", "ORARI": "n.d.", "CHIUSURA_E": "n.d.", "ACCESSIBIL": "n.d.", "ARIA_COND": "SI", "TELEFONO": "n.d.", "EMAIL": "n.d.", "EMAIL2": "n.d.", "SITO_WEB": "n.d.", "GOOGLEMAPS": "https://www.google.com/maps/search/Centro%20Anziani%20Villaggio%20Breda%20Via%20Grotte%20Celoni%20%2Csnc%20Roma", "LAT": 41.8575627, "LON": 12.642753, "FIELD_16": "Funzionante", "FIELD_17": "n.d.", "FIELD_18": "Caldaia nuova (2024)", "FIELD_19": "n.d.", "FIELD_20": "109", "FIELD_21": 0 }, "geometry": { "type": "Point", "coordinates": [ 12.6420622, 41.8607816 ] } },
{ "type": "Feature", "properties": { "fid": 95, "TIPO": "Centri Anziani (CSAQ)", "NOME": "Borghesiana", "INDIRIZZO": "Via Antonio Puccinelli, 11, Roma", "MUNICIPIO": "Municipio VI", "ORARI": "n.d.", "CHIUSURA_E": "n.d.", "ACCESSIBIL": "n.d.", "ARIA_COND": "SI", "TELEFONO": "n.d.", "EMAIL": "n.d.", "EMAIL2": "n.d.", "SITO_WEB": "n.d.", "GOOGLEMAPS": "https://www.google.com/maps/search/Centro%20Anziani%20Borghesiana%20Via%20Lentini%20%2Csnc%20Roma", "LAT": 41.8603168, "LON": 12.666518, "FIELD_16": "Funzionante", "FIELD_17": "n.d.", "FIELD_18": "Caldaia autonoma", "FIELD_19": "n.d.", "FIELD_20": "n.d.", "FIELD_21": 0 }, "geometry": { "type": "Point", "coordinates": [ 12.6652304, 41.8617756 ] } },
{ "type": "Feature", "properties": { "fid": 96, "TIPO": "Centri Anziani (CSAQ)", "NOME": "La Torretta", "INDIRIZZO": "Piazza dei Consoli, 1", "MUNICIPIO": "Municipio VII", "ORARI": "n.d.", "CHIUSURA_E": "n.d.", "ACCESSIBIL": "n.d.", "ARIA_COND": "SI", "TELEFONO": "n.d.", "EMAIL": "n.d.", "EMAIL2": "n.d.", "SITO_WEB": "n.d.", "GOOGLEMAPS": "https://www.google.com/maps/search/Centro%20Anziani%20La%20Torretta%20Piazza%20dei%20Consoli%2C%201%20Roma", "LAT": 41.8631569, "LON": 12.5572793, "FIELD_16": "Funzionante", "FIELD_17": "n.d.", "FIELD_18": "n.d.", "FIELD_19": "n.d.", "FIELD_20": "n.d.", "FIELD_21": 0 }, "geometry": { "type": "Point", "coordinates": [ 12.5575386, 41.8623749 ] } },
{ "type": "Feature", "properties": { "fid": 97, "TIPO": "Centri Anziani (CSAQ)", "NOME": "Giardinetti", "INDIRIZZO": "Via Carlo Santarelli, 520", "MUNICIPIO": "Municipio VI", "ORARI": "n.d.", "CHIUSURA_E": "n.d.", "ACCESSIBIL": "n.d.", "ARIA_COND": "SI", "TELEFONO": "n.d.", "EMAIL": "n.d.", "EMAIL2": "n.d.", "SITO_WEB": "n.d.", "GOOGLEMAPS": "https://www.google.com/maps/search/Centro%20Anziani%20Giardinetti%20Via%20Carlo%20Santarelli%2C%20520%20Roma", "LAT": 41.8622649, "LON": 12.6072221, "FIELD_16": "Funzionante", "FIELD_17": "n.d.", "FIELD_18": "Caldaia autonoma", "FIELD_19": "n.d.", "FIELD_20": "n.d.", "FIELD_21": 0 }, "geometry": { "type": "Point", "coordinates": [ 12.6072456, 41.8624084 ] } },
{ "type": "Feature", "properties": { "fid": 98, "TIPO": "Centri Anziani (CSAQ)", "NOME": "Cardano", "INDIRIZZO": "Via Gerolamo Cardano, 145, Roma", "MUNICIPIO": "Municipio XI", "ORARI": "n.d.", "CHIUSURA_E": "n.d.", "ACCESSIBIL": "n.d.", "ARIA_COND": "SI", "TELEFONO": "n.d.", "EMAIL": "n.d.", "EMAIL2": "n.d.", "SITO_WEB": "n.d.", "GOOGLEMAPS": "https://www.google.com/maps/search/Centro%20Anziani%20Cardano%20Via%20Girolamo%20Cardano%2C%20145%20Roma", "LAT": 41.8623344, "LON": 12.46489, "FIELD_16": "Funzionante", "FIELD_17": "n.d.", "FIELD_18": "Pompa di calore 16 kW", "FIELD_19": "n.d.", "FIELD_20": "n.d.", "FIELD_21": 0 }, "geometry": { "type": "Point", "coordinates": [ 12.4655162, 41.862639 ] } },
{ "type": "Feature", "properties": { "fid": 99, "TIPO": "Centri Anziani (CSAQ)", "NOME": "Torre Spaccata", "INDIRIZZO": "Via di Torre Spaccata, 157", "MUNICIPIO": "Municipio VII", "ORARI": "n.d.", "CHIUSURA_E": "n.d.", "ACCESSIBIL": "n.d.", "ARIA_COND": "SI", "TELEFONO": "n.d.", "EMAIL": "n.d.", "EMAIL2": "n.d.", "SITO_WEB": "n.d.", "GOOGLEMAPS": "https://www.google.com/maps/search/Centro%20Anziani%20Torre%20Spaccata%20Via%20di%20Torre%20Spaccata%2C%20157%20Roma", "LAT": 41.8635893, "LON": 12.5848346, "FIELD_16": "Parzialmente Funzionante", "FIELD_17": "n.d.", "FIELD_18": "n.d.", "FIELD_19": "n.d.", "FIELD_20": "105", "FIELD_21": 0 }, "geometry": { "type": "Point", "coordinates": [ 12.5851556, 41.8638964 ] } },
{ "type": "Feature", "properties": { "fid": 100, "TIPO": "Centri Anziani (CSAQ)", "NOME": "Pierino Emili", "INDIRIZZO": "Via Massa Silani, 7", "MUNICIPIO": "Municipio VI", "ORARI": "n.d.", "CHIUSURA_E": "n.d.", "ACCESSIBIL": "n.d.", "ARIA_COND": "SI", "TELEFONO": "n.d.", "EMAIL": "n.d.", "EMAIL2": "n.d.", "SITO_WEB": "n.d.", "GOOGLEMAPS": "https://www.google.com/maps/search/Centro%20Anziani%20Pierino%20Emili%20Via%20Massa%20Silani%2C%207%20Roma", "LAT": 41.8640299, "LON": 12.6883866, "FIELD_16": "Funzionante", "FIELD_17": "Condizionatori nuovi (2022)", "FIELD_18": "Caldaia centralizzata", "FIELD_19": "n.d.", "FIELD_20": "n.d.", "FIELD_21": 0 }, "geometry": { "type": "Point", "coordinates": [ 12.688376, 41.8641328 ] } },
{ "type": "Feature", "properties": { "fid": 101, "TIPO": "Centri Anziani (CSAQ)", "NOME": "Pullino-Francesco Giaquinto", "INDIRIZZO": "Via Pullino, 95", "MUNICIPIO": "Municipio VIII", "ORARI": "n.d.", "CHIUSURA_E": "n.d.", "ACCESSIBIL": "n.d.", "ARIA_COND": "SI", "TELEFONO": "n.d.", "EMAIL": "n.d.", "EMAIL2": "n.d.", "SITO_WEB": "n.d.", "GOOGLEMAPS": "https://www.google.com/maps/search/Centro%20Anziani%20Pullino-Francesco%20Giaquinto%20Via%20Pullino%2C%2095%20Roma", "LAT": 41.8664544, "LON": 12.4841215, "FIELD_16": "Funzionante", "FIELD_17": "n.d.", "FIELD_18": "n.d.", "FIELD_19": "n.d.", "FIELD_20": "353", "FIELD_21": 0 }, "geometry": { "type": "Point", "coordinates": [ 12.4844196, 41.8653061 ] } },
{ "type": "Feature", "properties": { "fid": 102, "TIPO": "Centri Anziani (CSAQ)", "NOME": "Ai Pini", "INDIRIZZO": "Via Vico Viganò, 10 0", "MUNICIPIO": "Municipio VI", "ORARI": "n.d.", "CHIUSURA_E": "n.d.", "ACCESSIBIL": "n.d.", "ARIA_COND": "SI", "TELEFONO": "n.d.", "EMAIL": "n.d.", "EMAIL2": "n.d.", "SITO_WEB": "n.d.", "GOOGLEMAPS": "https://www.google.com/maps/search/Centro%20Anziani%20Ai%20Pini%20Via%20Vico%20Vigan%C3%B2%2C%2010%200%20Roma", "LAT": 41.8668072, "LON": 12.6299748, "FIELD_16": "Funzionante", "FIELD_17": "n.d.", "FIELD_18": "Caldaia autonoma", "FIELD_19": "n.d.", "FIELD_20": "n.d.", "FIELD_21": 0 }, "geometry": { "type": "Point", "coordinates": [ 12.6302218, 41.8666327 ] } },
{ "type": "Feature", "properties": { "fid": 103, "TIPO": "Centri Anziani (CSAQ)", "NOME": "Incis Pisana", "INDIRIZZO": "Via Baldassarre Longhena,98", "MUNICIPIO": "Municipio XII", "ORARI": "n.d.", "CHIUSURA_E": "n.d.", "ACCESSIBIL": "n.d.", "ARIA_COND": "SI", "TELEFONO": "n.d.", "EMAIL": "n.d.", "EMAIL2": "n.d.", "SITO_WEB": "n.d.", "GOOGLEMAPS": "https://www.google.com/maps/search/Centro%20Anziani%20Incis%20Pisana%20Via%20Baldassarre%20Longhena%2C98%20Roma", "LAT": 41.8696915, "LON": 12.4101646, "FIELD_16": "Parzialmente Funzionante", "FIELD_17": "1 unità presente", "FIELD_18": "n.d.", "FIELD_19": "n.d.", "FIELD_20": "231,97", "FIELD_21": 0 }, "geometry": { "type": "Point", "coordinates": [ 12.4096805, 41.8669504 ] } },
{ "type": "Feature", "properties": { "fid": 104, "TIPO": "Centri Anziani (CSAQ)", "NOME": "Marconi", "INDIRIZZO": "Via dei Papareschi, 28B", "MUNICIPIO": "Municipio XI", "ORARI": "n.d.", "CHIUSURA_E": "n.d.", "ACCESSIBIL": "n.d.", "ARIA_COND": "SI", "TELEFONO": "n.d.", "EMAIL": "n.d.", "EMAIL2": "n.d.", "SITO_WEB": "n.d.", "GOOGLEMAPS": "https://www.google.com/maps/search/Centro%20Anziani%20Marconi%20Via%20dei%20Papareschi%2C%2028B%20Roma", "LAT": 41.8702462, "LON": 12.4699196, "FIELD_16": "Funzionante", "FIELD_17": "n.d.", "FIELD_18": "Termosifoni (Dip. Infrastrutture)", "FIELD_19": "n.d.", "FIELD_20": "n.d.", "FIELD_21": 0 }, "geometry": { "type": "Point", "coordinates": [ 12.4701905, 41.8703703 ] } },
{ "type": "Feature", "properties": { "fid": 105, "TIPO": "Centri Anziani (CSAQ)", "NOME": "Villa Lazzaroni", "INDIRIZZO": "Via Appia Nuova, 522", "MUNICIPIO": "Municipio VII", "ORARI": "n.d.", "CHIUSURA_E": "n.d.", "ACCESSIBIL": "n.d.", "ARIA_COND": "SI", "TELEFONO": "n.d.", "EMAIL": "n.d.", "EMAIL2": "n.d.", "SITO_WEB": "n.d.", "GOOGLEMAPS": "https://www.google.com/maps/search/Centro%20Anziani%20Villa%20Lazzaroni%20Via%20Appia%20Nuova%2C%20522%20Roma", "LAT": 41.8720158, "LON": 12.5237081, "FIELD_16": "Funzionante", "FIELD_17": "5 unità Samsung", "FIELD_18": "n.d.", "FIELD_19": "n.d.", "FIELD_20": "n.d.", "FIELD_21": 0 }, "geometry": { "type": "Point", "coordinates": [ 12.5252979, 41.8725988 ] } },
{ "type": "Feature", "properties": { "fid": 106, "TIPO": "Centri Anziani (CSAQ)", "NOME": "Trastevere", "INDIRIZZO": "Viale Trastevere, 143\\C", "MUNICIPIO": "Municipio I", "ORARI": "n.d.", "CHIUSURA_E": "n.d.", "ACCESSIBIL": "n.d.", "ARIA_COND": "SI", "TELEFONO": "n.d.", "EMAIL": "n.d.", "EMAIL2": "n.d.", "SITO_WEB": "n.d.", "GOOGLEMAPS": "https://www.google.com/maps/search/Centro%20Anziani%20Trastevere%20Viale%20Trastevere%2C%20143%5CC%20Roma", "LAT": 41.8849391, "LON": 12.4708621, "FIELD_16": "Funzionante", "FIELD_17": "n.d.", "FIELD_18": "n.d.", "FIELD_19": "n.d.", "FIELD_20": "n.d.", "FIELD_21": 0 }, "geometry": { "type": "Point", "coordinates": [ 12.4658857, 41.8738077 ] } },
{ "type": "Feature", "properties": { "fid": 107, "TIPO": "Centri Anziani (CSAQ)", "NOME": "Alessandrino", "INDIRIZZO": "Viale Alessandrino, 68", "MUNICIPIO": "Municipio V", "ORARI": "n.d.", "CHIUSURA_E": "n.d.", "ACCESSIBIL": "n.d.", "ARIA_COND": "SI", "TELEFONO": "n.d.", "EMAIL": "n.d.", "EMAIL2": "n.d.", "SITO_WEB": "n.d.", "GOOGLEMAPS": "https://www.google.com/maps/search/Centro%20Anziani%20Alessandrino%20Viale%20Alessandrino%2C%2068%20Roma", "LAT": 41.8724046, "LON": 12.5804224, "FIELD_16": "Funzionante", "FIELD_17": "n.d.", "FIELD_18": "n.d.", "FIELD_19": "n.d.", "FIELD_20": "n.d.", "FIELD_21": 0 }, "geometry": { "type": "Point", "coordinates": [ 12.5794226, 41.8750554 ] } },
{ "type": "Feature", "properties": { "fid": 108, "TIPO": "Centri Anziani (CSAQ)", "NOME": "Testaccio", "INDIRIZZO": "Piazza Giustiniani, 4", "MUNICIPIO": "Municipio I", "ORARI": "n.d.", "CHIUSURA_E": "n.d.", "ACCESSIBIL": "n.d.", "ARIA_COND": "SI", "TELEFONO": "n.d.", "EMAIL": "n.d.", "EMAIL2": "n.d.", "SITO_WEB": "n.d.", "GOOGLEMAPS": "https://www.google.com/maps/search/Centro%20Anziani%20Testaccio%20Piazza%20Giustiniani%2C%204%20Roma", "LAT": 41.8756989, "LON": 12.4725128, "FIELD_16": "funzionante \\ insufficiente", "FIELD_17": "n.d.", "FIELD_18": "n.d.", "FIELD_19": "n.d.", "FIELD_20": "85", "FIELD_21": 0 }, "geometry": { "type": "Point", "coordinates": [ 12.4725073, 41.8756947 ] } },
{ "type": "Feature", "properties": { "fid": 109, "TIPO": "Centri Anziani (CSAQ)", "NOME": "Sandro Pertini", "INDIRIZZO": "Via degli Aceri, 57", "MUNICIPIO": "Municipio V", "ORARI": "n.d.", "CHIUSURA_E": "n.d.", "ACCESSIBIL": "n.d.", "ARIA_COND": "SI", "TELEFONO": "n.d.", "EMAIL": "n.d.", "EMAIL2": "n.d.", "SITO_WEB": "n.d.", "GOOGLEMAPS": "https://www.google.com/maps/search/Centro%20Anziani%20Sandro%20Pertini%20Via%20degli%20Aceri%2C%2057%20Roma", "LAT": 41.8783342, "LON": 12.5654077, "FIELD_16": "Funzionante", "FIELD_17": "n.d.", "FIELD_18": "n.d.", "FIELD_19": "n.d.", "FIELD_20": "n.d.", "FIELD_21": 0 }, "geometry": { "type": "Point", "coordinates": [ 12.567605, 41.8781548 ] } },
{ "type": "Feature", "properties": { "fid": 110, "TIPO": "Centri Anziani (CSAQ)", "NOME": "Casilino 23", "INDIRIZZO": "Via Ferraironi, 94", "MUNICIPIO": "Municipio V", "ORARI": "n.d.", "CHIUSURA_E": "n.d.", "ACCESSIBIL": "n.d.", "ARIA_COND": "SI", "TELEFONO": "n.d.", "EMAIL": "n.d.", "EMAIL2": "n.d.", "SITO_WEB": "n.d.", "GOOGLEMAPS": "https://www.google.com/maps/search/Centro%20Anziani%20Casilino%2023%20Via%20Ferraironi%2C%2094%20Roma", "LAT": 41.8547664, "LON": 12.560171, "FIELD_16": "Funzionante", "FIELD_17": "n.d.", "FIELD_18": "n.d.", "FIELD_19": "n.d.", "FIELD_20": "315,30", "FIELD_21": 0 }, "geometry": { "type": "Point", "coordinates": [ 12.5558982, 41.878383 ] } },
{ "type": "Feature", "properties": { "fid": 111, "TIPO": "Centri Anziani (CSAQ)", "NOME": "S. Saba Aventino", "INDIRIZZO": "Largo  Fioritto, 1", "MUNICIPIO": "Municipio I", "ORARI": "n.d.", "CHIUSURA_E": "n.d.", "ACCESSIBIL": "n.d.", "ARIA_COND": "SI", "TELEFONO": "n.d.", "EMAIL": "n.d.", "EMAIL2": "n.d.", "SITO_WEB": "n.d.", "GOOGLEMAPS": "https://www.google.com/maps/search/Centro%20Anziani%20S.%20Saba%20Aventino%20Largo%20%20Fioritto%2C%201%20Roma", "LAT": 41.8790557, "LON": 12.4895957, "FIELD_16": "n.d.", "FIELD_17": "n.d.", "FIELD_18": "n.d.", "FIELD_19": "n.d.", "FIELD_20": "345", "FIELD_21": 0 }, "geometry": { "type": "Point", "coordinates": [ 12.4896527, 41.8790369 ] } },
{ "type": "Feature", "properties": { "fid": 112, "TIPO": "Centri Anziani (CSAQ)", "NOME": "Capasso", "INDIRIZZO": "Via dei Capasso, Roma", "MUNICIPIO": "Municipio XII", "ORARI": "n.d.", "CHIUSURA_E": "n.d.", "ACCESSIBIL": "n.d.", "ARIA_COND": "SI", "TELEFONO": "n.d.", "EMAIL": "n.d.", "EMAIL2": "n.d.", "SITO_WEB": "n.d.", "GOOGLEMAPS": "https://www.google.com/maps/search/Centro%20Anziani%20Capasso%20Via%20dei%20Capasso%20s.n.c.%20Roma", "LAT": 41.8836542, "LON": 12.4255133, "FIELD_16": "Parzialmente Funzionante", "FIELD_17": "n.d.", "FIELD_18": "n.d.", "FIELD_19": "n.d.", "FIELD_20": "n.d.", "FIELD_21": 0 }, "geometry": { "type": "Point", "coordinates": [ 12.4260438, 41.8829848 ] } },
{ "type": "Feature", "properties": { "fid": 113, "TIPO": "Centri Anziani (CSAQ)", "NOME": "Frassini", "INDIRIZZO": "Via dei Frassini", "MUNICIPIO": "Municipio V", "ORARI": "n.d.", "CHIUSURA_E": "n.d.", "ACCESSIBIL": "n.d.", "ARIA_COND": "SI", "TELEFONO": "n.d.", "EMAIL": "n.d.", "EMAIL2": "n.d.", "SITO_WEB": "n.d.", "GOOGLEMAPS": "https://www.google.com/maps/search/Centro%20Anziani%20Frassini%20Via%20dei%20Frassini%20Roma", "LAT": 41.88106, "LON": 12.5680583, "FIELD_16": "Funzionante", "FIELD_17": "n.d.", "FIELD_18": "n.d.", "FIELD_19": "n.d.", "FIELD_20": "n.d.", "FIELD_21": 0 }, "geometry": { "type": "Point", "coordinates": [ 12.568243, 41.8833182 ] } },
{ "type": "Feature", "properties": { "fid": 114, "TIPO": "Centri Anziani (CSAQ)", "NOME": "Lepetit", "INDIRIZZO": "Via Roberto Lepetit, 86", "MUNICIPIO": "Municipio V", "ORARI": "n.d.", "CHIUSURA_E": "n.d.", "ACCESSIBIL": "n.d.", "ARIA_COND": "SI", "TELEFONO": "n.d.", "EMAIL": "n.d.", "EMAIL2": "n.d.", "SITO_WEB": "n.d.", "GOOGLEMAPS": "https://www.google.com/maps/search/Centro%20Anziani%20Lepetit%20Via%20Roberto%20Lepetit%2C%2086%20Roma", "LAT": 41.8884543, "LON": 12.5840806, "FIELD_16": "Funzionante", "FIELD_17": "n.d.", "FIELD_18": "n.d.", "FIELD_19": "n.d.", "FIELD_20": "288,07", "FIELD_21": 0 }, "geometry": { "type": "Point", "coordinates": [ 12.5843223, 41.887379 ] } },
{ "type": "Feature", "properties": { "fid": 115, "TIPO": "Centri Anziani (CSAQ)", "NOME": "De Magistris", "INDIRIZZO": "Via de Magistris, 21", "MUNICIPIO": "Municipio V", "ORARI": "n.d.", "CHIUSURA_E": "n.d.", "ACCESSIBIL": "n.d.", "ARIA_COND": "SI", "TELEFONO": "n.d.", "EMAIL": "n.d.", "EMAIL2": "n.d.", "SITO_WEB": "n.d.", "GOOGLEMAPS": "https://www.google.com/maps/search/Centro%20Anziani%20De%20Magistris%20Via%20de%20Magistris%2C%2021%20Roma", "LAT": 41.88773, "LON": 12.5286512, "FIELD_16": "Funzionante", "FIELD_17": "n.d.", "FIELD_18": "n.d.", "FIELD_19": "n.d.", "FIELD_20": "314,49", "FIELD_21": 0 }, "geometry": { "type": "Point", "coordinates": [ 12.5286041, 41.8877774 ] } },
{ "type": "Feature", "properties": { "fid": 116, "TIPO": "Centri Anziani (CSAQ)", "NOME": "Luigi Petroselli", "INDIRIZZO": "Via Locorotondo, 31, Roma", "MUNICIPIO": "Municipio V", "ORARI": "n.d.", "CHIUSURA_E": "n.d.", "ACCESSIBIL": "n.d.", "ARIA_COND": "SI", "TELEFONO": "n.d.", "EMAIL": "n.d.", "EMAIL2": "n.d.", "SITO_WEB": "n.d.", "GOOGLEMAPS": "https://www.google.com/maps/search/Centro%20Anziani%20Luigi%20Petroselli%20Via%20Locorotondo%20s.n.c.%20Roma", "LAT": 41.8895189, "LON": 12.5790664, "FIELD_16": "Funzionante", "FIELD_17": "n.d.", "FIELD_18": "n.d.", "FIELD_19": "n.d.", "FIELD_20": "34,55", "FIELD_21": 0 }, "geometry": { "type": "Point", "coordinates": [ 12.5785893, 41.8891016 ] } },
{ "type": "Feature", "properties": { "fid": 117, "TIPO": "Centri Anziani (CSAQ)", "NOME": "Nino Manfredi", "INDIRIZZO": "Via Emilio Chiovenda, 69", "MUNICIPIO": "Municipio V", "ORARI": "n.d.", "CHIUSURA_E": "n.d.", "ACCESSIBIL": "n.d.", "ARIA_COND": "SI", "TELEFONO": "n.d.", "EMAIL": "n.d.", "EMAIL2": "n.d.", "SITO_WEB": "n.d.", "GOOGLEMAPS": "https://www.google.com/maps/search/Centro%20Anziani%20Nino%20Manfredi%20Via%20Emilio%20Chiovenda%2C%2069%20Roma", "LAT": 41.8904329, "LON": 12.5686505, "FIELD_16": "Parzialmente Funzionante", "FIELD_17": "n.d.", "FIELD_18": "n.d.", "FIELD_19": "n.d.", "FIELD_20": "335,91", "FIELD_21": 0 }, "geometry": { "type": "Point", "coordinates": [ 12.5688965, 41.8903874 ] } },
{ "type": "Feature", "properties": { "fid": 118, "TIPO": "Centri Anziani (CSAQ)", "NOME": "Salvo D'Acquisto", "INDIRIZZO": "Via Diomede Marvasi, 2", "MUNICIPIO": "Municipio XIII", "ORARI": "n.d.", "CHIUSURA_E": "n.d.", "ACCESSIBIL": "n.d.", "ARIA_COND": "SI", "TELEFONO": "340 851 2519", "EMAIL": "tomassettimauro54@gmail.com", "EMAIL2": "n.d.", "SITO_WEB": "n.d.", "GOOGLEMAPS": "https://www.google.com/maps/search/Centro%20Anziani%20Salvo%20D%27Acquisto%20Via%20Diomede%20Marvasi%2C%202%20Roma", "LAT": 41.8901722, "LON": 12.4115418, "FIELD_16": "Parzialmente Funzionante", "FIELD_17": "n.d.", "FIELD_18": "Caldaia murale gas (pot. n.d.)", "FIELD_19": "Mauro Tomassetti", "FIELD_20": "n.d.", "FIELD_21": 0 }, "geometry": { "type": "Point", "coordinates": [ 12.410797, 41.8906984 ] } },
{ "type": "Feature", "properties": { "fid": 119, "TIPO": "Centri Anziani (CSAQ)", "NOME": "Colle Oppio", "INDIRIZZO": "Via Orti di Mecenate, 5", "MUNICIPIO": "Municipio I", "ORARI": "n.d.", "CHIUSURA_E": "n.d.", "ACCESSIBIL": "n.d.", "ARIA_COND": "SI", "TELEFONO": "n.d.", "EMAIL": "n.d.", "EMAIL2": "n.d.", "SITO_WEB": "n.d.", "GOOGLEMAPS": "https://www.google.com/maps/search/Centro%20Anziani%20Colle%20Oppio%20Via%20Orti%20di%20Mecenate%2C%205%20Roma", "LAT": 41.8930973, "LON": 12.4979452, "FIELD_16": "Funzionante", "FIELD_17": "n.d.", "FIELD_18": "n.d.", "FIELD_19": "n.d.", "FIELD_20": "485", "FIELD_21": 0 }, "geometry": { "type": "Point", "coordinates": [ 12.4968179, 41.8923372 ] } },
{ "type": "Feature", "properties": { "fid": 120, "TIPO": "Centri Anziani (CSAQ)", "NOME": "Aristide Staroccia", "INDIRIZZO": "Via Avella, 31", "MUNICIPIO": "Municipio VI", "ORARI": "n.d.", "CHIUSURA_E": "n.d.", "ACCESSIBIL": "n.d.", "ARIA_COND": "SI", "TELEFONO": "n.d.", "EMAIL": "n.d.", "EMAIL2": "n.d.", "SITO_WEB": "n.d.", "GOOGLEMAPS": "https://www.google.com/maps/search/Centro%20Anziani%20Aristide%20Staroccia%20Via%20Avella%2C%2031%20Roma", "LAT": 41.8936716, "LON": 12.6275275, "FIELD_16": "Funzionante", "FIELD_17": "n.d.", "FIELD_18": "Caldaia autonoma", "FIELD_19": "n.d.", "FIELD_20": "n.d.", "FIELD_21": 0 }, "geometry": { "type": "Point", "coordinates": [ 12.627693, 41.8936333 ] } },
{ "type": "Feature", "properties": { "fid": 121, "TIPO": "Centri Anziani (CSAQ)", "NOME": "Val Cannuta", "INDIRIZZO": "Via di Val Cannuta, 8", "MUNICIPIO": "Municipio XIII", "ORARI": "n.d.", "CHIUSURA_E": "n.d.", "ACCESSIBIL": "n.d.", "ARIA_COND": "SI", "TELEFONO": "340 851 2519", "EMAIL": "tomassettimauro54@gmail.com", "EMAIL2": "n.d.", "SITO_WEB": "n.d.", "GOOGLEMAPS": "https://www.google.com/maps/search/Centro%20Anziani%20Val%20Cannuta%20Via%20di%20Val%20Cannuta%2C%208%20Roma", "LAT": 41.9031381, "LON": 12.4158868, "FIELD_16": "n.d.", "FIELD_17": "n.d.", "FIELD_18": "2 caldaie murali gas 24+28 kW", "FIELD_19": "Mauro Tomassetti", "FIELD_20": "n.d.", "FIELD_21": 0 }, "geometry": { "type": "Point", "coordinates": [ 12.4037342, 41.8941133 ] } },
{ "type": "Feature", "properties": { "fid": 122, "TIPO": "Centri Anziani (CSAQ)", "NOME": "Giorgio Morandi", "INDIRIZZO": "Viale Giorgio Morandi, 191", "MUNICIPIO": "Municipio V", "ORARI": "n.d.", "CHIUSURA_E": "n.d.", "ACCESSIBIL": "n.d.", "ARIA_COND": "SI", "TELEFONO": "n.d.", "EMAIL": "n.d.", "EMAIL2": "n.d.", "SITO_WEB": "n.d.", "GOOGLEMAPS": "https://www.google.com/maps/search/Centro%20Anziani%20Giorgio%20Morandi%20Viale%20Giorgio%20Morandi%2C%20191%20Roma", "LAT": 41.8990235, "LON": 12.5853535, "FIELD_16": "Funzionante", "FIELD_17": "n.d.", "FIELD_18": "n.d.", "FIELD_19": "n.d.", "FIELD_20": "n.d.", "FIELD_21": 0 }, "geometry": { "type": "Point", "coordinates": [ 12.5849465, 41.8963336 ] } },
{ "type": "Feature", "properties": { "fid": 124, "TIPO": "Centri Anziani (CSAQ)", "NOME": "San Lorenzo", "INDIRIZZO": "Via dei Volsci, 82/c", "MUNICIPIO": "Municipio II", "ORARI": "n.d.", "CHIUSURA_E": "n.d.", "ACCESSIBIL": "n.d.", "ARIA_COND": "SI", "TELEFONO": "n.d.", "EMAIL": "n.d.", "EMAIL2": "n.d.", "SITO_WEB": "n.d.", "GOOGLEMAPS": "https://www.google.com/maps/search/Centro%20Anziani%20San%20Lorenzo%20Via%20dei%20Volsci%2C%2082/c%20Roma", "LAT": 41.8980822, "LON": 12.5152711, "FIELD_16": "Parzialmente Funzionante", "FIELD_17": "n.d.", "FIELD_18": "Mono-split", "FIELD_19": "n.d.", "FIELD_20": "n.d.", "FIELD_21": 0 }, "geometry": { "type": "Point", "coordinates": [ 12.5140751, 41.897363 ] } },
{ "type": "Feature", "properties": { "fid": 125, "TIPO": "Centri Anziani (CSAQ)", "NOME": "Colonna", "INDIRIZZO": "Via de' Burrò, 160\\A", "MUNICIPIO": "Municipio I", "ORARI": "n.d.", "CHIUSURA_E": "n.d.", "ACCESSIBIL": "n.d.", "ARIA_COND": "SI", "TELEFONO": "n.d.", "EMAIL": "n.d.", "EMAIL2": "n.d.", "SITO_WEB": "n.d.", "GOOGLEMAPS": "https://www.google.com/maps/search/Centro%20Anziani%20Colonna%20Via%20de%27%20Burr%C3%B2%2C%20160%5CA%20Roma", "LAT": 41.8996603, "LON": 12.4800536, "FIELD_16": "n.d.", "FIELD_17": "n.d.", "FIELD_18": "n.d.", "FIELD_19": "n.d.", "FIELD_20": "128", "FIELD_21": 0 }, "geometry": { "type": "Point", "coordinates": [ 12.4797443, 41.8995312 ] } },
{ "type": "Feature", "properties": { "fid": 126, "TIPO": "Centri Anziani (CSAQ)", "NOME": "Michele Testa", "INDIRIZZO": "Viale Filippo de Pisis, 1", "MUNICIPIO": "Municipio V", "ORARI": "n.d.", "CHIUSURA_E": "n.d.", "ACCESSIBIL": "n.d.", "ARIA_COND": "SI", "TELEFONO": "n.d.", "EMAIL": "n.d.", "EMAIL2": "n.d.", "SITO_WEB": "n.d.", "GOOGLEMAPS": "https://www.google.com/maps/search/Centro%20Anziani%20Michele%20Testa%20Viale%20Filippo%20de%20Pisis%2C%201%20Roma", "LAT": 41.8995099, "LON": 12.5898727, "FIELD_16": "Funzionante", "FIELD_17": "n.d.", "FIELD_18": "n.d.", "FIELD_19": "n.d.", "FIELD_20": "n.d.", "FIELD_21": 0 }, "geometry": { "type": "Point", "coordinates": [ 12.5889353, 41.8995884 ] } },
{ "type": "Feature", "properties": { "fid": 127, "TIPO": "Centri Anziani (CSAQ)", "NOME": "Porta Cavalleggeri", "INDIRIZZO": "Via del Crocifisso, 19", "MUNICIPIO": "Municipio XIII", "ORARI": "n.d.", "CHIUSURA_E": "n.d.", "ACCESSIBIL": "n.d.", "ARIA_COND": "SI", "TELEFONO": "340 851 2519", "EMAIL": "tomassettimauro54@gmail.com", "EMAIL2": "n.d.", "SITO_WEB": "n.d.", "GOOGLEMAPS": "https://www.google.com/maps/search/Centro%20Anziani%20Porta%20Cavalleggeri%20Via%20del%20Crocifisso%2C%2019%20Roma", "LAT": 41.899359, "LON": 12.451989, "FIELD_16": "Funzionante", "FIELD_17": "n.d.", "FIELD_18": "Caldaia murale gas 24 kW", "FIELD_19": "Mauro Tomassetti", "FIELD_20": "n.d.", "FIELD_21": 0 }, "geometry": { "type": "Point", "coordinates": [ 12.4518616, 41.8996589 ] } },
{ "type": "Feature", "properties": { "fid": 128, "TIPO": "Centri Anziani (CSAQ)", "NOME": "Corcolle", "INDIRIZZO": "Via Frontone, 239", "MUNICIPIO": "Municipio VI", "ORARI": "n.d.", "CHIUSURA_E": "n.d.", "ACCESSIBIL": "n.d.", "ARIA_COND": "SI", "TELEFONO": "n.d.", "EMAIL": "n.d.", "EMAIL2": "n.d.", "SITO_WEB": "n.d.", "GOOGLEMAPS": "https://www.google.com/maps/search/Centro%20Anziani%20Corcolle%20Via%20Frontone%2C%20239%20Roma", "LAT": 41.901451, "LON": 12.7363051, "FIELD_16": "Funzionante", "FIELD_17": "n.d.", "FIELD_18": "Caldaia autonoma", "FIELD_19": "n.d.", "FIELD_20": "941", "FIELD_21": 0 }, "geometry": { "type": "Point", "coordinates": [ 12.7346604, 41.9054843 ] } },
{ "type": "Feature", "properties": { "fid": 129, "TIPO": "Centri Anziani (CSAQ)", "NOME": "Castro Pretorio Sallustiano", "INDIRIZZO": "Via Montebello, 70", "MUNICIPIO": "Municipio I", "ORARI": "n.d.", "CHIUSURA_E": "n.d.", "ACCESSIBIL": "n.d.", "ARIA_COND": "SI", "TELEFONO": "n.d.", "EMAIL": "n.d.", "EMAIL2": "n.d.", "SITO_WEB": "n.d.", "GOOGLEMAPS": "https://www.google.com/maps/search/Centro%20Anziani%20Castro%20Pretorio%20Sallustiano%20Via%20Montebello%2C%2070%20Roma", "LAT": 41.9055977, "LON": 12.5003433, "FIELD_16": "Funzionante", "FIELD_17": "n.d.", "FIELD_18": "n.d.", "FIELD_19": "n.d.", "FIELD_20": "381,60", "FIELD_21": 0 }, "geometry": { "type": "Point", "coordinates": [ 12.5003623, 41.9056187 ] } },
{ "type": "Feature", "properties": { "fid": 130, "TIPO": "Centri Anziani (CSAQ)", "NOME": "Angelo Emo", "INDIRIZZO": "Via Angelo Emo, 8", "MUNICIPIO": "Municipio I", "ORARI": "n.d.", "CHIUSURA_E": "n.d.", "ACCESSIBIL": "n.d.", "ARIA_COND": "SI", "TELEFONO": "n.d.", "EMAIL": "n.d.", "EMAIL2": "n.d.", "SITO_WEB": "n.d.", "GOOGLEMAPS": "https://www.google.com/maps/search/Centro%20Anziani%20Angelo%20Emo%20Via%20Angelo%20Emo%2C%208%20Roma", "LAT": 41.9063078, "LON": 12.4485377, "FIELD_16": "Parzialmente Funzionante", "FIELD_17": "n.d.", "FIELD_18": "n.d.", "FIELD_19": "n.d.", "FIELD_20": "n.d.", "FIELD_21": 0 }, "geometry": { "type": "Point", "coordinates": [ 12.4494832, 41.9069246 ] } },
{ "type": "Feature", "properties": { "fid": 131, "TIPO": "Centri Anziani (CSAQ)", "NOME": "Cornelia", "INDIRIZZO": "Via Cornelia, 86", "MUNICIPIO": "Municipio XIII", "ORARI": "n.d.", "CHIUSURA_E": "n.d.", "ACCESSIBIL": "n.d.", "ARIA_COND": "SI", "TELEFONO": "340 851 2519", "EMAIL": "tomassettimauro54@gmail.com", "EMAIL2": "n.d.", "SITO_WEB": "n.d.", "GOOGLEMAPS": "https://www.google.com/maps/search/Centro%20Anziani%20Cornelia%20Via%20Cornelia%2C%2086%20Roma", "LAT": 41.906782, "LON": 12.3938647, "FIELD_16": "Funzionante", "FIELD_17": "n.d.", "FIELD_18": "Caldaia murale gas 24 kW", "FIELD_19": "Mauro Tomassetti", "FIELD_20": "n.d.", "FIELD_21": 0 }, "geometry": { "type": "Point", "coordinates": [ 12.3957771, 41.90786 ] } },
{ "type": "Feature", "properties": { "fid": 132, "TIPO": "Centri Anziani (CSAQ)", "NOME": "Nuova Ponte di Nona", "INDIRIZZO": "Via Guido Corbellini, 37", "MUNICIPIO": "Municipio VI", "ORARI": "n.d.", "CHIUSURA_E": "n.d.", "ACCESSIBIL": "n.d.", "ARIA_COND": "SI", "TELEFONO": "n.d.", "EMAIL": "n.d.", "EMAIL2": "n.d.", "SITO_WEB": "n.d.", "GOOGLEMAPS": "https://www.google.com/maps/search/Centro%20Anziani%20Nuova%20Ponte%20di%20Nona%20Via%20Guido%20Corbellini%2C%2037%20Roma", "LAT": 41.9083805, "LON": 12.6645335, "FIELD_16": "Funzionante", "FIELD_17": "n.d.", "FIELD_18": "Caldaia autonoma", "FIELD_19": "n.d.", "FIELD_20": "n.d.", "FIELD_21": 0 }, "geometry": { "type": "Point", "coordinates": [ 12.663586, 41.9084033 ] } },
{ "type": "Feature", "properties": { "fid": 133, "TIPO": "Centri Anziani (CSAQ)", "NOME": "Casal Bruciato", "INDIRIZZO": "Via Luigi Cesana, 30, Roma", "MUNICIPIO": "Municipio IV", "ORARI": "n.d.", "CHIUSURA_E": "n.d.", "ACCESSIBIL": "n.d.", "ARIA_COND": "SI", "TELEFONO": "n.d.", "EMAIL": "n.d.", "EMAIL2": "n.d.", "SITO_WEB": "n.d.", "GOOGLEMAPS": "https://www.google.com/maps/search/Centro%20Anziani%20Casal%20Bruciato%20Via%20L.%20Cesana%2C%2030%20Roma", "LAT": 41.9091745, "LON": 12.5530165, "FIELD_16": "n.d.", "FIELD_17": "n.d.", "FIELD_18": "n.d.", "FIELD_19": "n.d.", "FIELD_20": "n.d.", "FIELD_21": 0 }, "geometry": { "type": "Point", "coordinates": [ 12.5531326, 41.9089597 ] } },
{ "type": "Feature", "properties": { "fid": 134, "TIPO": "Centri Anziani (CSAQ)", "NOME": "Pineta Sacchetti", "INDIRIZZO": "Via Innocenzo IV, 16/b", "MUNICIPIO": "Municipio XIII", "ORARI": "n.d.", "CHIUSURA_E": "n.d.", "ACCESSIBIL": "n.d.", "ARIA_COND": "SI", "TELEFONO": "340 851 2519", "EMAIL": "tomassettimauro54@gmail.com", "EMAIL2": "n.d.", "SITO_WEB": "n.d.", "GOOGLEMAPS": "https://www.google.com/maps/search/Centro%20Anziani%20Pineta%20Sacchetti%20Via%20Innocenzo%20IV%2C%2016/b%20Roma", "LAT": 41.9097892, "LON": 12.4210348, "FIELD_16": "Funzionante", "FIELD_17": "n.d.", "FIELD_18": "Caldaia murale gas 24 kW", "FIELD_19": "Mauro Tomassetti", "FIELD_20": "n.d.", "FIELD_21": 0 }, "geometry": { "type": "Point", "coordinates": [ 12.4211262, 41.9095594 ] } },
{ "type": "Feature", "properties": { "fid": 135, "TIPO": "Centri Anziani (CSAQ)", "NOME": "Colli Aniene", "INDIRIZZO": "Via Meuccio Ruini, 45, Roma", "MUNICIPIO": "Municipio IV", "ORARI": "n.d.", "CHIUSURA_E": "n.d.", "ACCESSIBIL": "n.d.", "ARIA_COND": "SI", "TELEFONO": "n.d.", "EMAIL": "n.d.", "EMAIL2": "n.d.", "SITO_WEB": "n.d.", "GOOGLEMAPS": "https://www.google.com/maps/search/Centro%20Anziani%20Colli%20Aniene%20Via%20M.%20Ruini%2C%2045%20Roma", "LAT": 41.9103824, "LON": 12.5749327, "FIELD_16": "n.d.", "FIELD_17": "n.d.", "FIELD_18": "n.d.", "FIELD_19": "n.d.", "FIELD_20": "390", "FIELD_21": 0 }, "geometry": { "type": "Point", "coordinates": [ 12.5749086, 41.9103525 ] } },
{ "type": "Feature", "properties": { "fid": 136, "TIPO": "Centri Anziani (CSAQ)", "NOME": "Fabio Di Lorenzo", "INDIRIZZO": "Via Boemondo, 7/a", "MUNICIPIO": "Municipio II", "ORARI": "n.d.", "CHIUSURA_E": "n.d.", "ACCESSIBIL": "n.d.", "ARIA_COND": "SI", "TELEFONO": "n.d.", "EMAIL": "n.d.", "EMAIL2": "n.d.", "SITO_WEB": "n.d.", "GOOGLEMAPS": "https://www.google.com/maps/search/Centro%20Anziani%20Fabio%20Di%20Lorenzo%20Via%20Boemondo%2C%207/a%20Roma", "LAT": 41.9110916, "LON": 12.5263696, "FIELD_16": "Funzionante", "FIELD_17": "n.d.", "FIELD_18": "Mono-split", "FIELD_19": "n.d.", "FIELD_20": "n.d.", "FIELD_21": 0 }, "geometry": { "type": "Point", "coordinates": [ 12.5264578, 41.9111005 ] } },
{ "type": "Feature", "properties": { "fid": 137, "TIPO": "Centri Anziani (CSAQ)", "NOME": "Vito Federici", "INDIRIZZO": "Via Casalbordino, 31", "MUNICIPIO": "Municipio V", "ORARI": "n.d.", "CHIUSURA_E": "n.d.", "ACCESSIBIL": "n.d.", "ARIA_COND": "SI", "TELEFONO": "n.d.", "EMAIL": "n.d.", "EMAIL2": "n.d.", "SITO_WEB": "n.d.", "GOOGLEMAPS": "https://www.google.com/maps/search/Centro%20Anziani%20Vito%20Federici%20Via%20Casalbordino%2C%2031%20Roma", "LAT": 41.9113928, "LON": 12.6141171, "FIELD_16": "Funzionante", "FIELD_17": "n.d.", "FIELD_18": "n.d.", "FIELD_19": "n.d.", "FIELD_20": "n.d.", "FIELD_21": 0 }, "geometry": { "type": "Point", "coordinates": [ 12.6129839, 41.912274 ] } },
{ "type": "Feature", "properties": { "fid": 138, "TIPO": "Centri Anziani (CSAQ)", "NOME": "Ventura", "INDIRIZZO": "Via Gioacchino Ventura, 60", "MUNICIPIO": "Municipio XIV", "ORARI": "n.d.", "CHIUSURA_E": "n.d.", "ACCESSIBIL": "n.d.", "ARIA_COND": "SI", "TELEFONO": "n.d.", "EMAIL": "n.d.", "EMAIL2": "n.d.", "SITO_WEB": "n.d.", "GOOGLEMAPS": "https://www.google.com/maps/search/Centro%20Anziani%20Ventura%20Via%20Gioacchino%20Ventura%2C%2060%20Roma", "LAT": 41.9137123, "LON": 12.4267109, "FIELD_16": "Funzionante", "FIELD_17": "n.d.", "FIELD_18": "n.d.", "FIELD_19": "n.d.", "FIELD_20": "n.d.", "FIELD_21": 0 }, "geometry": { "type": "Point", "coordinates": [ 12.4251507, 41.9138465 ] } },
{ "type": "Feature", "properties": { "fid": 139, "TIPO": "Centri Anziani (CSAQ)", "NOME": "Cecchina Aguzzano", "INDIRIZZO": "Via Nomentana, 952", "MUNICIPIO": "Municipio III", "ORARI": "n.d.", "CHIUSURA_E": "n.d.", "ACCESSIBIL": "n.d.", "ARIA_COND": "SI", "TELEFONO": "n.d.", "EMAIL": "n.d.", "EMAIL2": "n.d.", "SITO_WEB": "n.d.", "GOOGLEMAPS": "https://www.google.com/maps/search/Centro%20Anziani%20Cecchina%20Aguzzano%20Via%20Nomentana%2C%20952%20Roma", "LAT": 41.944428, "LON": 12.5608924, "FIELD_16": "Parzialmente Funzionante", "FIELD_17": "n.d.", "FIELD_18": "Pompa di calore (6)", "FIELD_19": "n.d.", "FIELD_20": "n.d.", "FIELD_21": 0 }, "geometry": { "type": "Point", "coordinates": [ 12.5101329, 41.9151728 ] } },
{ "type": "Feature", "properties": { "fid": 140, "TIPO": "Centri Anziani (CSAQ)", "NOME": "Casalotti", "INDIRIZZO": "Via Gattico, 9", "MUNICIPIO": "Municipio XIII", "ORARI": "n.d.", "CHIUSURA_E": "n.d.", "ACCESSIBIL": "n.d.", "ARIA_COND": "SI", "TELEFONO": "340 851 2519", "EMAIL": "tomassettimauro54@gmail.com", "EMAIL2": "n.d.", "SITO_WEB": "n.d.", "GOOGLEMAPS": "https://www.google.com/maps/search/Centro%20Anziani%20Casalotti%20Via%20Gattico%2C%209%20Roma", "LAT": 41.9154169, "LON": 12.3697902, "FIELD_16": "Funzionante", "FIELD_17": "n.d.", "FIELD_18": "Presente (dati n.d.)", "FIELD_19": "Mauro Tomassetti", "FIELD_20": "526,40", "FIELD_21": 0 }, "geometry": { "type": "Point", "coordinates": [ 12.3697825, 41.9154308 ] } },
{ "type": "Feature", "properties": { "fid": 141, "TIPO": "Centri Anziani (CSAQ)", "NOME": "Ponte", "INDIRIZZO": "Via Sabotino, 7", "MUNICIPIO": "Municipio I", "ORARI": "n.d.", "CHIUSURA_E": "n.d.", "ACCESSIBIL": "n.d.", "ARIA_COND": "SI", "TELEFONO": "n.d.", "EMAIL": "n.d.", "EMAIL2": "n.d.", "SITO_WEB": "n.d.", "GOOGLEMAPS": "https://www.google.com/maps/search/Centro%20Anziani%20Ponte%20Via%20Sabotino%2C%207%20Roma", "LAT": 41.9174318, "LON": 12.4601252, "FIELD_16": "Funzionante", "FIELD_17": "n.d.", "FIELD_18": "n.d.", "FIELD_19": "n.d.", "FIELD_20": "n.d.", "FIELD_21": 0 }, "geometry": { "type": "Point", "coordinates": [ 12.4615655, 41.9165232 ] } },
{ "type": "Feature", "properties": { "fid": 142, "TIPO": "Centri Anziani (CSAQ)", "NOME": "Pietralata", "INDIRIZZO": "Via Pomona, 59", "MUNICIPIO": "Municipio IV", "ORARI": "n.d.", "CHIUSURA_E": "n.d.", "ACCESSIBIL": "n.d.", "ARIA_COND": "SI", "TELEFONO": "n.d.", "EMAIL": "n.d.", "EMAIL2": "n.d.", "SITO_WEB": "n.d.", "GOOGLEMAPS": "https://www.google.com/maps/search/Centro%20Anziani%20Pietralata%20Via%20Pomona%2C%2059%20Roma", "LAT": 41.9162595, "LON": 12.552055, "FIELD_16": "n.d.", "FIELD_17": "n.d.", "FIELD_18": "n.d.", "FIELD_19": "n.d.", "FIELD_20": "n.d.", "FIELD_21": 0 }, "geometry": { "type": "Point", "coordinates": [ 12.5541249, 41.9168832 ] } },
{ "type": "Feature", "properties": { "fid": 143, "TIPO": "Centri Anziani (CSAQ)", "NOME": "Torrevecchia", "INDIRIZZO": "Via Cristoforo Numai, 51", "MUNICIPIO": "Municipio XIII", "ORARI": "n.d.", "CHIUSURA_E": "n.d.", "ACCESSIBIL": "n.d.", "ARIA_COND": "SI", "TELEFONO": "340 851 2519", "EMAIL": "tomassettimauro54@gmail.com", "EMAIL2": "n.d.", "SITO_WEB": "n.d.", "GOOGLEMAPS": "https://www.google.com/maps/search/Centro%20Anziani%20Torrevecchia%20Via%20Cristoforo%20Numai%2C%2051%20Roma", "LAT": 41.9174651, "LON": 12.4064673, "FIELD_16": "difettosi (manca gas che è di tipo troppo vecchio)", "FIELD_17": "1 unità funzionante + 3 non funzionanti", "FIELD_18": "2 caldaie murali gas 24 kW", "FIELD_19": "Mauro Tomassetti", "FIELD_20": "n.d.", "FIELD_21": 0 }, "geometry": { "type": "Point", "coordinates": [ 12.4070727, 41.9171743 ] } },
{ "type": "Feature", "properties": { "fid": 144, "TIPO": "Centri Anziani (CSAQ)", "NOME": "Primo Maggio", "INDIRIZZO": "Via Delle Messi D’oro, 214", "MUNICIPIO": "Municipio IV", "ORARI": "n.d.", "CHIUSURA_E": "n.d.", "ACCESSIBIL": "n.d.", "ARIA_COND": "SI", "TELEFONO": "n.d.", "EMAIL": "n.d.", "EMAIL2": "n.d.", "SITO_WEB": "n.d.", "GOOGLEMAPS": "https://www.google.com/maps/search/Centro%20Anziani%20Primo%20Maggio%20Via%20Delle%20Messi%20D%E2%80%99oro%2C%20214%20Roma", "LAT": 41.916173, "LON": 12.5614045, "FIELD_16": "n.d.", "FIELD_17": "n.d.", "FIELD_18": "n.d.", "FIELD_19": "n.d.", "FIELD_20": "229", "FIELD_21": 0 }, "geometry": { "type": "Point", "coordinates": [ 12.5577072, 41.923352 ] } },
{ "type": "Feature", "properties": { "fid": 145, "TIPO": "Centri Anziani (CSAQ)", "NOME": "Fili d'Argento Villa Leopardi", "INDIRIZZO": "Via Makallè, 9", "MUNICIPIO": "Municipio II", "ORARI": "n.d.", "CHIUSURA_E": "n.d.", "ACCESSIBIL": "n.d.", "ARIA_COND": "SI", "TELEFONO": "n.d.", "EMAIL": "n.d.", "EMAIL2": "n.d.", "SITO_WEB": "n.d.", "GOOGLEMAPS": "https://www.google.com/maps/search/Centro%20Anziani%20Fili%20d%27Argento%20Villa%20Leopardi%20Via%20Makall%C3%A8%2C%209%20Roma", "LAT": 41.9273363, "LON": 12.521746, "FIELD_16": "Parzialmente Funzionante", "FIELD_17": "n.d.", "FIELD_18": "Mono-split", "FIELD_19": "n.d.", "FIELD_20": "n.d.", "FIELD_21": 0 }, "geometry": { "type": "Point", "coordinates": [ 12.5214932, 41.9272832 ] } },
{ "type": "Feature", "properties": { "fid": 146, "TIPO": "Centri Anziani (CSAQ)", "NOME": "Morsasco", "INDIRIZZO": "Via Morsasco, 9", "MUNICIPIO": "Municipio XIV", "ORARI": "n.d.", "CHIUSURA_E": "n.d.", "ACCESSIBIL": "n.d.", "ARIA_COND": "SI", "TELEFONO": "n.d.", "EMAIL": "n.d.", "EMAIL2": "n.d.", "SITO_WEB": "n.d.", "GOOGLEMAPS": "https://www.google.com/maps/search/Centro%20Anziani%20Morsasco%20Via%20Morsasco%2C%209%20Roma", "LAT": 41.9262532, "LON": 12.3617594, "FIELD_16": "Funzionante", "FIELD_17": "n.d.", "FIELD_18": "n.d.", "FIELD_19": "n.d.", "FIELD_20": "n.d.", "FIELD_21": 0 }, "geometry": { "type": "Point", "coordinates": [ 12.3629681, 41.9277826 ] } },
{ "type": "Feature", "properties": { "fid": 147, "TIPO": "Centri Anziani (CSAQ)", "NOME": "Villaggio Olimpico", "INDIRIZZO": "Via degli Olimpionici, 19, Roma", "MUNICIPIO": "Municipio II", "ORARI": "n.d.", "CHIUSURA_E": "n.d.", "ACCESSIBIL": "n.d.", "ARIA_COND": "SI", "TELEFONO": "n.d.", "EMAIL": "n.d.", "EMAIL2": "n.d.", "SITO_WEB": "n.d.", "GOOGLEMAPS": "https://www.google.com/maps/search/Centro%20Anziani%20Villaggio%20Olimpico%20Via%20degli%20OIimpionici%2C%2019%20Roma", "LAT": 41.9343502, "LON": 12.4703129, "FIELD_16": "Insufficiente in alcuni ambienti", "FIELD_17": "n.d.", "FIELD_18": "Mono-split", "FIELD_19": "n.d.", "FIELD_20": "~2000", "FIELD_21": 0 }, "geometry": { "type": "Point", "coordinates": [ 12.4732827, 41.9344469 ] } },
{ "type": "Feature", "properties": { "fid": 148, "TIPO": "Centri Anziani (CSAQ)", "NOME": "Ottavia", "INDIRIZZO": "Via Trionfale, 11556", "MUNICIPIO": "Municipio XIV", "ORARI": "n.d.", "CHIUSURA_E": "n.d.", "ACCESSIBIL": "n.d.", "ARIA_COND": "SI", "TELEFONO": "n.d.", "EMAIL": "n.d.", "EMAIL2": "n.d.", "SITO_WEB": "n.d.", "GOOGLEMAPS": "https://www.google.com/maps/search/Centro%20Anziani%20Ottavia%20Via%20Trionfale%2C%2011556%20Roma", "LAT": 41.9622229, "LON": 12.4090279, "FIELD_16": "Funzionante", "FIELD_17": "n.d.", "FIELD_18": "n.d.", "FIELD_19": "n.d.", "FIELD_20": "n.d.", "FIELD_21": 0 }, "geometry": { "type": "Point", "coordinates": [ 12.4330514, 41.9348857 ] } },
{ "type": "Feature", "properties": { "fid": 149, "TIPO": "Centri Anziani (CSAQ)", "NOME": "Farnesina", "INDIRIZZO": "Via della Farnesina, 53", "MUNICIPIO": "Municipio XV", "ORARI": "n.d.", "CHIUSURA_E": "n.d.", "ACCESSIBIL": "n.d.", "ARIA_COND": "SI", "TELEFONO": "n.d.", "EMAIL": "n.d.", "EMAIL2": "n.d.", "SITO_WEB": "n.d.", "GOOGLEMAPS": "https://www.google.com/maps/search/Centro%20Anziani%20Farnesina%20Via%20della%20Farnesina%2C%2053%20Roma", "LAT": 41.9395046, "LON": 12.4615248, "FIELD_16": "Funzionante", "FIELD_17": "n.d.", "FIELD_18": "n.d.", "FIELD_19": "n.d.", "FIELD_20": "n.d.", "FIELD_21": 0 }, "geometry": { "type": "Point", "coordinates": [ 12.4624076, 41.9394773 ] } },
{ "type": "Feature", "properties": { "fid": 150, "TIPO": "Centri Anziani (CSAQ)", "NOME": "Casal Tidei", "INDIRIZZO": "Via Pollenza, 75, Roma", "MUNICIPIO": "Municipio IV", "ORARI": "n.d.", "CHIUSURA_E": "n.d.", "ACCESSIBIL": "n.d.", "ARIA_COND": "SI", "TELEFONO": "06 4112954", "EMAIL": "csa.casaltidei@hotmail.com", "EMAIL2": "n.d.", "SITO_WEB": "n.d.", "GOOGLEMAPS": "https://www.google.com/maps/search/Centro%20Anziani%20Casal%20Tidei%20Via%20Pollenza%20Snc%20Roma", "LAT": 41.9431433, "LON": 12.5765447, "FIELD_16": "n.d.", "FIELD_17": "n.d.", "FIELD_18": "n.d.", "FIELD_19": "Antonio Terlizzi", "FIELD_20": "129,10", "FIELD_21": 0 }, "geometry": { "type": "Point", "coordinates": [ 12.5769339, 41.9435938 ] } },
{ "type": "Feature", "properties": { "fid": 151, "TIPO": "Centri Anziani (CSAQ)", "NOME": "Nuovi Orizzonti", "INDIRIZZO": "Via Frescobaldi, 20", "MUNICIPIO": "Municipio II", "ORARI": "n.d.", "CHIUSURA_E": "n.d.", "ACCESSIBIL": "n.d.", "ARIA_COND": "SI", "TELEFONO": "n.d.", "EMAIL": "n.d.", "EMAIL2": "n.d.", "SITO_WEB": "n.d.", "GOOGLEMAPS": "https://www.google.com/maps/search/Centro%20Anziani%20Nuovi%20Orizzonti%20Via%20Frescobaldi%2C%2020%20Roma", "LAT": 41.9176956, "LON": 12.4910147, "FIELD_16": "Funzionante", "FIELD_17": "n.d.", "FIELD_18": "Mono-split", "FIELD_19": "n.d.", "FIELD_20": "n.d.", "FIELD_21": 0 }, "geometry": { "type": "Point", "coordinates": [ 12.5492667, 41.9482039 ] } },
{ "type": "Feature", "properties": { "fid": 152, "TIPO": "Centri Anziani (CSAQ)", "NOME": "Talenti", "INDIRIZZO": "Via Renato Fucini, 265", "MUNICIPIO": "Municipio III", "ORARI": "n.d.", "CHIUSURA_E": "n.d.", "ACCESSIBIL": "n.d.", "ARIA_COND": "SI", "TELEFONO": "n.d.", "EMAIL": "n.d.", "EMAIL2": "n.d.", "SITO_WEB": "n.d.", "GOOGLEMAPS": "https://www.google.com/maps/search/Centro%20Anziani%20Talenti%20Via%20Renato%20Fucini%2C%20265%20Roma", "LAT": 41.9479078, "LON": 12.5521029, "FIELD_16": "Parzialmente Funzionante", "FIELD_17": "n.d.", "FIELD_18": "Pompa di calore (4)", "FIELD_19": "n.d.", "FIELD_20": "283", "FIELD_21": 0 }, "geometry": { "type": "Point", "coordinates": [ 12.5501517, 41.948799 ] } },
{ "type": "Feature", "properties": { "fid": 153, "TIPO": "Centri Anziani (CSAQ)", "NOME": "Pertini", "INDIRIZZO": "Via Dina Galli, 4", "MUNICIPIO": "Municipio III", "ORARI": "n.d.", "CHIUSURA_E": "n.d.", "ACCESSIBIL": "n.d.", "ARIA_COND": "SI", "TELEFONO": "n.d.", "EMAIL": "n.d.", "EMAIL2": "n.d.", "SITO_WEB": "n.d.", "GOOGLEMAPS": "https://www.google.com/maps/search/Centro%20Anziani%20Pertini%20Via%20Dina%20Galli%2C%204%20Roma", "LAT": 41.95486, "LON": 12.5334906, "FIELD_16": "Parzialmente Funzionante", "FIELD_17": "n.d.", "FIELD_18": "Split a parete (4)", "FIELD_19": "n.d.", "FIELD_20": "n.d.", "FIELD_21": 0 }, "geometry": { "type": "Point", "coordinates": [ 12.5332509, 41.955333 ] } },
{ "type": "Feature", "properties": { "fid": 154, "TIPO": "Centri Anziani (CSAQ)", "NOME": "Cassia", "INDIRIZZO": "Via Cassia, 1686", "MUNICIPIO": "Municipio XV", "ORARI": "n.d.", "CHIUSURA_E": "n.d.", "ACCESSIBIL": "n.d.", "ARIA_COND": "SI", "TELEFONO": "n.d.", "EMAIL": "n.d.", "EMAIL2": "n.d.", "SITO_WEB": "n.d.", "GOOGLEMAPS": "https://www.google.com/maps/search/Centro%20Anziani%20Cassia%20Via%20Cassia%2C%201686%20Roma", "LAT": 42.0035982, "LON": 12.3821372, "FIELD_16": "Parzialmente Funzionante", "FIELD_17": "n.d.", "FIELD_18": "n.d.", "FIELD_19": "n.d.", "FIELD_20": "256,80", "FIELD_21": 0 }, "geometry": { "type": "Point", "coordinates": [ 12.4543958, 41.9581486 ] } },
{ "type": "Feature", "properties": { "fid": 155, "TIPO": "Centri Anziani (CSAQ)", "NOME": "Cifariello", "INDIRIZZO": "Via Cifariello, 1", "MUNICIPIO": "Municipio III", "ORARI": "n.d.", "CHIUSURA_E": "n.d.", "ACCESSIBIL": "n.d.", "ARIA_COND": "SI", "TELEFONO": "n.d.", "EMAIL": "n.d.", "EMAIL2": "n.d.", "SITO_WEB": "n.d.", "GOOGLEMAPS": "https://www.google.com/maps/search/Centro%20Anziani%20Cifariello%20Via%20Cifariello%2C%201%20Roma", "LAT": 41.9612484, "LON": 12.5373768, "FIELD_16": "Funzionante", "FIELD_17": "n.d.", "FIELD_18": "Split a parete (3)", "FIELD_19": "n.d.", "FIELD_20": "n.d.", "FIELD_21": 0 }, "geometry": { "type": "Point", "coordinates": [ 12.5377775, 41.9605061 ] } },
{ "type": "Feature", "properties": { "fid": 156, "TIPO": "Centri Anziani (CSAQ)", "NOME": "Serpentara", "INDIRIZZO": "Via Pasquariello, 26", "MUNICIPIO": "Municipio III", "ORARI": "n.d.", "CHIUSURA_E": "n.d.", "ACCESSIBIL": "n.d.", "ARIA_COND": "SI", "TELEFONO": "n.d.", "EMAIL": "n.d.", "EMAIL2": "n.d.", "SITO_WEB": "n.d.", "GOOGLEMAPS": "https://www.google.com/maps/search/Centro%20Anziani%20Serpentara%20Via%20Pasquariello%2C%2026%20Roma", "LAT": 41.9625759, "LON": 12.5166914, "FIELD_16": "Parzialmente Funzionante", "FIELD_17": "n.d.", "FIELD_18": "Pompa di calore (5)", "FIELD_19": "n.d.", "FIELD_20": "107", "FIELD_21": 0 }, "geometry": { "type": "Point", "coordinates": [ 12.5164459, 41.9638266 ] } },
{ "type": "Feature", "properties": { "fid": 157, "TIPO": "Centri Anziani (CSAQ)", "NOME": "Settebagni", "INDIRIZZO": "Via Di Settebagni, 294", "MUNICIPIO": "Municipio III", "ORARI": "n.d.", "CHIUSURA_E": "n.d.", "ACCESSIBIL": "n.d.", "ARIA_COND": "SI", "TELEFONO": "n.d.", "EMAIL": "n.d.", "EMAIL2": "n.d.", "SITO_WEB": "n.d.", "GOOGLEMAPS": "https://www.google.com/maps/search/Centro%20Anziani%20Settebagni%20Via%20Di%20Settebagni%2C%20294%20Roma", "LAT": 41.9663039, "LON": 12.548774, "FIELD_16": "Parzialmente Funzionante", "FIELD_17": "n.d.", "FIELD_18": "Pompa di calore (3)", "FIELD_19": "n.d.", "FIELD_20": "128", "FIELD_21": 0 }, "geometry": { "type": "Point", "coordinates": [ 12.5485122, 41.9661334 ] } },
{ "type": "Feature", "properties": { "fid": 158, "TIPO": "Centri Anziani (CSAQ)", "NOME": "Santa Felicita", "INDIRIZZO": "Largo Santa Felicita, 22", "MUNICIPIO": "Municipio III", "ORARI": "n.d.", "CHIUSURA_E": "n.d.", "ACCESSIBIL": "n.d.", "ARIA_COND": "SI", "TELEFONO": "n.d.", "EMAIL": "n.d.", "EMAIL2": "n.d.", "SITO_WEB": "n.d.", "GOOGLEMAPS": "https://www.google.com/maps/search/Centro%20Anziani%20Santa%20Felicita%20Largo%20Santa%20Felicita%2C%2022%20Roma", "LAT": 41.9743474, "LON": 12.515034, "FIELD_16": "Funzionante", "FIELD_17": "n.d.", "FIELD_18": "Presenti", "FIELD_19": "n.d.", "FIELD_20": "n.d.", "FIELD_21": 0 }, "geometry": { "type": "Point", "coordinates": [ 12.5147356, 41.974422 ] } },
{ "type": "Feature", "properties": { "fid": 159, "TIPO": "Centri Anziani (CSAQ)", "NOME": "San Giusto", "INDIRIZZO": "Largo Monte San Giusto, 13", "MUNICIPIO": "Municipio III", "ORARI": "n.d.", "CHIUSURA_E": "n.d.", "ACCESSIBIL": "n.d.", "ARIA_COND": "SI", "TELEFONO": "n.d.", "EMAIL": "n.d.", "EMAIL2": "n.d.", "SITO_WEB": "n.d.", "GOOGLEMAPS": "https://www.google.com/maps/search/Centro%20Anziani%20San%20Giusto%20Largo%20Monte%20San%20Giusto%2C%2013%20Roma", "LAT": 41.9830756, "LON": 12.5118803, "FIELD_16": "Parzialmente Funzionante", "FIELD_17": "n.d.", "FIELD_18": "Presenti", "FIELD_19": "n.d.", "FIELD_20": "n.d.", "FIELD_21": 0 }, "geometry": { "type": "Point", "coordinates": [ 12.5112965, 41.982591 ] } },
{ "type": "Feature", "properties": { "fid": 160, "TIPO": "Centri Anziani (CSAQ)", "NOME": "Monte Mario", "INDIRIZZO": "Via Trionfale, 9089", "MUNICIPIO": "Municipio XIV", "ORARI": "n.d.", "CHIUSURA_E": "n.d.", "ACCESSIBIL": "n.d.", "ARIA_COND": "SI", "TELEFONO": "n.d.", "EMAIL": "n.d.", "EMAIL2": "n.d.", "SITO_WEB": "n.d.", "GOOGLEMAPS": "https://www.google.com/maps/search/Centro%20Anziani%20Monte%20Mario%20Via%20Trionfale%2C%209089%20Roma", "LAT": 41.942217, "LON": 12.4195527, "FIELD_16": "Funzionante", "FIELD_17": "n.d.", "FIELD_18": "n.d.", "FIELD_19": "n.d.", "FIELD_20": "n.d.", "FIELD_21": 0 }, "geometry": { "type": "Point", "coordinates": [ 12.4075896, 41.9828854 ] } },
{ "type": "Feature", "properties": { "fid": 161, "TIPO": "Centri Anziani (CSAQ)", "NOME": "Valle Muricana", "INDIRIZZO": "Via Pegognaga, 5", "MUNICIPIO": "Municipio XV", "ORARI": "n.d.", "CHIUSURA_E": "n.d.", "ACCESSIBIL": "n.d.", "ARIA_COND": "SI", "TELEFONO": "n.d.", "EMAIL": "n.d.", "EMAIL2": "n.d.", "SITO_WEB": "n.d.", "GOOGLEMAPS": "https://www.google.com/maps/search/Centro%20Anziani%20Valle%20Muricana%20Via%20Pegognaga%2C%205%20Roma", "LAT": 42.0377501, "LON": 12.4667101, "FIELD_16": "Funzionante", "FIELD_17": "n.d.", "FIELD_18": "n.d.", "FIELD_19": "n.d.", "FIELD_20": "n.d.", "FIELD_21": 0 }, "geometry": { "type": "Point", "coordinates": [ 12.4669572, 42.0382207 ] } },
{ "type": "Feature", "properties": { "fid": 162, "TIPO": "Centri Anziani (CSAQ)", "NOME": "Castel Giubileo-Settebagni", "INDIRIZZO": "Via Salaria, 1177", "MUNICIPIO": "Municipio III", "ORARI": "n.d.", "CHIUSURA_E": "n.d.", "ACCESSIBIL": "n.d.", "ARIA_COND": "SI", "TELEFONO": "n.d.", "EMAIL": "n.d.", "EMAIL2": "n.d.", "SITO_WEB": "n.d.", "GOOGLEMAPS": "https://www.google.com/maps/search/Centro%20Anziani%20Castel%20Giubileo-Settebagni%20Via%20Salaria%2C%201177%20Roma", "LAT": 41.984168, "LON": 12.5080224, "FIELD_16": "Parzialmente Funzionante", "FIELD_17": "n.d.", "FIELD_18": "Pompa di calore (6)", "FIELD_19": "n.d.", "FIELD_20": "197,60", "FIELD_21": 0 }, "geometry": { "type": "Point", "coordinates": [ 12.5714106, 42.0488415 ] } },
{ "type": "Feature", "properties": { "fid": 163, "TIPO": "Centri Anziani (CSAQ)", "NOME": "Cesano", "INDIRIZZO": "Via Orrea, 25", "MUNICIPIO": "Municipio XV", "ORARI": "n.d.", "CHIUSURA_E": "n.d.", "ACCESSIBIL": "n.d.", "ARIA_COND": "SI", "TELEFONO": "n.d.", "EMAIL": "n.d.", "EMAIL2": "n.d.", "SITO_WEB": "n.d.", "GOOGLEMAPS": "https://www.google.com/maps/search/Centro%20Anziani%20Cesano%20Via%20Orrea%2C%2025%20Roma", "LAT": 42.0713841, "LON": 12.337154, "FIELD_16": "Funzionante", "FIELD_17": "n.d.", "FIELD_18": "n.d.", "FIELD_19": "n.d.", "FIELD_20": "n.d.", "FIELD_21": 0 }, "geometry": { "type": "Point", "coordinates": [ 12.3370706, 42.0708998 ] } },
{ "type": "Feature", "properties": { "fid": 164, "TIPO": "Centri Anziani (CSAQ)", "NOME": "S. Felice Circeo", "INDIRIZZO": "Via Cassia, 724", "MUNICIPIO": "Municipio XV", "ORARI": "n.d.", "CHIUSURA_E": "n.d.", "ACCESSIBIL": "n.d.", "ARIA_COND": "SI", "TELEFONO": "n.d.", "EMAIL": "n.d.", "EMAIL2": "n.d.", "SITO_WEB": "n.d.", "GOOGLEMAPS": "https://www.google.com/maps/search/Centro%20Anziani%20S.%20Felice%20Circeo%20Via%20Cassia%2C%20724%20Roma", "LAT": 42.0058364, "LON": 12.3794506, "FIELD_16": "Funzionante", "FIELD_17": "n.d.", "FIELD_18": "n.d.", "FIELD_19": "n.d.", "FIELD_20": "442", "FIELD_21": 0 }, "geometry": { "type": "Point", "coordinates": [ 12.3611376, 42.1276506 ] } },
{ "type": "Feature", "properties": { "fid": 165, "TIPO": "Centri Anziani (CSAQ)", "NOME": "Antiche Scuderie Villa Torlonia", "INDIRIZZO": "Via Spallanzani, 1", "MUNICIPIO": "Municipio II", "ORARI": "n.d.", "CHIUSURA_E": "n.d.", "ACCESSIBIL": "n.d.", "ARIA_COND": "SI", "TELEFONO": "0645590533\n", "EMAIL": "n.d.", "EMAIL2": "n.d.", "SITO_WEB": "https://www.facebook.com/centroanzianivillatorlonia/?locale=it_IT", "GOOGLEMAPS": "https://www.google.com/maps/search/Centro%20Anziani%20Antiche%20Scuderie%20Villa%20Torlonia%20Via%20Spallanzani%2C%201%20Roma", "LAT": 41.9132841, "LON": 12.5108691, "FIELD_16": "funzionante ma non idoneo", "FIELD_17": "n.d.", "FIELD_18": "Mono-split", "FIELD_19": "n.d.", "FIELD_20": "n.d.", "FIELD_21": 0 }, "geometry": { "type": "Point", "coordinates": [ 12.5099345, 41.9137928 ] } },
{ "type": "Feature", "properties": { "fid": 166, "TIPO": "Centri Anziani (CSAQ)", "NOME": "Piazza Ronca", "INDIRIZZO": "Piazza Giorgio Ronca, 22, Ostia, Roma", "MUNICIPIO": "Municipio X", "ORARI": "n.d.", "CHIUSURA_E": "n.d.", "ACCESSIBIL": "n.d.", "ARIA_COND": "SI", "TELEFONO": "n.d.", "EMAIL": "n.d.", "EMAIL2": "n.d.", "SITO_WEB": "n.d.", "GOOGLEMAPS": "https://www.google.com/maps/search/Centro%20Anziani%20Piazza%20Ronca%20Piazza%20G.%20Ronca%2C%2022%20Roma", "LAT": 41.7336928, "LON": 12.2866071, "FIELD_16": "Funzionante", "FIELD_17": "sembra che l'intero edificio sia privo di titolo abilitativo", "FIELD_18": "n.d.", "FIELD_19": "n.d.", "FIELD_20": "n.d.", "FIELD_21": 0 }, "geometry": { "type": "Point", "coordinates": [ 12.29971, 41.75844 ] } },
{ "type": "Feature", "properties": { "fid": 167, "TIPO": "Centri Anziani (CSAQ)", "NOME": "Casacalda", "INDIRIZZO": "Via Casacalda, 65, Roma", "MUNICIPIO": "Municipio V", "ORARI": "n.d.", "CHIUSURA_E": "n.d.", "ACCESSIBIL": "n.d.", "ARIA_COND": "SI", "TELEFONO": "n.d.", "EMAIL": "n.d.", "EMAIL2": "n.d.", "SITO_WEB": "n.d.", "GOOGLEMAPS": "https://www.google.com/maps/search/Centro%20Anziani%20Casacalda%20Via%20Casacalda%2C%2065%20Roma", "LAT": 41.8746325, "LON": 12.5930514, "FIELD_16": "Funzionante", "FIELD_17": "n.d.", "FIELD_18": "n.d.", "FIELD_19": "n.d.", "FIELD_20": "n.d.", "FIELD_21": 0 }, "geometry": { "type": "Point", "coordinates": [ 12.5935962, 41.8743319 ] } },
{ "type": "Feature", "properties": { "fid": 168, "TIPO": "Centri Anziani (CSAQ)", "NOME": "Sommergibile", "INDIRIZZO": "Via del Sommergibile, 71, Ostia, Roma", "MUNICIPIO": "Municipio X", "ORARI": "n.d.", "CHIUSURA_E": "n.d.", "ACCESSIBIL": "n.d.", "ARIA_COND": "SI", "TELEFONO": "n.d.", "EMAIL": "n.d.", "EMAIL2": "n.d.", "SITO_WEB": "n.d.", "GOOGLEMAPS": "https://www.google.com/maps/search/Centro%20Anziani%20Sommergibile%20Via%20del%20Sommergibile%2C%2071%20Roma", "LAT": 41.7371998, "LON": 12.2623816, "FIELD_16": "Funzionante", "FIELD_17": "n.d.", "FIELD_18": "n.d.", "FIELD_19": "n.d.", "FIELD_20": "271", "FIELD_21": 0 }, "geometry": { "type": "Point", "coordinates": [ 12.2618105, 41.7370518 ] } },
{ "type": "Feature", "properties": { "fid": 169, "TIPO": "Centri Anziani (CSAQ)", "NOME": "Romanina", "INDIRIZZO": "Via Gregoracci, 140, Roma", "MUNICIPIO": "Municipio VII", "ORARI": "n.d.", "CHIUSURA_E": "n.d.", "ACCESSIBIL": "n.d.", "ARIA_COND": "SI", "TELEFONO": "n.d.", "EMAIL": "n.d.", "EMAIL2": "n.d.", "SITO_WEB": "n.d.", "GOOGLEMAPS": "https://www.google.com/maps/search/Centro%20Anziani%20Romanina%20Via%20Gregoracci%2C%20140%20Roma", "LAT": 41.84691, "LON": 12.5996148, "FIELD_16": "Funzionante", "FIELD_17": "5 unità Vaillant", "FIELD_18": "n.d.", "FIELD_19": "n.d.", "FIELD_20": "511", "FIELD_21": 0 }, "geometry": { "type": "Point", "coordinates": [ 12.5995761, 41.8467516 ] } },
{ "type": "Feature", "properties": { "fid": 170, "TIPO": "Centri Anziani (CSAQ)", "NOME": "Montesacro", "INDIRIZZO": "Via Isolabella, 7, Roma", "MUNICIPIO": "Municipio III", "ORARI": "n.d.", "CHIUSURA_E": "n.d.", "ACCESSIBIL": "n.d.", "ARIA_COND": "SI", "TELEFONO": "n.d.", "EMAIL": "n.d.", "EMAIL2": "n.d.", "SITO_WEB": "n.d.", "GOOGLEMAPS": "https://www.google.com/maps/search/Centro%20Anziani%20Montesacro%20Via%20Isolabella%2C%207%20Roma", "LAT": 41.9379638, "LON": 12.5393695, "FIELD_16": "Funzionante", "FIELD_17": "n.d.", "FIELD_18": "Presenti", "FIELD_19": "n.d.", "FIELD_20": "n.d.", "FIELD_21": 0 }, "geometry": { "type": "Point", "coordinates": [ 12.5395882, 41.9377964 ] } },
{ "type": "Feature", "properties": { "fid": 171, "TIPO": "Centri Anziani (CSAQ)", "NOME": "Primavalle", "INDIRIZZO": "Via Ludovico Jacobini, 7, Roma", "MUNICIPIO": "Municipio XIV", "ORARI": "n.d.", "CHIUSURA_E": "n.d.", "ACCESSIBIL": "n.d.", "ARIA_COND": "SI", "TELEFONO": "n.d.", "EMAIL": "n.d.", "EMAIL2": "n.d.", "SITO_WEB": "n.d.", "GOOGLEMAPS": "https://www.google.com/maps/search/Centro%20Anziani%20Primavalle%20Via%20Ludovico%20Jacobini%2C%207%20Roma", "LAT": 41.9200324, "LON": 12.4147566, "FIELD_16": "Funzionante", "FIELD_17": "n.d.", "FIELD_18": "n.d.", "FIELD_19": "n.d.", "FIELD_20": "273", "FIELD_21": 0 }, "geometry": { "type": "Point", "coordinates": [ 12.4148736, 41.9200795 ] } },
{ "type": "Feature", "properties": { "fid": 172, "TIPO": "Centri Anziani (CSAQ)", "NOME": "Cinquina", "INDIRIZZO": "Via Pietro Serassi, 75, Roma", "MUNICIPIO": "Municipio III", "ORARI": "n.d.", "CHIUSURA_E": "n.d.", "ACCESSIBIL": "n.d.", "ARIA_COND": "SI", "TELEFONO": "n.d.", "EMAIL": "n.d.", "EMAIL2": "n.d.", "SITO_WEB": "n.d.", "GOOGLEMAPS": "https://www.google.com/maps/search/Centro%20Anziani%20Cinquina%20Via%20P.%20Serassi%2C%2075%20Roma", "LAT": 41.9788266, "LON": 12.5652397, "FIELD_16": "Funzionante", "FIELD_17": "n.d.", "FIELD_18": "Condizionatori (8)", "FIELD_19": "n.d.", "FIELD_20": "250", "FIELD_21": 0 }, "geometry": { "type": "Point", "coordinates": [ 12.5653736, 41.9782494 ] } },
{ "type": "Feature", "properties": { "fid": 173, "TIPO": "Centri Anziani (CSAQ)", "NOME": "Isola Farnese", "INDIRIZZO": "Borgo Isola Farnese, Roma", "MUNICIPIO": "Municipio XV", "ORARI": "n.d.", "CHIUSURA_E": "n.d.", "ACCESSIBIL": "n.d.", "ARIA_COND": "SI", "TELEFONO": "n.d.", "EMAIL": "n.d.", "EMAIL2": "n.d.", "SITO_WEB": "n.d.", "GOOGLEMAPS": "https://www.google.com/maps/search/Centro%20Anziani%20Isola%20Farnese%20Borgo%20Isola%20Farnese%20Roma", "LAT": 42.0167256, "LON": 12.3805774, "FIELD_16": "Funzionante", "FIELD_17": "n.d.", "FIELD_18": "n.d.", "FIELD_19": "n.d.", "FIELD_20": "272,15", "FIELD_21": 0 }, "geometry": { "type": "Point", "coordinates": [ 12.3865929, 42.0182299 ] } },
{ "type": "Feature", "properties": { "fid": 174, "TIPO": "Centri Anziani (CSAQ)", "NOME": "Prima Porta", "INDIRIZZO": "Via delle Galline Bianche, 81, Prima Porta, Roma", "MUNICIPIO": "Municipio XV", "ORARI": "n.d.", "CHIUSURA_E": "n.d.", "ACCESSIBIL": "n.d.", "ARIA_COND": "SI", "TELEFONO": "n.d.", "EMAIL": "n.d.", "EMAIL2": "n.d.", "SITO_WEB": "n.d.", "GOOGLEMAPS": "https://www.google.com/maps/search/Centro%20Anziani%20Prima%20Porta%20Via%20delle%20Galline%20Bianche%2C%2081%20Roma", "LAT": 41.9969412, "LON": 12.4900454, "FIELD_16": "Funzionante", "FIELD_17": "n.d.", "FIELD_18": "n.d.", "FIELD_19": "n.d.", "FIELD_20": "n.d.", "FIELD_21": 0 }, "geometry": { "type": "Point", "coordinates": [ 12.4917088, 41.9968084 ] } },
{ "type": "Feature", "properties": { "fid": 175, "TIPO": "Centri Anziani (CSAQ)", "NOME": "Esquilino", "INDIRIZZO": "Via di Santo Quintino, 11, Roma", "MUNICIPIO": "Municipio I", "ORARI": "n.d.", "CHIUSURA_E": "n.d.", "ACCESSIBIL": "n.d.", "ARIA_COND": "SI", "TELEFONO": "n.d.", "EMAIL": "n.d.", "EMAIL2": "n.d.", "SITO_WEB": "n.d.", "GOOGLEMAPS": "https://www.google.com/maps/search/Centro%20Anziani%20Esquilino%20Via%20di%20S.%20Quintino%2C%2011%20Roma", "LAT": 41.9069907, "LON": 12.4967068, "FIELD_16": "Parzialmente Funzionante", "FIELD_17": "n.d.", "FIELD_18": "n.d.", "FIELD_19": "n.d.", "FIELD_20": "n.d.", "FIELD_21": 0 }, "geometry": { "type": "Point", "coordinates": [ 12.5087843, 41.8902236 ] } },
{ "type": "Feature", "properties": { "fid": 176, "TIPO": "Centri Anziani (CSAQ)", "NOME": "Ostiense-Mercati Generali", "INDIRIZZO": "Via Felice Negri, Roma", "MUNICIPIO": "Municipio VIII", "ORARI": "n.d.", "CHIUSURA_E": "n.d.", "ACCESSIBIL": "n.d.", "ARIA_COND": "SI", "TELEFONO": "n.d.", "EMAIL": "n.d.", "EMAIL2": "n.d.", "SITO_WEB": "n.d.", "GOOGLEMAPS": "https://www.google.com/maps/search/Centro%20Anziani%20Ostiense-Mercati%20Generali%20Via%20F.%20Negri%20Roma", "LAT": 41.8967068, "LON": 12.4822025, "FIELD_16": "Parzialmente Funzionante", "FIELD_17": "n.d.", "FIELD_18": "n.d.", "FIELD_19": "n.d.", "FIELD_20": "n.d.", "FIELD_21": 0 }, "geometry": { "type": "Point", "coordinates": [ 12.4407301, 41.7765012 ] } },
{ "type": "Feature", "properties": { "fid": 177, "TIPO": "Centri Anziani (CSAQ)", "NOME": "Renato Annini", "INDIRIZZO": "Via Giovanni Cagliero, 20, Roma", "MUNICIPIO": "Municipio VII", "ORARI": "n.d.", "CHIUSURA_E": "n.d.", "ACCESSIBIL": "n.d.", "ARIA_COND": "SI", "TELEFONO": "n.d.", "EMAIL": "n.d.", "EMAIL2": "n.d.", "SITO_WEB": "n.d.", "GOOGLEMAPS": "https://www.google.com/maps/search/Centro%20Anziani%20Renato%20Annini%20Via%20G.%20Cagliero%2C%2020%20Roma", "LAT": 41.8761774, "LON": 12.5317034, "FIELD_16": "Parzialmente Funzionante", "FIELD_17": "3 unità Sanyo", "FIELD_18": "n.d.", "FIELD_19": "n.d.", "FIELD_20": "304", "FIELD_21": 0 }, "geometry": { "type": "Point", "coordinates": [ 12.530665, 41.8758129 ] } },
{ "type": "Feature", "properties": { "fid": 178, "TIPO": "Centri Anziani (CSAQ)", "NOME": "Ponte", "INDIRIZZO": "Corso Vittorio Emanuele II, 304", "MUNICIPIO": "I", "ORARI": "lun-sab 15:30-19:00", "CHIUSURA_E": "n.d.", "ACCESSIBIL": "n.d.", "ARIA_COND": "SI", "TELEFONO": "3288640627", "EMAIL": "n.d.", "EMAIL2": "n.d.", "SITO_WEB": "n.d.", "GOOGLEMAPS": "https://maps.app.goo.gl/TQFvyt6xhUQtD1UV9", "LAT": 41.899352425958305, "LON": 12.466325412672173, "FIELD_16": null, "FIELD_17": null, "FIELD_18": null, "FIELD_19": null, "FIELD_20": null, "FIELD_21": null }, "geometry": { "type": "Point", "coordinates": [ 12.4663599, 41.8993603 ] } },
{ "type": "Feature", "properties": { "fid": 179, "TIPO": "Aule Studio", "NOME": "Aula Studio Vigna Clara", "INDIRIZZO": "Via Flaminia Nuova, 204, 00191, Roma", "MUNICIPIO": "XV", "ORARI": "Lun-Ven 10:00-18:00", "CHIUSURA_E": "n.d.", "ACCESSIBIL": "Accessibile", "ARIA_COND": "SI", "TELEFONO": "0645460781", "EMAIL": "aulastudiovignaclara@bibliotechediroma.it", "EMAIL2": "n.d.", "SITO_WEB": "\thttps:\/\/www.bibliotechediroma.it\/opac\/library\/Aula%20Studio%20Vigna%20Clara\/RMB$B3STU", "GOOGLEMAPS": "https:\/\/maps.app.goo.gl\/61TKAW9fmer5SFP77", "LAT": 41.94936, "LON": 12.47097, "FIELD_16": "n.d.", "FIELD_17": "21", "FIELD_18": "SI", "FIELD_19": null, "FIELD_20": "Aula Civica", "FIELD_21": null }, "geometry": { "type": "Point", "coordinates": [ 12.471073703123171, 41.949295635703805 ] } }
]
}
